area,region,const,ConShare,LabShare,LibDemShare,GreenShare,ReformShare,PlaidShare,SNPShare,OthersShare,WinnerGE2024,SecondGE2024,YouGovCall,Winner margin,2019 v 2024 status,Win19 (nominal)
Melton and Syston,East Midlands,E14001357,37%,34%,7%,8%,13%,0%,0%,1%,Conservatives,Lab,Tossup,4%,Conservative hold,Conservatives
Grantham and Bourne,East Midlands,E14001253,39%,35%,6%,5%,14%,0%,0%,1%,Conservatives,Lab,Tossup,3%,Conservative hold,Conservatives
South Northamptonshire,East Midlands,E14001490,38%,35%,9%,6%,12%,0%,0%,1%,Conservatives,Lab,Tossup,3%,Conservative hold,Conservatives
Newark,East Midlands,E14001375,39%,39%,6%,5%,11%,0%,0%,1%,Conservatives,Lab,Tossup,0%,Conservative hold,Conservatives
Mid Leicestershire,East Midlands,E14001364,39%,35%,7%,6%,11%,0%,0%,1%,Conservatives,Lab,Tossup,4%,Conservative hold,Conservatives
Sleaford and North Hykeham,East Midlands,E14001476,40%,33%,7%,4%,15%,0%,0%,1%,Conservatives,Lab,Lean Conservatives,7%,Conservative hold,Conservatives
South Leicestershire,East Midlands,E14001488,41%,33%,8%,5%,12%,0%,0%,1%,Conservatives,Lab,Lean Conservatives,7%,Conservative hold,Conservatives
Gainsborough,East Midlands,E14001243,41%,33%,7%,4%,14%,0%,0%,1%,Conservatives,Lab,Lean Conservatives,8%,Conservative hold,Conservatives
Daventry,East Midlands,E14001192,40%,31%,9%,7%,13%,0%,0%,1%,Conservatives,Lab,Lean Conservatives,9%,Conservative hold,Conservatives
South Holland and The Deepings,East Midlands,E14001487,43%,30%,5%,4%,17%,0%,0%,1%,Conservatives,Lab,Likely Conservatives,13%,Conservative hold,Conservatives
Boston and Skegness,East Midlands,E14001114,43%,28%,5%,3%,20%,0%,0%,1%,Conservatives,Lab,Likely Conservatives,14%,Conservative hold,Conservatives
Louth and Horncastle,East Midlands,E14001343,44%,29%,6%,3%,17%,0%,0%,1%,Conservatives,Lab,Likely Conservatives,15%,Conservative hold,Conservatives
Hinckley and Bosworth,East Midlands,E14001288,40%,22%,20%,5%,12%,0%,0%,1%,Conservatives,Lab,Likely Conservatives,17%,Conservative hold,Conservatives
Rutland and Stamford,East Midlands,E14001458,44%,24%,14%,6%,10%,0%,0%,1%,Conservatives,Lab,Likely Conservatives,20%,Conservative hold,Conservatives
South West Hertfordshire,East of England,E14001496,33%,30%,18%,5%,12%,0%,0%,3%,Conservatives,Lab,Tossup,2%,Conservative hold,Conservatives
Basildon and Billericay,East of England,E14001077,36%,34%,8%,6%,16%,0%,0%,1%,Conservatives,Lab,Tossup,2%,Conservative hold,Conservatives
Bury St Edmunds and Stowmarket,East of England,E14001146,36%,31%,6%,14%,12%,0%,0%,1%,Conservatives,Lab,Tossup,4%,Conservative hold,Conservatives
Broxbourne,East of England,E14001139,37%,36%,6%,6%,15%,0%,0%,1%,Conservatives,Lab,Tossup,1%,Conservative hold,Conservatives
North West Norfolk,East of England,E14001405,37%,35%,8%,4%,14%,0%,0%,1%,Conservatives,Lab,Tossup,2%,Conservative hold,Conservatives
Hertford and Stortford,East of England,E14001283,35%,34%,11%,8%,11%,0%,0%,1%,Conservatives,Lab,Tossup,0%,Conservative hold,Conservatives
Suffolk Coastal,East of England,E14001530,36%,34%,10%,8%,12%,0%,0%,1%,Conservatives,Lab,Tossup,2%,Conservative hold,Conservatives
Broadland and Fakenham,East of England,E14001136,36%,35%,12%,5%,11%,0%,0%,1%,Conservatives,Lab,Tossup,1%,Conservative hold,Conservatives
Huntingdon,East of England,E14001298,37%,32%,12%,7%,11%,0%,0%,1%,Conservatives,Lab,Tossup,5%,Conservative hold,Conservatives
Witham,East of England,E14001590,38%,34%,6%,7%,13%,0%,0%,1%,Conservatives,Lab,Tossup,4%,Conservative hold,Conservatives
Central Suffolk and North Ipswich,East of England,E14001156,37%,35%,7%,7%,12%,0%,0%,1%,Conservatives,Lab,Tossup,2%,Conservative hold,Conservatives
Mid Norfolk,East of England,E14001365,39%,35%,8%,3%,14%,0%,0%,1%,Conservatives,Lab,Tossup,4%,Conservative hold,Conservatives
North Bedfordshire,East of England,E14001384,39%,34%,9%,6%,12%,0%,0%,1%,Conservatives,Lab,Tossup,5%,Conservative hold,Conservatives
Hertsmere,East of England,E14001284,41%,35%,7%,6%,10%,0%,0%,1%,Conservatives,Lab,Lean Conservatives,6%,Conservative hold,Conservatives
Epping Forest,East of England,E14001226,39%,32%,8%,7%,14%,0%,0%,1%,Conservatives,Lab,Lean Conservatives,6%,Conservative hold,Conservatives
St Neots and Mid Cambridgeshire,East of England,E14001512,34%,26%,27%,5%,9%,0%,0%,0%,Conservatives,LD,Lean Conservatives,7%,Conservative hold,Conservatives
Braintree,East of England,E14001121,41%,34%,5%,4%,15%,0%,0%,1%,Conservatives,Lab,Lean Conservatives,7%,Conservative hold,Conservatives
South Suffolk,East of England,E14001494,38%,30%,11%,8%,12%,0%,0%,1%,Conservatives,Lab,Lean Conservatives,8%,Conservative hold,Conservatives
Waveney Valley,East of England,E14001569,37%,28%,5%,16%,13%,0%,0%,1%,Conservatives,Lab,Lean Conservatives,9%,Conservative hold,Conservatives
South West Norfolk,East of England,E14001497,40%,31%,8%,5%,16%,0%,0%,1%,Conservatives,Lab,Lean Conservatives,10%,Conservative hold,Conservatives
Ely and East Cambridgeshire,East of England,E14001224,36%,22%,26%,5%,10%,0%,0%,1%,Conservatives,LD,Likely Conservatives,11%,Conservative hold,Conservatives
North East Cambridgeshire,East of England,E14001390,41%,30%,7%,5%,16%,0%,0%,1%,Conservatives,Lab,Likely Conservatives,11%,Conservative hold,Conservatives
Rayleigh and Wickford,East of England,E14001437,41%,28%,9%,5%,16%,0%,0%,1%,Conservatives,Lab,Likely Conservatives,13%,Conservative hold,Conservatives
Brentwood and Ongar,East of England,E14001125,41%,28%,12%,5%,14%,0%,0%,1%,Conservatives,Lab,Likely Conservatives,13%,Conservative hold,Conservatives
North West Essex,East of England,E14001402,39%,24%,20%,5%,10%,0%,0%,1%,Conservatives,Lab,Likely Conservatives,15%,Conservative hold,Conservatives
Clacton,East of England,E14001174,42%,27%,4%,6%,20%,0%,0%,1%,Conservatives,Lab,Likely Conservatives,15%,Conservative hold,Conservatives
Maldon,East of England,E14001351,45%,29%,7%,5%,14%,0%,0%,1%,Conservatives,Lab,Likely Conservatives,16%,Conservative hold,Conservatives
Castle Point,East of England,E14001154,45%,29%,4%,3%,18%,0%,0%,1%,Conservatives,Lab,Likely Conservatives,16%,Conservative hold,Conservatives
Hornchurch and Upminster,London,E14001292,38%,33%,6%,7%,15%,0%,0%,1%,Conservatives,Lab,Tossup,5%,Conservative hold,Conservatives
Romford,London,E14001448,38%,36%,5%,6%,15%,0%,0%,1%,Conservatives,Lab,Tossup,2%,Conservative hold,Conservatives
Old Bexley and Sidcup,London,E14001414,38%,35%,6%,6%,13%,0%,0%,1%,Conservatives,Lab,Tossup,3%,Conservative hold,Conservatives
Orpington,London,E14001417,36%,29%,17%,5%,12%,0%,0%,1%,Conservatives,Lab,Lean Conservatives,7%,Conservative hold,Conservatives
North Northumberland,North East,E14001397,36%,36%,11%,5%,11%,0%,0%,1%,Conservatives,Lab,Tossup,0%,Conservative hold,Conservatives
Fylde,North West,E14001242,40%,37%,5%,5%,12%,0%,0%,1%,Conservatives,Lab,Tossup,2%,Conservative hold,Conservatives
Congleton,North West,E14001178,39%,38%,7%,5%,11%,0%,0%,1%,Conservatives,Lab,Tossup,1%,Conservative hold,Conservatives
Chester South and Eddisbury,North West,E14001164,40%,35%,10%,4%,10%,0%,0%,1%,Conservatives,Lab,Tossup,5%,Conservative hold,Conservatives
Aberdeen North,Scotland,S14000060,11%,25%,3%,8%,6%,0%,40%,7%,SNP,Lab,Likely SNP,15%,SNP hold,SNP
Aberdeen South,Scotland,S14000061,20%,24%,5%,9%,4%,0%,34%,4%,SNP,Lab,Likely SNP,10%,SNP hold,SNP
Aberdeenshire North and Moray East,Scotland,S14000062,37%,17%,3%,4%,7%,0%,31%,1%,Conservatives,SNP,Lean Conservatives,5%,Conservative hold,Conservatives
Airdrie and Shotts,Scotland,S14000063,1%,51%,3%,6%,3%,0%,30%,6%,Labour,SNP,Likely Labour,21%,Labour gain from SNP,SNP
Alloa and Grangemouth,Scotland,S14000064,7%,37%,3%,6%,4%,0%,35%,7%,Labour,SNP,Tossup,2%,Labour gain from SNP,SNP
Mid Sussex,South East,E14001366,32%,24%,29%,6%,8%,0%,0%,1%,Conservatives,LD,Tossup,2%,Conservative hold,Conservatives
Epsom and Ewell,South East,E14001227,33%,22%,32%,4%,8%,0%,0%,1%,Conservatives,LD,Tossup,2%,Conservative hold,Conservatives
Eastleigh,South East,E14001220,33%,19%,31%,6%,10%,0%,0%,1%,Conservatives,LD,Tossup,3%,Conservative hold,Conservatives
Tunbridge Wells,South East,E14001555,35%,20%,33%,3%,8%,0%,0%,1%,Conservatives,LD,Tossup,2%,Conservative hold,Conservatives
Maidenhead,South East,E14001348,36%,19%,31%,6%,8%,0%,0%,1%,Conservatives,LD,Tossup,5%,Conservative hold,Conservatives
Windsor,South East,E14001588,35%,32%,17%,6%,9%,0%,0%,1%,Conservatives,Lab,Tossup,3%,Conservative hold,Conservatives
Spelthorne,South East,E14001505,34%,32%,13%,7%,13%,0%,0%,1%,Conservatives,Lab,Tossup,2%,Conservative hold,Conservatives
Sittingbourne and Sheppey,South East,E14001474,37%,36%,7%,4%,15%,0%,0%,1%,Conservatives,Lab,Tossup,1%,Conservative hold,Conservatives
Bognor Regis and Littlehampton,South East,E14001108,36%,31%,13%,5%,14%,0%,0%,1%,Conservatives,Lab,Tossup,5%,Conservative hold,Conservatives
Havant,South East,E14001275,37%,32%,11%,5%,15%,0%,0%,1%,Conservatives,Lab,Tossup,5%,Conservative hold,Conservatives
Faversham and Mid Kent,South East,E14001235,37%,35%,10%,6%,12%,0%,0%,1%,Conservatives,Lab,Tossup,2%,Conservative hold,Conservatives
Herne Bay and Sandwich,South East,E14001282,39%,36%,6%,5%,13%,0%,0%,1%,Conservatives,Lab,Tossup,3%,Conservative hold,Conservatives
Bexhill and Battle,South East,E14001088,38%,32%,10%,6%,13%,0%,0%,1%,Conservatives,Lab,Lean Conservatives,6%,Conservative hold,Conservatives
Farnham and Bordon,South East,E14001234,39%,16%,33%,3%,8%,0%,0%,1%,Conservatives,LD,Lean Conservatives,6%,Conservative hold,Conservatives
Runnymede and Weybridge,South East,E14001456,34%,22%,27%,6%,9%,0%,0%,1%,Conservatives,LD,Lean Conservatives,7%,Conservative hold,Conservatives
East Hampshire,South East,E14001214,37%,18%,29%,6%,9%,0%,0%,1%,Conservatives,LD,Lean Conservatives,8%,Conservative hold,Conservatives
Gosport,South East,E14001252,38%,30%,13%,5%,14%,0%,0%,1%,Conservatives,Lab,Lean Conservatives,8%,Conservative hold,Conservatives
Witney,South East,E14001591,37%,21%,29%,3%,9%,0%,0%,1%,Conservatives,LD,Lean Conservatives,8%,Conservative hold,Conservatives
Beaconsfield,South East,E14001082,37%,29%,12%,7%,13%,0%,0%,3%,Conservatives,Lab,Lean Conservatives,8%,Conservative hold,Conservatives
Maidstone and Malling,South East,E14001349,36%,27%,19%,6%,11%,0%,0%,1%,Conservatives,Lab,Lean Conservatives,10%,Conservative hold,Conservatives
North West Hampshire,South East,E14001403,38%,28%,15%,7%,11%,0%,0%,1%,Conservatives,Lab,Lean Conservatives,10%,Conservative hold,Conservatives
Tonbridge,South East,E14001549,40%,30%,8%,10%,12%,0%,0%,1%,Conservatives,Lab,Likely Conservatives,10%,Conservative hold,Conservatives
Horsham,South East,E14001294,36%,21%,26%,6%,10%,0%,0%,1%,Conservatives,LD,Likely Conservatives,10%,Conservative hold,Conservatives
Fareham and Waterlooville,South East,E14001233,37%,26%,20%,5%,12%,0%,0%,1%,Conservatives,Lab,Likely Conservatives,11%,Conservative hold,Conservatives
New Forest East,South East,E14001373,37%,25%,17%,6%,14%,0%,0%,1%,Conservatives,Lab,Likely Conservatives,12%,Conservative hold,Conservatives
Reigate,South East,E14001442,39%,26%,16%,9%,10%,0%,0%,1%,Conservatives,Lab,Likely Conservatives,13%,Conservative hold,Conservatives
Romsey and Southampton North,South East,E14001449,39%,21%,26%,4%,9%,0%,0%,1%,Conservatives,LD,Likely Conservatives,13%,Conservative hold,Conservatives
Hamble Valley,South East,E14001263,39%,21%,25%,4%,10%,0%,0%,1%,Conservatives,LD,Likely Conservatives,14%,Conservative hold,Conservatives
North East Hampshire,South East,E14001392,42%,19%,25%,4%,9%,0%,0%,1%,Conservatives,LD,Likely Conservatives,17%,Conservative hold,Conservatives
East Surrey,South East,E14001215,39%,22%,22%,5%,11%,0%,0%,1%,Conservatives,Lab,Likely Conservatives,17%,Conservative hold,Conservatives
Sevenoaks,South East,E14001465,40%,23%,18%,6%,12%,0%,0%,1%,Conservatives,Lab,Likely Conservatives,17%,Conservative hold,Conservatives
Weald of Kent,South East,E14001570,46%,28%,8%,5%,12%,0%,0%,1%,Conservatives,Lab,Likely Conservatives,18%,Conservative hold,Conservatives
Mid Buckinghamshire,South East,E14001360,42%,24%,21%,4%,8%,0%,0%,1%,Conservatives,Lab,Likely Conservatives,18%,Conservative hold,Conservatives
East Grinstead and Uckfield,South East,E14001212,41%,23%,18%,7%,10%,0%,0%,1%,Conservatives,Lab,Likely Conservatives,18%,Conservative hold,Conservatives
Sussex Weald,South East,E14001533,41%,23%,19%,5%,11%,0%,0%,1%,Conservatives,Lab,Likely Conservatives,18%,Conservative hold,Conservatives
Arundel and South Downs,South East,E14001067,43%,23%,18%,5%,10%,0%,0%,1%,Conservatives,Lab,Likely Conservatives,20%,Conservative hold,Conservatives
New Forest West,South East,E14001374,43%,21%,17%,7%,11%,0%,0%,1%,Conservatives,Lab,Likely Conservatives,22%,Conservative hold,Conservatives
Frome and East Somerset,South West,E14001241,30%,27%,25%,8%,10%,0%,0%,1%,Conservatives,Lab,Tossup,2%,Conservative hold,Conservatives
Melksham and Devizes,South West,E14001356,36%,18%,33%,4%,9%,0%,0%,1%,Conservatives,LD,Tossup,3%,Conservative hold,Conservatives
South West Wiltshire,South West,E14001498,34%,31%,15%,7%,12%,0%,0%,1%,Conservatives,Lab,Tossup,3%,Conservative hold,Conservatives
Exmouth and Exeter East,South West,E14001232,33%,29%,11%,6%,15%,0%,0%,5%,Conservatives,Lab,Tossup,4%,Conservative hold,Conservatives
Wells and Mendip Hills,South West,E14001572,37%,16%,33%,3%,9%,0%,0%,1%,Conservatives,LD,Tossup,4%,Conservative hold,Conservatives
Mid Dorset and North Poole,South West,E14001363,36%,14%,34%,4%,11%,0%,0%,1%,Conservatives,LD,Tossup,1%,Conservative hold,Conservatives
Glastonbury and Somerton,South West,E14001247,36%,14%,35%,4%,10%,0%,0%,1%,Conservatives,LD,Tossup,0%,Conservative hold,Conservatives
Poole,South West,E14001429,35%,34%,11%,6%,13%,0%,0%,1%,Conservatives,Lab,Tossup,1%,Conservative hold,Conservatives
Wyre Forest,South West,E14001601,38%,35%,6%,5%,15%,0%,0%,1%,Conservatives,Lab,Tossup,3%,Conservative hold,Conservatives
East Wiltshire,South West,E14001217,39%,35%,8%,5%,12%,0%,0%,1%,Conservatives,Lab,Tossup,5%,Conservative hold,Conservatives
North Dorset,South West,E14001388,37%,16%,31%,4%,11%,0%,0%,1%,Conservatives,LD,Lean Conservatives,7%,Conservative hold,Conservatives
Newton Abbot,South West,E14001381,34%,21%,27%,6%,11%,0%,0%,1%,Conservatives,LD,Lean Conservatives,7%,Conservative hold,Conservatives
South West Devon,South West,E14001495,39%,32%,11%,5%,12%,0%,0%,1%,Conservatives,Lab,Lean Conservatives,7%,Conservative hold,Conservatives
South East Cornwall,South West,E14001486,38%,30%,13%,5%,13%,0%,0%,1%,Conservatives,Lab,Lean Conservatives,7%,Conservative hold,Conservatives
Tewkesbury,South West,E14001542,35%,22%,27%,5%,10%,0%,0%,1%,Conservatives,LD,Lean Conservatives,8%,Conservative hold,Conservatives
Tiverton and Minehead,South West,E14001548,37%,19%,28%,5%,11%,0%,0%,1%,Conservatives,LD,Lean Conservatives,9%,Conservative hold,Conservatives
Salisbury,South West,E14001460,37%,25%,19%,7%,10%,0%,0%,1%,Conservatives,Lab,Likely Conservatives,12%,Conservative hold,Conservatives
North Cotswolds,South West,E14001386,39%,25%,20%,6%,9%,0%,0%,1%,Conservatives,Lab,Likely Conservatives,14%,Conservative hold,Conservatives
Torridge and Tavistock,South West,E14001552,38%,23%,20%,5%,12%,0%,0%,1%,Conservatives,Lab,Likely Conservatives,15%,Conservative hold,Conservatives
Christchurch,South West,E14001171,43%,20%,17%,5%,13%,0%,0%,1%,Conservatives,Lab,Likely Conservatives,23%,Conservative hold,Conservatives
"Brecon, Radnor and Cwm Tawe",Wales,W07000085,31%,18%,28%,3%,9%,11%,0%,1%,Conservatives,LD,Tossup,3%,Conservative hold,Conservatives
Montgomeryshire and Glyndwr,Wales,W07000102,33%,27%,15%,2%,11%,10%,0%,1%,Conservatives,Lab,Lean Conservatives,5%,Conservative hold,Conservatives
Hereford and South Herefordshire,West Midlands,E14001281,34%,30%,14%,7%,14%,0%,0%,1%,Conservatives,Lab,Tossup,4%,Conservative hold,Conservatives
Staffordshire Moorlands,West Midlands,E14001514,37%,37%,7%,4%,14%,0%,0%,1%,Conservatives,Lab,Tossup,1%,Conservative hold,Conservatives
Tamworth,West Midlands,E14001538,38%,38%,3%,4%,15%,0%,0%,1%,Conservatives,Lab,Tossup,1%,Conservative hold,Conservatives
The Wrekin,West Midlands,E14001543,38%,38%,6%,5%,12%,0%,0%,1%,Conservatives,Lab,Tossup,0%,Conservative hold,Conservatives
Solihull West and Shirley,West Midlands,E14001479,38%,33%,12%,5%,10%,0%,0%,1%,Conservatives,Lab,Tossup,5%,Conservative hold,Conservatives
"Stone, Great Wyrley and Penkridge",West Midlands,E14001523,39%,36%,6%,4%,13%,0%,0%,1%,Conservatives,Lab,Tossup,4%,Conservative hold,Conservatives
Lichfield,West Midlands,E14001335,39%,35%,7%,6%,12%,0%,0%,1%,Conservatives,Lab,Tossup,4%,Conservative hold,Conservatives
Sutton Coldfield,West Midlands,E14001535,40%,36%,8%,7%,9%,0%,0%,1%,Conservatives,Lab,Tossup,4%,Conservative hold,Conservatives
Meriden and Solihull East,West Midlands,E14001358,38%,33%,12%,5%,12%,0%,0%,1%,Conservatives,Lab,Lean Conservatives,5%,Conservative hold,Conservatives
Aldridge-Brownhills,West Midlands,E14001064,40%,35%,5%,4%,15%,0%,0%,1%,Conservatives,Lab,Lean Conservatives,5%,Conservative hold,Conservatives
Stratford-on-Avon,West Midlands,E14001526,37%,18%,30%,4%,9%,0%,0%,1%,Conservatives,LD,Lean Conservatives,6%,Conservative hold,Conservatives
Kenilworth and Southam,West Midlands,E14001309,38%,31%,15%,5%,9%,0%,0%,1%,Conservatives,Lab,Lean Conservatives,7%,Conservative hold,Conservatives
Bromsgrove,West Midlands,E14001138,40%,32%,10%,5%,12%,0%,0%,1%,Conservatives,Lab,Lean Conservatives,8%,Conservative hold,Conservatives
Droitwich and Evesham,West Midlands,E14001203,39%,30%,12%,5%,14%,0%,0%,1%,Conservatives,Lab,Lean Conservatives,9%,Conservative hold,Conservatives
South Shropshire,West Midlands,E14001493,39%,27%,16%,4%,12%,0%,0%,1%,Conservatives,Lab,Likely Conservatives,12%,Conservative hold,Conservatives
Kingswinford and South Staffordshire,West Midlands,E14001316,45%,32%,4%,4%,14%,0%,0%,1%,Conservatives,Lab,Likely Conservatives,13%,Conservative hold,Conservatives
North Herefordshire,West Midlands,E14001395,38%,23%,8%,17%,13%,0%,0%,1%,Conservatives,Lab,Likely Conservatives,15%,Conservative hold,Conservatives
West Worcestershire,West Midlands,E14001579,41%,22%,19%,7%,10%,0%,0%,1%,Conservatives,Lab,Likely Conservatives,19%,Conservative hold,Conservatives
Goole and Pocklington,Yorkshire and The Humber,E14001250,38%,34%,9%,5%,14%,0%,0%,1%,Conservatives,Lab,Tossup,4%,Conservative hold,Conservatives
Thirsk and Malton,Yorkshire and The Humber,E14001544,39%,35%,7%,5%,14%,0%,0%,1%,Conservatives,Lab,Tossup,4%,Conservative hold,Conservatives
Beverley and Holderness,Yorkshire and The Humber,E14001087,37%,36%,9%,5%,12%,0%,0%,1%,Conservatives,Lab,Tossup,1%,Conservative hold,Conservatives
Skipton and Ripon,Yorkshire and The Humber,E14001475,38%,35%,9%,6%,11%,0%,0%,1%,Conservatives,Lab,Tossup,3%,Conservative hold,Conservatives
Brigg and Immingham,Yorkshire and The Humber,E14001128,40%,34%,4%,4%,16%,0%,0%,1%,Conservatives,Lab,Lean Conservatives,6%,Conservative hold,Conservatives
Bridlington and The Wolds,Yorkshire and The Humber,E14001127,40%,32%,7%,4%,16%,0%,0%,1%,Conservatives,Lab,Lean Conservatives,8%,Conservative hold,Conservatives
Richmond and Northallerton,Yorkshire and The Humber,E14001444,41%,32%,9%,5%,12%,0%,0%,1%,Conservatives,Lab,Lean Conservatives,9%,Conservative hold,Conservatives
Wetherby and Easingwold,Yorkshire and The Humber,E14001582,45%,35%,4%,5%,10%,0%,0%,1%,Conservatives,Lab,Likely Conservatives,11%,Conservative hold,Conservatives
Bristol Central,South West,E14001131,5%,37%,3%,50%,2%,0%,0%,2%,Green,Lab,Likely Green,13%,Green gain from Labour,Labour
Brighton Pavilion,South East,E14001130,5%,35%,5%,49%,4%,0%,0%,1%,Green,Lab,Likely Green,14%,Green hold,Green
Amber Valley,East Midlands,E14001066,35%,36%,7%,5%,15%,0%,0%,1%,Labour,Con,Tossup,1%,Labour gain from Conservatives,Conservatives
North West Leicestershire,East Midlands,E14001404,36%,39%,5%,7%,13%,0%,0%,1%,Labour,Con,Tossup,3%,Labour gain from Conservatives,Conservatives
South Derbyshire,East Midlands,E14001483,35%,39%,6%,6%,13%,0%,0%,1%,Labour,Con,Tossup,4%,Labour gain from Conservatives,Conservatives
"Harborough, Oadby and Wigston",East Midlands,E14001266,34%,38%,11%,7%,10%,0%,0%,1%,Labour,Con,Tossup,3%,Labour gain from Conservatives,Conservatives
Derbyshire Dales,East Midlands,E14001195,37%,39%,8%,5%,10%,0%,0%,1%,Labour,Con,Tossup,2%,Labour gain from Conservatives,Conservatives
Mid Derbyshire,East Midlands,E14001362,38%,40%,5%,6%,10%,0%,0%,1%,Labour,Con,Tossup,3%,Labour gain from Conservatives,Conservatives
Mansfield,East Midlands,E14001355,35%,40%,3%,4%,16%,0%,0%,1%,Labour,Con,Lean Labour,5%,Labour gain from Conservatives,Conservatives
Kettering,East Midlands,E14001311,34%,40%,7%,6%,13%,0%,0%,1%,Labour,Con,Lean Labour,6%,Labour gain from Conservatives,Conservatives
Wellingborough and Rushden,East Midlands,E14001571,34%,40%,6%,5%,14%,0%,0%,0%,Labour,Con,Lean Labour,6%,Labour gain from Conservatives,Conservatives
Sherwood Forest,East Midlands,E14001471,35%,41%,5%,5%,13%,0%,0%,1%,Labour,Con,Lean Labour,6%,Labour gain from Conservatives,Conservatives
Northampton South,East Midlands,E14001407,34%,43%,5%,6%,11%,0%,0%,1%,Labour,Con,Lean Labour,10%,Labour gain from Conservatives,Conservatives
North East Derbyshire,East Midlands,E14001391,32%,44%,6%,5%,12%,0%,0%,1%,Labour,Con,Likely Labour,12%,Labour gain from Conservatives,Conservatives
Bassetlaw,East Midlands,E14001079,29%,43%,5%,4%,18%,0%,0%,1%,Labour,Con,Likely Labour,14%,Labour gain from Conservatives,Conservatives
Erewash,East Midlands,E14001228,31%,45%,5%,5%,13%,0%,0%,1%,Labour,Con,Likely Labour,15%,Labour gain from Conservatives,Conservatives
Ashfield,East Midlands,E14001068,18%,35%,7%,6%,20%,0%,0%,14%,Labour,Ref,Likely Labour,15%,Labour gain from Conservatives,Conservatives
Corby and East Northamptonshire,East Midlands,E14001179,32%,48%,4%,5%,11%,0%,0%,1%,Labour,Con,Likely Labour,16%,Labour gain from Conservatives,Conservatives
Rushcliffe,East Midlands,E14001457,32%,50%,6%,5%,7%,0%,0%,1%,Labour,Con,Likely Labour,18%,Labour gain from Conservatives,Conservatives
Loughborough,East Midlands,E14001342,29%,49%,7%,6%,8%,0%,0%,1%,Labour,Con,Likely Labour,20%,Labour gain from Conservatives,Conservatives
Broxtowe,East Midlands,E14001140,26%,49%,4%,8%,11%,0%,0%,1%,Labour,Con,Likely Labour,22%,Labour gain from Conservatives,Conservatives
Bolsover,East Midlands,E14001109,23%,47%,4%,7%,18%,0%,0%,0%,Labour,Con,Likely Labour,24%,Labour gain from Conservatives,Conservatives
Northampton North,East Midlands,E14001406,26%,51%,5%,7%,11%,0%,0%,1%,Labour,Con,Likely Labour,25%,Labour gain from Conservatives,Conservatives
Derby North,East Midlands,E14001193,25%,51%,5%,6%,11%,0%,0%,1%,Labour,Con,Safe Labour,26%,Labour gain from Conservatives,Conservatives
Gedling,East Midlands,E14001245,26%,53%,4%,5%,11%,0%,0%,1%,Labour,Con,Safe Labour,27%,Labour gain from Conservatives,Conservatives
High Peak,East Midlands,E14001287,26%,55%,4%,5%,9%,0%,0%,1%,Labour,Con,Safe Labour,30%,Labour gain from Conservatives,Conservatives
Lincoln,East Midlands,E14001336,24%,55%,5%,5%,10%,0%,0%,1%,Labour,Con,Safe Labour,31%,Labour gain from Conservatives,Conservatives
Great Yarmouth,East of England,E14001256,34%,37%,5%,4%,18%,0%,0%,1%,Labour,Con,Tossup,3%,Labour gain from Conservatives,Conservatives
South Basildon and East Thurrock,East of England,E14001480,34%,38%,4%,4%,19%,0%,0%,1%,Labour,Con,Tossup,4%,Labour gain from Conservatives,Conservatives
West Suffolk,East of England,E14001578,36%,36%,7%,7%,14%,0%,0%,1%,Labour,Con,Tossup,0%,Labour gain from Conservatives,Conservatives
Mid Bedfordshire,East of England,E14001359,36%,37%,8%,6%,12%,0%,0%,1%,Labour,Con,Tossup,0%,Labour gain from Conservatives,Conservatives
North West Cambridgeshire,East of England,E14001401,33%,37%,10%,7%,12%,0%,0%,1%,Labour,Con,Tossup,4%,Labour gain from Conservatives,Conservatives
Dunstable and Leighton Buzzard,East of England,E14001206,34%,38%,7%,6%,13%,0%,0%,1%,Labour,Con,Tossup,4%,Labour gain from Conservatives,Conservatives
Southend West and Leigh,East of England,E14001502,35%,38%,10%,4%,12%,0%,0%,1%,Labour,Con,Tossup,3%,Labour gain from Conservatives,Conservatives
Harlow,East of England,E14001267,36%,40%,4%,5%,14%,0%,0%,1%,Labour,Con,Tossup,4%,Labour gain from Conservatives,Conservatives
Harwich and North Essex,East of England,E14001273,35%,39%,6%,6%,13%,0%,0%,1%,Labour,Con,Tossup,4%,Labour gain from Conservatives,Conservatives
North East Hertfordshire,East of England,E14001393,35%,39%,8%,7%,11%,0%,0%,1%,Labour,Con,Tossup,4%,Labour gain from Conservatives,Conservatives
South Norfolk,East of England,E14001489,36%,39%,9%,5%,10%,0%,0%,1%,Labour,Con,Tossup,4%,Labour gain from Conservatives,Conservatives
Southend East and Rochford,East of England,E14001501,34%,41%,6%,5%,13%,0%,0%,1%,Labour,Con,Lean Labour,7%,Labour gain from Conservatives,Conservatives
Hemel Hempstead,East of England,E14001278,31%,40%,10%,6%,12%,0%,0%,1%,Labour,Con,Lean Labour,9%,Labour gain from Conservatives,Conservatives
Lowestoft,East of England,E14001344,33%,42%,5%,6%,14%,0%,0%,1%,Labour,Con,Lean Labour,9%,Labour gain from Conservatives,Conservatives
Hitchin,East of England,E14001289,29%,43%,12%,6%,9%,0%,0%,1%,Labour,Con,Likely Labour,14%,Labour gain from Conservatives,Conservatives
Thurrock,East of England,E14001546,29%,46%,5%,5%,14%,0%,0%,1%,Labour,Con,Likely Labour,16%,Labour gain from Conservatives,Conservatives
Stevenage,East of England,E14001516,29%,46%,7%,6%,11%,0%,0%,1%,Labour,Con,Likely Labour,17%,Labour gain from Conservatives,Conservatives
Welwyn Hatfield,East of England,E14001573,29%,47%,7%,7%,9%,0%,0%,1%,Labour,Con,Likely Labour,18%,Labour gain from Conservatives,Conservatives
Watford,East of England,E14001568,22%,41%,22%,4%,8%,0%,0%,2%,Labour,LD,Likely Labour,19%,Labour gain from Conservatives,Conservatives
Colchester,East of England,E14001176,28%,49%,8%,5%,9%,0%,0%,1%,Labour,Con,Likely Labour,21%,Labour gain from Conservatives,Conservatives
Norwich North,East of England,E14001408,29%,50%,4%,6%,11%,0%,0%,1%,Labour,Con,Likely Labour,21%,Labour gain from Conservatives,Conservatives
Peterborough,East of England,E14001425,25%,50%,6%,7%,12%,0%,0%,0%,Labour,Con,Likely Labour,25%,Labour gain from Conservatives,Conservatives
Ipswich,East of England,E14001302,26%,51%,6%,5%,11%,0%,0%,1%,Labour,Con,Likely Labour,25%,Labour gain from Conservatives,Conservatives
Finchley and Golders Green,London,E14001238,35%,38%,16%,5%,5%,0%,0%,1%,Labour,Con,Tossup,3%,Labour gain from Conservatives,Conservatives
"Ruislip, Northwood and Pinner",London,E14001454,37%,38%,10%,5%,8%,0%,0%,1%,Labour,Con,Tossup,1%,Labour gain from Conservatives,Conservatives
Harrow East,London,E14001270,39%,44%,5%,5%,7%,0%,0%,1%,Labour,Con,Lean Labour,5%,Labour gain from Conservatives,Conservatives
Bexleyheath and Crayford,London,E14001089,34%,41%,5%,5%,14%,0%,0%,1%,Labour,Con,Lean Labour,7%,Labour gain from Conservatives,Conservatives
Bromley and Biggin Hill,London,E14001137,34%,41%,8%,6%,10%,0%,0%,1%,Labour,Con,Lean Labour,7%,Labour gain from Conservatives,Conservatives
Croydon South,London,E14001187,35%,42%,9%,5%,7%,0%,0%,1%,Labour,Con,Lean Labour,7%,Labour gain from Conservatives,Conservatives
Cities of London and Westminster,London,E14001172,26%,39%,21%,7%,5%,0%,0%,2%,Labour,Con,Likely Labour,12%,Labour gain from Conservatives,Conservatives
Uxbridge and South Ruislip,London,E14001558,31%,47%,5%,7%,9%,0%,0%,1%,Labour,Con,Likely Labour,16%,Labour gain from Conservatives,Conservatives
Chipping Barnet,London,E14001169,31%,50%,6%,6%,7%,0%,0%,1%,Labour,Con,Likely Labour,19%,Labour gain from Conservatives,Conservatives
Chelsea and Fulham,London,E14001160,29%,48%,13%,4%,5%,0%,0%,1%,Labour,Con,Likely Labour,20%,Labour gain from Conservatives,Conservatives
Hendon,London,E14001279,30%,52%,5%,6%,6%,0%,0%,1%,Labour,Con,Likely Labour,22%,Labour gain from Conservatives,Conservatives
Chingford and Woodford Green,London,E14001167,29%,54%,4%,4%,8%,0%,0%,1%,Labour,Con,Likely Labour,25%,Labour gain from Conservatives,Conservatives
Eltham and Chislehurst,London,E14001223,26%,52%,5%,6%,9%,0%,0%,1%,Labour,Con,Safe Labour,26%,Labour gain from Conservatives,Conservatives
Stockton West,North East,E14001519,36%,43%,5%,4%,12%,0%,0%,1%,Labour,Con,Lean Labour,7%,Labour gain from Conservatives,Conservatives
Hexham,North East,E14001285,34%,46%,5%,5%,9%,0%,0%,1%,Labour,Con,Likely Labour,11%,Labour gain from Conservatives,Conservatives
Middlesbrough South and East Cleveland,North East,E14001368,31%,47%,4%,4%,13%,0%,0%,1%,Labour,Con,Likely Labour,16%,Labour gain from Conservatives,Conservatives
Darlington,North East,E14001190,29%,47%,4%,7%,12%,0%,0%,1%,Labour,Con,Likely Labour,17%,Labour gain from Conservatives,Conservatives
Bishop Auckland,North East,E14001101,30%,49%,4%,3%,13%,0%,0%,1%,Labour,Con,Likely Labour,19%,Labour gain from Conservatives,Conservatives
Redcar,North East,E14001440,25%,48%,5%,5%,16%,0%,0%,1%,Labour,Con,Likely Labour,22%,Labour gain from Conservatives,Conservatives
Newton Aycliffe and Spennymoor,North East,E14001382,24%,52%,4%,5%,15%,0%,0%,1%,Labour,Con,Safe Labour,28%,Labour gain from Conservatives,Conservatives
Tatton,North West,E14001539,38%,39%,7%,6%,9%,0%,0%,1%,Labour,Con,Tossup,1%,Labour gain from Conservatives,Conservatives
Morecambe and Lunesdale,North West,E14001372,34%,39%,12%,4%,10%,0%,0%,1%,Labour,Con,Lean Labour,5%,Labour gain from Conservatives,Conservatives
Ribble Valley,North West,E14001443,36%,42%,6%,5%,11%,0%,0%,1%,Labour,Con,Lean Labour,6%,Labour gain from Conservatives,Conservatives
Penrith and Solway,North West,E14001424,34%,41%,8%,5%,12%,0%,0%,1%,Labour,Con,Lean Labour,7%,Labour gain from Conservatives,Conservatives
Pendle and Clitheroe,North West,E14001422,33%,41%,7%,6%,12%,0%,0%,1%,Labour,Con,Lean Labour,8%,Labour gain from Conservatives,Conservatives
Bolton West,North West,E14001112,33%,44%,7%,5%,10%,0%,0%,1%,Labour,Con,Likely Labour,10%,Labour gain from Conservatives,Conservatives
Altrincham and Sale West,North West,E14001065,32%,46%,8%,7%,7%,0%,0%,1%,Labour,Con,Likely Labour,15%,Labour gain from Conservatives,Conservatives
Rossendale and Darwen,North West,E14001450,32%,46%,4%,6%,11%,0%,0%,1%,Labour,Con,Likely Labour,15%,Labour gain from Conservatives,Conservatives
Carlisle,North West,E14001152,31%,46%,4%,5%,12%,0%,0%,1%,Labour,Con,Likely Labour,15%,Labour gain from Conservatives,Conservatives
Blackpool North and Fleetwood,North West,E14001104,30%,46%,3%,5%,16%,0%,0%,1%,Labour,Con,Likely Labour,16%,Labour gain from Conservatives,Conservatives
Macclesfield,North West,E14001347,31%,47%,7%,5%,8%,0%,0%,1%,Labour,Con,Likely Labour,16%,Labour gain from Conservatives,Conservatives
South Ribble,North West,E14001491,30%,47%,5%,5%,11%,0%,0%,1%,Labour,Con,Likely Labour,17%,Labour gain from Conservatives,Conservatives
Barrow and Furness,North West,E14001076,31%,49%,3%,5%,11%,0%,0%,1%,Labour,Con,Likely Labour,19%,Labour gain from Conservatives,Conservatives
Crewe and Nantwich,North West,E14001185,27%,47%,6%,7%,12%,0%,0%,1%,Labour,Con,Likely Labour,20%,Labour gain from Conservatives,Conservatives
Southport,North West,E14001504,30%,52%,7%,3%,8%,0%,0%,1%,Labour,Con,Likely Labour,22%,Labour gain from Conservatives,Conservatives
Lancaster and Wyre,North West,E14001318,27%,51%,4%,9%,9%,0%,0%,1%,Labour,Con,Likely Labour,24%,Labour gain from Conservatives,Conservatives
Mid Cheshire,North West,E14001361,27%,50%,6%,6%,11%,0%,0%,1%,Labour,Con,Likely Labour,24%,Labour gain from Conservatives,Conservatives
Blackpool South,North West,E14001105,24%,50%,6%,5%,14%,0%,0%,1%,Labour,Con,Safe Labour,27%,Labour gain from Conservatives,Conservatives
Hyndburn,North West,E14001299,25%,52%,3%,5%,13%,0%,0%,1%,Labour,Con,Safe Labour,28%,Labour gain from Conservatives,Conservatives
Whitehaven and Workington,North West,E14001583,25%,53%,3%,6%,12%,0%,0%,1%,Labour,Con,Safe Labour,28%,Labour gain from Conservatives,Conservatives
Bolton North East,North West,E14001110,25%,53%,3%,5%,12%,0%,0%,1%,Labour,Con,Safe Labour,28%,Labour gain from Conservatives,Conservatives
Bury North,North West,E14001144,26%,56%,2%,5%,10%,0%,0%,1%,Labour,Con,Safe Labour,30%,Labour gain from Conservatives,Conservatives
Bury South,North West,E14001145,24%,55%,4%,6%,10%,0%,0%,1%,Labour,Con,Safe Labour,32%,Labour gain from Conservatives,Conservatives
Leigh and Atherton,North West,E14001329,21%,55%,4%,5%,14%,0%,0%,1%,Labour,Con,Safe Labour,34%,Labour gain from Conservatives,Conservatives
Burnley,North West,E14001142,20%,55%,5%,6%,14%,0%,0%,1%,Labour,Con,Safe Labour,35%,Labour gain from Conservatives,Conservatives
Angus and Perthshire Glens,Scotland,S14000065,28%,22%,2%,5%,4%,0%,37%,2%,SNP,Con,Lean SNP,8%,SNP hold,SNP
Isle of Wight West,South East,E14001304,28%,32%,6%,18%,13%,0%,0%,3%,Labour,Con,Tossup,4%,Labour gain from Conservatives,Conservatives
Isle of Wight East,South East,E14001303,30%,33%,8%,15%,14%,0%,0%,0%,Labour,Con,Tossup,3%,Labour gain from Conservatives,Conservatives
Folkestone and Hythe,South East,E14001239,31%,34%,11%,8%,15%,0%,0%,1%,Labour,Con,Tossup,3%,Labour gain from Conservatives,Conservatives
Chatham and Aylesford,South East,E14001157,37%,37%,6%,5%,14%,0%,0%,1%,Labour,Con,Tossup,0%,Labour gain from Conservatives,Conservatives
Ashford,South East,E14001069,33%,37%,6%,9%,13%,0%,0%,1%,Labour,Con,Tossup,4%,Labour gain from Conservatives,Conservatives
Portsmouth North,South East,E14001431,35%,40%,6%,5%,13%,0%,0%,1%,Labour,Con,Tossup,5%,Labour gain from Conservatives,Conservatives
Reading West and Mid Berkshire,South East,E14001439,35%,38%,11%,5%,10%,0%,0%,1%,Labour,Con,Tossup,3%,Labour gain from Conservatives,Conservatives
Aldershot,South East,E14001063,33%,38%,11%,6%,12%,0%,0%,1%,Labour,Con,Lean Labour,6%,Labour gain from Conservatives,Conservatives
Banbury,South East,E14001072,33%,39%,13%,5%,9%,0%,0%,1%,Labour,Con,Lean Labour,6%,Labour gain from Conservatives,Conservatives
Rochester and Strood,South East,E14001447,32%,39%,7%,7%,14%,0%,0%,1%,Labour,Con,Lean Labour,6%,Labour gain from Conservatives,Conservatives
Aylesbury,South East,E14001071,30%,36%,18%,6%,9%,0%,0%,0%,Labour,Con,Lean Labour,6%,Labour gain from Conservatives,Conservatives
Dartford,South East,E14001191,34%,41%,6%,6%,13%,0%,0%,1%,Labour,Con,Lean Labour,7%,Labour gain from Conservatives,Conservatives
Worthing West,South East,E14001599,34%,41%,6%,7%,11%,0%,0%,1%,Labour,Con,Lean Labour,7%,Labour gain from Conservatives,Conservatives
Gravesham,South East,E14001254,34%,41%,5%,6%,13%,0%,0%,1%,Labour,Con,Lean Labour,7%,Labour gain from Conservatives,Conservatives
Gillingham and Rainham,South East,E14001246,34%,43%,4%,5%,14%,0%,0%,1%,Labour,Con,Lean Labour,9%,Labour gain from Conservatives,Conservatives
Buckingham and Bletchley,South East,E14001141,32%,41%,11%,4%,11%,0%,0%,0%,Labour,Con,Lean Labour,9%,Labour gain from Conservatives,Conservatives
Earley and Woodley,South East,E14001210,30%,41%,14%,5%,9%,0%,0%,1%,Labour,Con,Likely Labour,11%,Labour gain from Conservatives,Conservatives
Dover and Deal,South East,E14001202,32%,44%,5%,5%,14%,0%,0%,0%,Labour,Con,Likely Labour,12%,Labour gain from Conservatives,Conservatives
Bracknell,South East,E14001117,31%,43%,7%,7%,11%,0%,0%,1%,Labour,Con,Likely Labour,12%,Labour gain from Conservatives,Conservatives
Crawley,South East,E14001184,30%,44%,6%,8%,11%,0%,0%,1%,Labour,Con,Likely Labour,14%,Labour gain from Conservatives,Conservatives
Basingstoke,South East,E14001078,30%,44%,8%,7%,11%,0%,0%,1%,Labour,Con,Likely Labour,14%,Labour gain from Conservatives,Conservatives
Milton Keynes North,South East,E14001370,30%,48%,5%,7%,9%,0%,0%,1%,Labour,Con,Likely Labour,18%,Labour gain from Conservatives,Conservatives
East Thanet,South East,E14001216,29%,48%,4%,6%,12%,0%,0%,1%,Labour,Con,Likely Labour,19%,Labour gain from Conservatives,Conservatives
Hastings and Rye,South East,E14001274,29%,50%,5%,6%,10%,0%,0%,1%,Labour,Con,Likely Labour,21%,Labour gain from Conservatives,Conservatives
East Worthing and Shoreham,South East,E14001218,28%,52%,5%,5%,9%,0%,0%,1%,Labour,Con,Likely Labour,23%,Labour gain from Conservatives,Conservatives
Milton Keynes Central,South East,E14001369,27%,50%,8%,6%,8%,0%,0%,1%,Labour,Con,Likely Labour,23%,Labour gain from Conservatives,Conservatives
Wycombe,South East,E14001600,25%,51%,7%,7%,8%,0%,0%,1%,Labour,Con,Safe Labour,26%,Labour gain from Conservatives,Conservatives
Southampton Itchen,South East,E14001499,26%,53%,3%,5%,11%,0%,0%,1%,Labour,Con,Safe Labour,27%,Labour gain from Conservatives,Conservatives
Bridgwater,South West,E14001126,32%,33%,16%,5%,15%,0%,0%,1%,Labour,Con,Tossup,1%,Labour gain from Conservatives,Conservatives
Central Devon,South West,E14001155,33%,34%,15%,6%,10%,0%,0%,1%,Labour,Con,Tossup,1%,Labour gain from Conservatives,Conservatives
South Dorset,South West,E14001485,33%,34%,13%,6%,13%,0%,0%,1%,Labour,Con,Tossup,1%,Labour gain from Conservatives,Conservatives
Forest of Dean,South West,E14001240,34%,38%,4%,10%,13%,0%,0%,1%,Labour,Con,Tossup,4%,Labour gain from Conservatives,Conservatives
North Somerset,South West,E14001399,35%,40%,8%,6%,10%,0%,0%,1%,Labour,Con,Lean Labour,5%,Labour gain from Conservatives,Conservatives
North East Somerset and Hanham,South West,E14001394,34%,40%,10%,5%,10%,0%,0%,1%,Labour,Con,Lean Labour,6%,Labour gain from Conservatives,Conservatives
St Austell and Newquay,South West,E14001508,32%,38%,10%,6%,15%,0%,0%,0%,Labour,Con,Lean Labour,6%,Labour gain from Conservatives,Conservatives
Weston-super-Mare,South West,E14001581,33%,39%,9%,6%,13%,0%,0%,1%,Labour,Con,Lean Labour,6%,Labour gain from Conservatives,Conservatives
Swindon North,South West,E14001536,33%,43%,6%,5%,12%,0%,0%,1%,Labour,Con,Lean Labour,10%,Labour gain from Conservatives,Conservatives
Plymouth Moor View,South West,E14001426,32%,43%,6%,5%,14%,0%,0%,1%,Labour,Con,Likely Labour,12%,Labour gain from Conservatives,Conservatives
Bournemouth West,South West,E14001116,29%,42%,10%,7%,11%,0%,0%,1%,Labour,Con,Likely Labour,13%,Labour gain from Conservatives,Conservatives
Gloucester,South West,E14001248,30%,46%,6%,6%,11%,0%,0%,1%,Labour,Con,Likely Labour,16%,Labour gain from Conservatives,Conservatives
Bournemouth East,South West,E14001115,30%,46%,6%,7%,10%,0%,0%,1%,Labour,Con,Likely Labour,17%,Labour gain from Conservatives,Conservatives
Camborne and Redruth,South West,E14001148,30%,47%,6%,5%,11%,0%,0%,1%,Labour,Con,Likely Labour,17%,Labour gain from Conservatives,Conservatives
Swindon South,South West,E14001537,30%,51%,5%,4%,9%,0%,0%,1%,Labour,Con,Likely Labour,21%,Labour gain from Conservatives,Conservatives
Filton and Bradley Stoke,South West,E14001237,29%,51%,6%,6%,8%,0%,0%,1%,Labour,Con,Likely Labour,22%,Labour gain from Conservatives,Conservatives
Truro and Falmouth,South West,E14001554,28%,51%,8%,6%,8%,0%,0%,1%,Labour,Con,Likely Labour,23%,Labour gain from Conservatives,Conservatives
Stroud,South West,E14001529,25%,51%,4%,10%,8%,0%,0%,1%,Labour,Con,Safe Labour,26%,Labour gain from Conservatives,Conservatives
Caerfyrddin,Wales,W07000087,22%,31%,2%,3%,11%,29%,0%,2%,Labour,PC,Tossup,2%,Labour gain from Conservatives,Conservatives
Ynys Mon,Wales,W07000112,21%,35%,2%,3%,11%,26%,0%,2%,Labour,PC,Lean Labour,9%,Labour gain from Conservatives,Conservatives
Mid and South Pembrokeshire,Wales,W07000100,33%,43%,4%,3%,9%,7%,0%,1%,Labour,Con,Lean Labour,9%,Labour gain from Conservatives,Conservatives
Clwyd East,Wales,W07000094,31%,42%,6%,3%,10%,8%,0%,1%,Labour,Con,Likely Labour,10%,Labour gain from Conservatives,Conservatives
Monmouthshire,Wales,W07000101,33%,44%,4%,3%,8%,7%,0%,1%,Labour,Con,Likely Labour,10%,Labour gain from Conservatives,Conservatives
Clwyd North,Wales,W07000095,29%,42%,4%,3%,10%,11%,0%,1%,Labour,Con,Likely Labour,14%,Labour gain from Conservatives,Conservatives
Wrexham,Wales,W07000111,28%,43%,5%,4%,11%,9%,0%,1%,Labour,Con,Likely Labour,15%,Labour gain from Conservatives,Conservatives
Vale of Glamorgan,Wales,W07000110,30%,46%,4%,6%,8%,5%,0%,1%,Labour,Con,Likely Labour,16%,Labour gain from Conservatives,Conservatives
Bridgend,Wales,W07000086,27%,45%,4%,3%,10%,10%,0%,2%,Labour,Con,Likely Labour,18%,Labour gain from Conservatives,Conservatives
Bangor Aberconwy,Wales,W07000083,25%,43%,3%,4%,8%,16%,0%,0%,Labour,Con,Likely Labour,18%,Labour gain from Conservatives,Conservatives
Cannock Chase,West Midlands,E14001150,35%,38%,3%,8%,15%,0%,0%,1%,Labour,Con,Tossup,3%,Labour gain from Conservatives,Conservatives
North Warwickshire and Bedworth,West Midlands,E14001400,36%,40%,4%,4%,15%,0%,0%,1%,Labour,Con,Tossup,4%,Labour gain from Conservatives,Conservatives
Stourbridge,West Midlands,E14001524,36%,38%,6%,5%,14%,0%,0%,1%,Labour,Con,Tossup,2%,Labour gain from Conservatives,Conservatives
Burton and Uttoxeter,West Midlands,E14001143,34%,39%,6%,6%,14%,0%,0%,1%,Labour,Con,Tossup,4%,Labour gain from Conservatives,Conservatives
Redditch,West Midlands,E14001441,37%,39%,4%,6%,13%,0%,0%,1%,Labour,Con,Tossup,2%,Labour gain from Conservatives,Conservatives
Stoke-on-Trent South,West Midlands,E14001522,36%,40%,5%,5%,13%,0%,0%,1%,Labour,Con,Tossup,4%,Labour gain from Conservatives,Conservatives
Rugby,West Midlands,E14001453,34%,41%,5%,7%,12%,0%,0%,1%,Labour,Con,Lean Labour,7%,Labour gain from Conservatives,Conservatives
Dudley,West Midlands,E14001204,34%,41%,4%,5%,16%,0%,0%,1%,Labour,Con,Lean Labour,7%,Labour gain from Conservatives,Conservatives
Stafford,West Midlands,E14001513,34%,42%,6%,6%,11%,0%,0%,1%,Labour,Con,Lean Labour,8%,Labour gain from Conservatives,Conservatives
Nuneaton,West Midlands,E14001413,33%,43%,3%,7%,13%,0%,0%,1%,Labour,Con,Lean Labour,9%,Labour gain from Conservatives,Conservatives
Halesowen,West Midlands,E14001261,33%,43%,5%,5%,14%,0%,0%,1%,Labour,Con,Likely Labour,10%,Labour gain from Conservatives,Conservatives
Worcester,West Midlands,E14001597,29%,45%,7%,8%,10%,0%,0%,1%,Labour,Con,Likely Labour,17%,Labour gain from Conservatives,Conservatives
Wolverhampton North East,West Midlands,E14001594,28%,46%,4%,5%,16%,0%,0%,1%,Labour,Con,Likely Labour,17%,Labour gain from Conservatives,Conservatives
Telford,West Midlands,E14001541,30%,48%,5%,4%,13%,0%,0%,1%,Labour,Con,Likely Labour,17%,Labour gain from Conservatives,Conservatives
Stoke-on-Trent North,West Midlands,E14001521,27%,45%,4%,5%,17%,0%,0%,1%,Labour,Con,Likely Labour,18%,Labour gain from Conservatives,Conservatives
Newcastle-under-Lyme,West Midlands,E14001380,29%,47%,5%,5%,14%,0%,0%,1%,Labour,Con,Likely Labour,18%,Labour gain from Conservatives,Conservatives
Shrewsbury,West Midlands,E14001473,28%,48%,7%,6%,10%,0%,0%,1%,Labour,Con,Likely Labour,20%,Labour gain from Conservatives,Conservatives
West Bromwich,West Midlands,E14001574,25%,48%,5%,7%,14%,0%,0%,1%,Labour,Con,Likely Labour,23%,Labour gain from Conservatives,Conservatives
Walsall and Bloxwich,West Midlands,E14001562,27%,51%,3%,6%,12%,0%,0%,0%,Labour,Con,Likely Labour,24%,Labour gain from Conservatives,Conservatives
Wolverhampton West,West Midlands,E14001596,28%,53%,3%,5%,9%,0%,0%,1%,Labour,Con,Likely Labour,25%,Labour gain from Conservatives,Conservatives
Tipton and Wednesbury,West Midlands,E14001547,24%,51%,4%,5%,15%,0%,0%,1%,Labour,Con,Safe Labour,27%,Labour gain from Conservatives,Conservatives
Birmingham Northfield,West Midlands,E14001097,24%,55%,4%,6%,11%,0%,0%,1%,Labour,Con,Safe Labour,31%,Labour gain from Conservatives,Conservatives
Stoke-on-Trent Central,West Midlands,E14001520,22%,54%,4%,6%,14%,0%,0%,1%,Labour,Con,Safe Labour,32%,Labour gain from Conservatives,Conservatives
Scarborough and Whitby,Yorkshire and The Humber,E14001461,33%,45%,4%,4%,13%,0%,0%,1%,Labour,Con,Likely Labour,12%,Labour gain from Conservatives,Conservatives
Doncaster East and the Isle of Axholme,Yorkshire and The Humber,E14001199,27%,42%,7%,6%,17%,0%,0%,3%,Labour,Con,Likely Labour,15%,Labour gain from Conservatives,Conservatives
Ossett and Denby Dale,Yorkshire and The Humber,E14001418,31%,47%,4%,4%,13%,0%,0%,1%,Labour,Con,Likely Labour,16%,Labour gain from Conservatives,Conservatives
Selby,Yorkshire and The Humber,E14001464,31%,47%,4%,5%,12%,0%,0%,1%,Labour,Con,Likely Labour,16%,Labour gain from Conservatives,Conservatives
Great Grimsby and Cleethorpes,Yorkshire and The Humber,E14001255,27%,44%,9%,5%,16%,0%,0%,0%,Labour,Con,Likely Labour,17%,Labour gain from Conservatives,Conservatives
Spen Valley,Yorkshire and The Humber,E14001506,26%,43%,7%,6%,14%,0%,0%,4%,Labour,Con,Likely Labour,17%,Labour gain from Conservatives,Conservatives
York Outer,Yorkshire and The Humber,E14001605,32%,50%,6%,4%,8%,0%,0%,1%,Labour,Con,Likely Labour,18%,Labour gain from Conservatives,Conservatives
Scunthorpe,Yorkshire and The Humber,E14001462,29%,48%,4%,4%,14%,0%,0%,1%,Labour,Con,Likely Labour,18%,Labour gain from Conservatives,Conservatives
Calder Valley,Yorkshire and The Humber,E14001147,32%,50%,4%,4%,9%,0%,0%,1%,Labour,Con,Likely Labour,18%,Labour gain from Conservatives,Conservatives
Colne Valley,Yorkshire and The Humber,E14001177,30%,49%,6%,5%,9%,0%,0%,1%,Labour,Con,Likely Labour,18%,Labour gain from Conservatives,Conservatives
Shipley,Yorkshire and The Humber,E14001472,31%,49%,5%,6%,9%,0%,0%,1%,Labour,Con,Likely Labour,19%,Labour gain from Conservatives,Conservatives
Penistone and Stocksbridge,Yorkshire and The Humber,E14001423,27%,47%,9%,3%,14%,0%,0%,1%,Labour,Con,Likely Labour,20%,Labour gain from Conservatives,Conservatives
Rother Valley,Yorkshire and The Humber,E14001451,25%,45%,4%,6%,18%,0%,0%,2%,Labour,Con,Likely Labour,20%,Labour gain from Conservatives,Conservatives
Leeds South West and Morley,Yorkshire and The Humber,E14001324,28%,49%,4%,6%,12%,0%,0%,1%,Labour,Con,Likely Labour,21%,Labour gain from Conservatives,Conservatives
Keighley and Ilkley,Yorkshire and The Humber,E14001308,30%,51%,4%,5%,9%,0%,0%,1%,Labour,Con,Likely Labour,21%,Labour gain from Conservatives,Conservatives
Wakefield and Rothwell,Yorkshire and The Humber,E14001560,22%,51%,9%,6%,12%,0%,0%,1%,Labour,Con,Safe Labour,28%,Labour gain from Conservatives,Conservatives
Leeds North West,Yorkshire and The Humber,E14001322,25%,54%,9%,4%,7%,0%,0%,1%,Labour,Con,Safe Labour,29%,Labour gain from Conservatives,Conservatives
Kingston upon Hull West and Haltemprice,Yorkshire and The Humber,E14001315,19%,52%,9%,4%,16%,0%,0%,1%,Labour,Con,Safe Labour,33%,Labour gain from Conservatives,Conservatives
Arbroath and Broughty Ferry,Scotland,S14000066,13%,32%,3%,5%,4%,0%,37%,6%,SNP,Lab,Tossup,5%,SNP hold,SNP
"Argyll, Bute and South Lochaber",Scotland,S14000067,24%,23%,6%,6%,4%,0%,34%,3%,SNP,Con,Likely SNP,11%,SNP hold,SNP
"Ayr, Carrick and Cumnock",Scotland,S14000006,23%,32%,3%,5%,4%,0%,31%,2%,Labour,SNP,Tossup,1%,Labour gain from SNP,SNP
Bathgate and Linlithgow,Scotland,S14000068,6%,43%,3%,6%,5%,0%,30%,7%,Labour,SNP,Likely Labour,13%,Labour gain from SNP,SNP
"Berwickshire, Roxburgh and Selkirk",Scotland,S14000008,40%,17%,4%,4%,3%,0%,31%,1%,Conservatives,SNP,Lean Conservatives,9%,Conservative hold,Conservatives
"Caithness, Sutherland and Easter Ross",Scotland,S14000069,7%,16%,20%,10%,8%,0%,31%,7%,SNP,LD,Likely SNP,12%,SNP hold,SNP
Central Ayrshire,Scotland,S14000010,18%,35%,3%,5%,4%,0%,31%,4%,Labour,SNP,Tossup,4%,Labour gain from SNP,SNP
Coatbridge and Bellshill,Scotland,S14000070,5%,52%,2%,7%,3%,0%,30%,1%,Labour,SNP,Likely Labour,22%,Labour gain from SNP,SNP
Cowdenbeath and Kirkcaldy,Scotland,S14000071,6%,50%,3%,7%,4%,0%,27%,4%,Labour,SNP,Likely Labour,23%,Labour gain from SNP,SNP
Cumbernauld and Kirkintilloch,Scotland,S14000072,5%,40%,3%,7%,3%,0%,38%,5%,Labour,SNP,Tossup,2%,Labour gain from SNP,SNP
Dumfries and Galloway,Scotland,S14000073,34%,20%,3%,4%,5%,0%,33%,1%,Conservatives,SNP,Tossup,1%,Conservative hold,Conservatives
"Dumfriesshire, Clydesdale and Tweeddale",Scotland,S14000074,37%,20%,4%,4%,5%,0%,30%,1%,Conservatives,SNP,Lean Conservatives,7%,Conservative hold,Conservatives
Dundee Central,Scotland,S14000075,1%,30%,3%,11%,3%,0%,41%,10%,SNP,Lab,Likely SNP,12%,SNP hold,SNP
Dunfermline and Dollar,Scotland,S14000076,5%,41%,4%,6%,4%,0%,32%,8%,Labour,SNP,Lean Labour,9%,Labour gain from SNP,SNP
East Kilbride and Strathaven,Scotland,S14000077,3%,46%,3%,5%,3%,0%,32%,7%,Labour,SNP,Likely Labour,14%,Labour gain from SNP,SNP
East Renfrewshire,Scotland,S14000021,13%,41%,3%,4%,3%,0%,30%,6%,Labour,SNP,Likely Labour,11%,Labour gain from SNP,SNP
Edinburgh East and Musselburgh,Scotland,S14000078,3%,34%,3%,11%,3%,0%,37%,9%,SNP,Lab,Tossup,3%,SNP hold,SNP
Edinburgh North and Leith,Scotland,S14000079,4%,35%,5%,10%,3%,0%,34%,9%,Labour,SNP,Tossup,1%,Labour gain from SNP,SNP
Edinburgh South,Scotland,S14000080,6%,53%,4%,9%,3%,0%,22%,3%,Labour,SNP,Safe Labour,31%,Labour hold,Labour
Edinburgh South West,Scotland,S14000081,9%,33%,4%,8%,4%,0%,34%,8%,SNP,Lab,Tossup,0%,SNP hold,SNP
Edinburgh West,Scotland,S14000082,6%,16%,24%,9%,6%,0%,30%,9%,SNP,LD,Lean SNP,5%,SNP gain from Lib Dems,Lib Dems
Falkirk,Scotland,S14000083,6%,38%,2%,5%,7%,0%,33%,8%,Labour,SNP,Lean Labour,5%,Labour gain from SNP,SNP
Glasgow East,Scotland,S14000084,1%,40%,3%,10%,3%,0%,33%,9%,Labour,SNP,Lean Labour,7%,Labour gain from SNP,SNP
Glasgow North,Scotland,S14000085,5%,37%,3%,14%,3%,0%,33%,4%,Labour,SNP,Tossup,4%,Labour gain from SNP,SNP
Glasgow North East,Scotland,S14000086,2%,36%,4%,11%,4%,0%,35%,9%,Labour,SNP,Tossup,0%,Labour gain from SNP,SNP
Glasgow South,Scotland,S14000087,5%,45%,3%,8%,3%,0%,33%,2%,Labour,SNP,Likely Labour,12%,Labour gain from SNP,SNP
Glasgow South West,Scotland,S14000088,1%,41%,4%,9%,3%,0%,33%,9%,Labour,SNP,Lean Labour,8%,Labour gain from SNP,SNP
Glasgow West,Scotland,S14000089,3%,36%,4%,10%,3%,0%,36%,9%,Labour,SNP,Tossup,1%,Labour gain from SNP,SNP
Glenrothes and Mid Fife,Scotland,S14000090,4%,37%,3%,8%,4%,0%,36%,8%,Labour,SNP,Tossup,1%,Labour gain from SNP,SNP
Gordon and Buchan,Scotland,S14000091,35%,18%,6%,4%,6%,0%,30%,1%,Conservatives,SNP,Tossup,4%,Conservative hold,Conservatives
Hamilton and Clyde Valley,Scotland,S14000092,8%,45%,3%,6%,3%,0%,30%,5%,Labour,SNP,Likely Labour,15%,Labour gain from SNP,SNP
Inverclyde and Renfrewshire West,Scotland,S14000093,3%,41%,4%,7%,2%,0%,34%,9%,Labour,SNP,Lean Labour,6%,Labour gain from SNP,SNP
"Inverness, Skye and West Ross-shire",Scotland,S14000094,11%,25%,7%,8%,5%,0%,38%,7%,SNP,Lab,Likely SNP,13%,SNP hold,SNP
Leicester East,East Midlands,E14001326,24%,45%,6%,10%,8%,0%,0%,8%,Labour,Con,Likely Labour,21%,Labour hold,Labour
Chesterfield,East Midlands,E14001165,19%,50%,5%,8%,16%,0%,0%,1%,Labour,Con,Safe Labour,31%,Labour hold,Labour
Derby South,East Midlands,E14001194,19%,52%,7%,8%,13%,0%,0%,1%,Labour,Con,Safe Labour,34%,Labour hold,Labour
Nottingham North and Kimberley,East Midlands,E14001411,20%,55%,3%,8%,13%,0%,0%,1%,Labour,Con,Safe Labour,35%,Labour hold,Labour
Leicester West,East Midlands,E14001328,17%,58%,6%,8%,10%,0%,0%,1%,Labour,Con,Safe Labour,41%,Labour hold,Labour
Nottingham South,East Midlands,E14001412,14%,57%,7%,10%,10%,0%,0%,1%,Labour,Con,Safe Labour,43%,Labour hold,Labour
Leicester South,East Midlands,E14001327,10%,63%,6%,12%,6%,0%,0%,4%,Labour,Grn,Safe Labour,51%,Labour hold,Labour
Nottingham East,East Midlands,E14001410,9%,69%,5%,11%,6%,0%,0%,1%,Labour,Grn,Safe Labour,58%,Labour hold,Labour
Bedford,East of England,E14001084,24%,52%,5%,8%,10%,0%,0%,1%,Labour,Con,Safe Labour,28%,Labour hold,Labour
Cambridge,East of England,E14001149,5%,53%,23%,10%,4%,0%,0%,4%,Labour,LD,Safe Labour,30%,Labour hold,Labour
Luton South and South Bedfordshire,East of England,E14001346,18%,51%,7%,9%,11%,0%,0%,4%,Labour,Con,Safe Labour,32%,Labour hold,Labour
Luton North,East of England,E14001345,18%,55%,4%,9%,11%,0%,0%,2%,Labour,Con,Safe Labour,37%,Labour hold,Labour
Norwich South,East of England,E14001409,14%,61%,7%,10%,8%,0%,0%,1%,Labour,Con,Safe Labour,47%,Labour hold,Labour
Dagenham and Rainham,London,E14001189,20%,47%,6%,8%,16%,0%,0%,3%,Labour,Con,Safe Labour,27%,Labour hold,Labour
Croydon East,London,E14001186,24%,51%,6%,9%,10%,0%,0%,1%,Labour,Con,Safe Labour,27%,Labour hold,Labour
Kensington and Bayswater,London,E14001310,24%,53%,11%,6%,5%,0%,0%,1%,Labour,Con,Safe Labour,29%,Labour hold,Labour
Beckenham and Penge,London,E14001083,22%,52%,11%,7%,8%,0%,0%,1%,Labour,Con,Safe Labour,29%,Labour hold,Labour
Brent West,London,E14001123,21%,53%,10%,9%,6%,0%,0%,1%,Labour,Con,Safe Labour,32%,Labour hold,Labour
Putney,London,E14001434,22%,56%,10%,8%,4%,0%,0%,1%,Labour,Con,Safe Labour,34%,Labour hold,Labour
Harrow West,London,E14001271,21%,56%,6%,9%,7%,0%,0%,1%,Labour,Con,Safe Labour,35%,Labour hold,Labour
Feltham and Heston,London,E14001236,18%,53%,6%,11%,10%,0%,0%,1%,Labour,Con,Safe Labour,35%,Labour hold,Labour
Dulwich and West Norwood,London,E14001205,4%,61%,5%,24%,3%,0%,0%,3%,Labour,Grn,Safe Labour,36%,Labour hold,Labour
Ilford North,London,E14001300,21%,58%,4%,8%,8%,0%,0%,2%,Labour,Con,Safe Labour,37%,Labour hold,Labour
Bermondsey and Old Southwark,London,E14001085,7%,59%,22%,7%,5%,0%,0%,1%,Labour,LD,Safe Labour,37%,Labour hold,Labour
Battersea,London,E14001081,20%,60%,7%,8%,4%,0%,0%,1%,Labour,Con,Safe Labour,40%,Labour hold,Labour
Ealing North,London,E14001208,17%,57%,7%,10%,8%,0%,0%,1%,Labour,Con,Safe Labour,40%,Labour hold,Labour
Hayes and Harlington,London,E14001276,18%,58%,4%,8%,9%,0%,0%,2%,Labour,Con,Safe Labour,41%,Labour hold,Labour
Enfield North,London,E14001225,19%,60%,6%,7%,8%,0%,0%,1%,Labour,Con,Safe Labour,41%,Labour hold,Labour
Brentford and Isleworth,London,E14001124,15%,56%,11%,10%,7%,0%,0%,1%,Labour,Con,Safe Labour,41%,Labour hold,Labour
Hammersmith and Chiswick,London,E14001264,17%,60%,9%,9%,5%,0%,0%,1%,Labour,Con,Safe Labour,42%,Labour hold,Labour
Edmonton and Winchmore Hill,London,E14001221,17%,61%,5%,9%,8%,0%,0%,1%,Labour,Con,Safe Labour,44%,Labour hold,Labour
Hampstead and Highgate,London,E14001265,13%,60%,14%,9%,4%,0%,0%,1%,Labour,LD,Safe Labour,46%,Labour hold,Labour
Southgate and Wood Green,London,E14001503,16%,62%,7%,8%,6%,0%,0%,1%,Labour,Con,Safe Labour,47%,Labour hold,Labour
Ealing Southall,London,E14001209,14%,61%,6%,13%,6%,0%,0%,1%,Labour,Con,Safe Labour,47%,Labour hold,Labour
Ilford South,London,E14001301,11%,61%,4%,12%,7%,0%,0%,5%,Labour,Grn,Safe Labour,49%,Labour hold,Labour
Islington North,London,E14001305,5%,61%,10%,12%,3%,0%,0%,8%,Labour,Grn,Safe Labour,49%,Labour hold,Labour
Ealing Central and Acton,London,E14001207,14%,64%,8%,8%,5%,0%,0%,1%,Labour,Con,Safe Labour,50%,Labour hold,Labour
Erith and Thamesmead,London,E14001229,13%,64%,5%,10%,8%,0%,0%,1%,Labour,Con,Safe Labour,51%,Labour hold,Labour
Brent East,London,E14001122,11%,62%,8%,11%,6%,0%,0%,1%,Labour,Grn,Safe Labour,51%,Labour hold,Labour
Tooting,London,E14001550,15%,66%,6%,8%,4%,0%,0%,1%,Labour,Con,Safe Labour,51%,Labour hold,Labour
Greenwich and Woolwich,London,E14001257,12%,63%,10%,10%,5%,0%,0%,1%,Labour,Con,Safe Labour,51%,Labour hold,Labour
Mitcham and Morden,London,E14001371,13%,64%,7%,8%,8%,0%,0%,1%,Labour,Con,Safe Labour,52%,Labour hold,Labour
Barking,London,E14001073,11%,63%,4%,10%,11%,0%,0%,1%,Labour,Con,Safe Labour,52%,Labour hold,Labour
Streatham and Croydon North,London,E14001527,8%,65%,12%,10%,5%,0%,0%,1%,Labour,LD,Safe Labour,53%,Labour hold,Labour
Bethnal Green and Stepney,London,E14001086,2%,68%,8%,14%,4%,0%,0%,4%,Labour,Grn,Safe Labour,54%,Labour hold,Labour
Hornsey and Friern Barnet,London,E14001293,4%,67%,14%,12%,3%,0%,0%,0%,Labour,LD,Safe Labour,54%,Labour hold,Labour
Lewisham East,London,E14001331,9%,66%,7%,11%,6%,0%,0%,1%,Labour,Grn,Safe Labour,55%,Labour hold,Labour
Vauxhall and Camberwell Green,London,E14001559,5%,67%,12%,11%,4%,0%,0%,2%,Labour,LD,Safe Labour,56%,Labour hold,Labour
Leyton and Wanstead,London,E14001334,9%,68%,6%,12%,5%,0%,0%,1%,Labour,Grn,Safe Labour,56%,Labour hold,Labour
Islington South and Finsbury,London,E14001306,6%,67%,11%,11%,4%,0%,0%,1%,Labour,LD,Safe Labour,56%,Labour hold,Labour
Stratford and Bow,London,E14001525,5%,71%,5%,15%,5%,0%,0%,1%,Labour,Grn,Safe Labour,56%,Labour hold,Labour
West Ham and Beckton,London,E14001576,5%,68%,8%,12%,7%,0%,0%,2%,Labour,Grn,Safe Labour,56%,Labour hold,Labour
Poplar and Limehouse,London,E14001430,7%,68%,9%,10%,4%,0%,0%,2%,Labour,Grn,Safe Labour,57%,Labour hold,Labour
East Ham,London,E14001213,5%,70%,4%,12%,4%,0%,0%,4%,Labour,Grn,Safe Labour,58%,Labour hold,Labour
Queen's Park and Maida Vale,London,E14001435,8%,68%,8%,10%,5%,0%,0%,1%,Labour,Grn,Safe Labour,58%,Labour hold,Labour
Croydon West,London,E14001188,9%,68%,6%,10%,6%,0%,0%,1%,Labour,Grn,Safe Labour,59%,Labour hold,Labour
Hackney South and Shoreditch,London,E14001260,2%,75%,3%,16%,3%,0%,0%,1%,Labour,Grn,Safe Labour,59%,Labour hold,Labour
Lewisham North,London,E14001332,2%,73%,8%,13%,3%,0%,0%,1%,Labour,Grn,Safe Labour,59%,Labour hold,Labour
Lewisham West and East Dulwich,London,E14001333,5%,73%,4%,14%,3%,0%,0%,1%,Labour,Grn,Safe Labour,59%,Labour hold,Labour
Clapham and Brixton Hill,London,E14001175,8%,71%,8%,9%,3%,0%,0%,1%,Labour,Grn,Safe Labour,62%,Labour hold,Labour
Peckham,London,E14001421,2%,75%,6%,12%,4%,0%,0%,1%,Labour,Grn,Safe Labour,63%,Labour hold,Labour
Holborn and St Pancras,London,E14001290,5%,73%,8%,9%,4%,0%,0%,0%,Labour,Grn,Safe Labour,64%,Labour hold,Labour
Tottenham,London,E14001553,2%,76%,4%,13%,4%,0%,0%,1%,Labour,Grn,Safe Labour,64%,Labour hold,Labour
Hackney North and Stoke Newington,London,E14001259,3%,78%,3%,12%,3%,0%,0%,1%,Labour,Grn,Safe Labour,65%,Labour hold,Labour
Walthamstow,London,E14001563,3%,78%,4%,11%,4%,0%,0%,1%,Labour,Grn,Safe Labour,67%,Labour hold,Labour
Hartlepool,North East,E14001272,12%,53%,4%,5%,23%,0%,0%,3%,Labour,Ref,Safe Labour,30%,Labour hold,Labour
Sunderland Central,North East,E14001531,17%,48%,8%,10%,15%,0%,0%,2%,Labour,Con,Safe Labour,31%,Labour hold,Labour
Jarrow and Gateshead East,North East,E14001307,8%,49%,6%,10%,16%,0%,0%,11%,Labour,Ref,Safe Labour,32%,Labour hold,Labour
Tynemouth,North East,E14001557,23%,56%,4%,7%,10%,0%,0%,1%,Labour,Con,Safe Labour,33%,Labour hold,Labour
South Shields,North East,E14001492,10%,50%,4%,11%,16%,0%,0%,8%,Labour,Ref,Safe Labour,34%,Labour hold,Labour
Washington and Gateshead South,North East,E14001567,14%,52%,8%,7%,17%,0%,0%,3%,Labour,Ref,Safe Labour,35%,Labour hold,Labour
Gateshead Central and Whickham,North East,E14001244,15%,50%,12%,9%,12%,0%,0%,3%,Labour,Con,Safe Labour,35%,Labour hold,Labour
Cramlington and Killingworth,North East,E14001183,19%,54%,6%,6%,14%,0%,0%,1%,Labour,Con,Safe Labour,35%,Labour hold,Labour
Houghton and Sunderland South,North East,E14001295,14%,55%,5%,7%,18%,0%,0%,1%,Labour,Ref,Safe Labour,37%,Labour hold,Labour
Blaydon and Consett,North East,E14001106,17%,55%,6%,8%,14%,0%,0%,0%,Labour,Con,Safe Labour,37%,Labour hold,Labour
Stockton North,North East,E14001518,17%,56%,4%,6%,16%,0%,0%,1%,Labour,Con,Safe Labour,39%,Labour hold,Labour
North Durham,North East,E14001389,17%,56%,5%,7%,15%,0%,0%,0%,Labour,Con,Safe Labour,39%,Labour hold,Labour
Middlesbrough and Thornaby East,North East,E14001367,9%,56%,6%,10%,15%,0%,0%,5%,Labour,Ref,Safe Labour,41%,Labour hold,Labour
Newcastle upon Tyne North,North East,E14001379,16%,58%,8%,9%,9%,0%,0%,1%,Labour,Con,Safe Labour,41%,Labour hold,Labour
City of Durham,North East,E14001173,16%,58%,9%,7%,10%,0%,0%,1%,Labour,Con,Safe Labour,41%,Labour hold,Labour
Easington,North East,E14001211,10%,61%,4%,5%,19%,0%,0%,1%,Labour,Ref,Safe Labour,42%,Labour hold,Labour
Blyth and Ashington,North East,E14001107,14%,60%,5%,6%,15%,0%,0%,0%,Labour,Ref,Safe Labour,46%,Labour hold,Labour
Newcastle upon Tyne Central and West,North East,E14001377,11%,65%,5%,9%,11%,0%,0%,0%,Labour,Con,Safe Labour,54%,Labour hold,Labour
Newcastle upon Tyne East and Wallsend,North East,E14001378,8%,65%,7%,10%,10%,0%,0%,1%,Labour,Grn,Safe Labour,55%,Labour hold,Labour
Oldham East and Saddleworth,North West,E14001415,21%,46%,7%,7%,14%,0%,0%,5%,Labour,Con,Safe Labour,25%,Labour hold,Labour
Wirral West,North West,E14001589,28%,54%,4%,5%,8%,0%,0%,1%,Labour,Con,Safe Labour,26%,Labour hold,Labour
Heywood and Middleton North,North West,E14001286,18%,45%,3%,8%,14%,0%,0%,11%,Labour,Con,Safe Labour,27%,Labour hold,Labour
Warrington South,North West,E14001565,24%,55%,5%,4%,11%,0%,0%,1%,Labour,Con,Safe Labour,30%,Labour hold,Labour
Warrington North,North West,E14001564,20%,55%,5%,6%,13%,0%,0%,1%,Labour,Con,Safe Labour,34%,Labour hold,Labour
Worsley and Eccles,North West,E14001598,19%,54%,5%,8%,15%,0%,0%,0%,Labour,Con,Safe Labour,35%,Labour hold,Labour
Stalybridge and Hyde,North West,E14001515,19%,54%,4%,8%,14%,0%,0%,1%,Labour,Con,Safe Labour,36%,Labour hold,Labour
Rochdale,North West,E14001446,15%,53%,10%,7%,12%,0%,0%,3%,Labour,Con,Safe Labour,38%,Labour hold,Labour
Makerfield,North West,E14001350,14%,55%,5%,7%,17%,0%,0%,1%,Labour,Ref,Safe Labour,38%,Labour hold,Labour
"Oldham West, Chadderton and Royton",North West,E14001416,14%,52%,5%,9%,12%,0%,0%,9%,Labour,Con,Safe Labour,38%,Labour hold,Labour
Chester North and Neston,North West,E14001163,21%,60%,3%,7%,8%,0%,0%,1%,Labour,Con,Safe Labour,39%,Labour hold,Labour
West Lancashire,North West,E14001577,17%,58%,6%,7%,11%,0%,0%,1%,Labour,Con,Safe Labour,40%,Labour hold,Labour
Wigan,North West,E14001585,13%,57%,6%,7%,16%,0%,0%,1%,Labour,Ref,Safe Labour,41%,Labour hold,Labour
Ashton-under-Lyne,North West,E14001070,16%,57%,4%,8%,14%,0%,0%,1%,Labour,Con,Safe Labour,42%,Labour hold,Labour
Runcorn and Helsby,North West,E14001455,17%,60%,5%,6%,11%,0%,0%,1%,Labour,Con,Safe Labour,42%,Labour hold,Labour
Stockport,North West,E14001517,13%,58%,6%,12%,10%,0%,0%,0%,Labour,Con,Safe Labour,44%,Labour hold,Labour
Sefton Central,North West,E14001463,19%,64%,4%,5%,8%,0%,0%,1%,Labour,Con,Safe Labour,45%,Labour hold,Labour
Bolton South and Walkden,North West,E14001111,14%,60%,4%,9%,12%,0%,0%,1%,Labour,Con,Safe Labour,45%,Labour hold,Labour
St Helens North,North West,E14001509,11%,60%,5%,10%,14%,0%,0%,1%,Labour,Ref,Safe Labour,47%,Labour hold,Labour
Preston,North West,E14001433,13%,60%,6%,8%,10%,0%,0%,2%,Labour,Con,Safe Labour,47%,Labour hold,Labour
Wythenshawe and Sale East,North West,E14001602,14%,63%,5%,9%,10%,0%,0%,1%,Labour,Con,Safe Labour,49%,Labour hold,Labour
Blackburn,North West,E14001102,11%,61%,5%,11%,9%,0%,0%,3%,Labour,Con,Safe Labour,50%,Labour hold,Labour
Birkenhead,North West,E14001091,5%,63%,6%,13%,9%,0%,0%,3%,Labour,Grn,Safe Labour,50%,Labour hold,Labour
Stretford and Urmston,North West,E14001528,13%,64%,5%,9%,9%,0%,0%,0%,Labour,Con,Safe Labour,52%,Labour hold,Labour
Manchester Central,North West,E14001352,7%,64%,11%,9%,7%,0%,0%,2%,Labour,LD,Safe Labour,52%,Labour hold,Labour
Salford,North West,E14001459,8%,64%,4%,12%,11%,0%,0%,1%,Labour,Grn,Safe Labour,52%,Labour hold,Labour
St Helens South and Whiston,North West,E14001510,7%,66%,6%,8%,12%,0%,0%,1%,Labour,Ref,Safe Labour,53%,Labour hold,Labour
Wallasey,North West,E14001561,12%,65%,3%,10%,10%,0%,0%,1%,Labour,Con,Safe Labour,54%,Labour hold,Labour
Gorton and Denton,North West,E14001251,7%,65%,5%,11%,9%,0%,0%,4%,Labour,Grn,Safe Labour,54%,Labour hold,Labour
Blackley and Middleton South,North West,E14001103,11%,67%,3%,7%,11%,0%,0%,1%,Labour,Con,Safe Labour,56%,Labour hold,Labour
Manchester Withington,North West,E14001354,4%,71%,6%,15%,3%,0%,0%,1%,Labour,Grn,Safe Labour,57%,Labour hold,Labour
Ellesmere Port and Bromborough,North West,E14001222,10%,68%,4%,7%,11%,0%,0%,1%,Labour,Ref,Safe Labour,57%,Labour hold,Labour
Liverpool Wavertree,North West,E14001340,1%,73%,6%,15%,4%,0%,0%,1%,Labour,Grn,Safe Labour,58%,Labour hold,Labour
Liverpool Riverside,North West,E14001338,5%,74%,4%,12%,4%,0%,0%,1%,Labour,Grn,Safe Labour,63%,Labour hold,Labour
Widnes and Halewood,North West,E14001584,7%,73%,3%,7%,9%,0%,0%,1%,Labour,Ref,Safe Labour,64%,Labour hold,Labour
Manchester Rusholme,North West,E14001353,1%,78%,4%,13%,4%,0%,0%,1%,Labour,Grn,Safe Labour,65%,Labour hold,Labour
Bootle,North West,E14001113,5%,74%,4%,9%,8%,0%,0%,1%,Labour,Grn,Safe Labour,65%,Labour hold,Labour
Liverpool Garston,North West,E14001337,3%,74%,8%,8%,6%,0%,0%,1%,Labour,Grn,Safe Labour,66%,Labour hold,Labour
Knowsley,North West,E14001317,5%,75%,4%,9%,7%,0%,0%,1%,Labour,Grn,Safe Labour,66%,Labour hold,Labour
Liverpool Walton,North West,E14001339,5%,79%,3%,7%,6%,0%,0%,1%,Labour,Grn,Safe Labour,71%,Labour hold,Labour
Liverpool West Derby,North West,E14001341,5%,78%,4%,6%,6%,0%,0%,1%,Labour,Grn,Safe Labour,72%,Labour hold,Labour
Kilmarnock and Loudoun,Scotland,S14000040,7%,39%,3%,6%,3%,0%,35%,7%,Labour,SNP,Tossup,4%,Labour gain from SNP,SNP
Canterbury,South East,E14001151,28%,49%,6%,7%,10%,0%,0%,1%,Labour,Con,Likely Labour,21%,Labour hold,Labour
Slough,South East,E14001477,15%,50%,9%,11%,8%,0%,0%,7%,Labour,Con,Safe Labour,36%,Labour hold,Labour
Reading Central,South East,E14001438,20%,58%,6%,9%,6%,0%,0%,1%,Labour,Con,Safe Labour,38%,Labour hold,Labour
Southampton Test,South East,E14001500,17%,55%,9%,8%,10%,0%,0%,1%,Labour,Con,Safe Labour,38%,Labour hold,Labour
Brighton Kemptown and Peacehaven,South East,E14001129,18%,57%,5%,10%,8%,0%,0%,1%,Labour,Con,Safe Labour,39%,Labour hold,Labour
Portsmouth South,South East,E14001432,18%,58%,8%,6%,9%,0%,0%,1%,Labour,Con,Safe Labour,40%,Labour hold,Labour
Oxford East,South East,E14001419,9%,62%,9%,12%,5%,0%,0%,2%,Labour,Grn,Safe Labour,50%,Labour hold,Labour
Hove and Portslade,South East,E14001296,14%,66%,5%,9%,5%,0%,0%,1%,Labour,Con,Safe Labour,51%,Labour hold,Labour
Bristol North West,South West,E14001134,20%,53%,7%,14%,6%,0%,0%,1%,Labour,Con,Safe Labour,33%,Labour hold,Labour
Bristol North East,South West,E14001133,20%,55%,4%,10%,10%,0%,0%,1%,Labour,Con,Safe Labour,34%,Labour hold,Labour
Bristol East,South West,E14001132,9%,56%,5%,21%,7%,0%,0%,3%,Labour,Grn,Safe Labour,35%,Labour hold,Labour
Plymouth Sutton and Devonport,South West,E14001427,17%,59%,5%,7%,11%,0%,0%,1%,Labour,Con,Safe Labour,42%,Labour hold,Labour
Bristol South,South West,E14001135,15%,58%,5%,12%,9%,0%,0%,1%,Labour,Con,Safe Labour,43%,Labour hold,Labour
Exeter,South West,E14001231,14%,60%,4%,13%,8%,0%,0%,1%,Labour,Con,Safe Labour,46%,Labour hold,Labour
Llanelli,Wales,W07000098,16%,38%,3%,5%,14%,22%,0%,4%,Labour,PC,Likely Labour,16%,Labour hold,Labour
Gower,Wales,W07000097,27%,44%,5%,4%,10%,11%,0%,0%,Labour,Con,Likely Labour,17%,Labour hold,Labour
Newport West and Islwyn,Wales,W07000105,21%,45%,4%,4%,12%,11%,0%,2%,Labour,Con,Likely Labour,23%,Labour hold,Labour
Alyn and Deeside,Wales,W07000082,23%,47%,6%,3%,12%,8%,0%,1%,Labour,Con,Likely Labour,24%,Labour hold,Labour
Newport East,Wales,W07000104,19%,46%,6%,5%,12%,9%,0%,3%,Labour,Con,Safe Labour,27%,Labour hold,Labour
Merthyr Tydfil and Aberdare,Wales,W07000099,10%,44%,4%,6%,14%,17%,0%,5%,Labour,PC,Safe Labour,27%,Labour hold,Labour
Pontypridd,Wales,W07000106,14%,46%,3%,4%,11%,18%,0%,4%,Labour,PC,Safe Labour,28%,Labour hold,Labour
Caerphilly,Wales,W07000088,15%,46%,2%,4%,13%,17%,0%,3%,Labour,PC,Safe Labour,29%,Labour hold,Labour
Cardiff North,Wales,W07000090,23%,52%,4%,4%,7%,10%,0%,1%,Labour,Con,Safe Labour,29%,Labour hold,Labour
Torfaen,Wales,W07000109,17%,49%,4%,4%,15%,9%,0%,1%,Labour,Con,Safe Labour,32%,Labour hold,Labour
Neath and Swansea East,Wales,W07000103,14%,47%,4%,5%,12%,14%,0%,2%,Labour,Con,Safe Labour,33%,Labour hold,Labour
Cardiff West,Wales,W07000092,18%,51%,3%,6%,7%,13%,0%,2%,Labour,Con,Safe Labour,33%,Labour hold,Labour
Cardiff South and Penarth,Wales,W07000091,17%,52%,8%,7%,6%,10%,0%,0%,Labour,Con,Safe Labour,35%,Labour hold,Labour
Swansea West,Wales,W07000108,15%,50%,5%,5%,10%,12%,0%,2%,Labour,Con,Safe Labour,35%,Labour hold,Labour
Aberafan Maesteg,Wales,W07000081,9%,52%,5%,4%,12%,13%,0%,3%,Labour,PC,Safe Labour,39%,Labour hold,Labour
Blaenau Gwent and Rhymney,Wales,W07000084,8%,55%,4%,4%,15%,12%,0%,3%,Labour,Ref,Safe Labour,40%,Labour hold,Labour
Rhondda and Ogmore,Wales,W07000107,5%,56%,4%,5%,13%,14%,0%,3%,Labour,PC,Safe Labour,42%,Labour hold,Labour
Cardiff East,Wales,W07000089,12%,56%,8%,6%,7%,10%,0%,1%,Labour,Con,Safe Labour,44%,Labour hold,Labour
Coventry North West,West Midlands,E14001181,22%,50%,6%,8%,12%,0%,0%,1%,Labour,Con,Safe Labour,28%,Labour hold,Labour
Coventry South,West Midlands,E14001182,24%,54%,5%,7%,10%,0%,0%,1%,Labour,Con,Safe Labour,30%,Labour hold,Labour
Warwick and Leamington,West Midlands,E14001566,23%,54%,5%,10%,8%,0%,0%,1%,Labour,Con,Safe Labour,31%,Labour hold,Labour
Coventry East,West Midlands,E14001180,17%,51%,6%,9%,12%,0%,0%,4%,Labour,Con,Safe Labour,34%,Labour hold,Labour
Birmingham Erdington,West Midlands,E14001093,20%,55%,4%,7%,12%,0%,0%,1%,Labour,Con,Safe Labour,35%,Labour hold,Labour
Wolverhampton South East,West Midlands,E14001595,18%,55%,4%,7%,16%,0%,0%,0%,Labour,Con,Safe Labour,37%,Labour hold,Labour
Birmingham Edgbaston,West Midlands,E14001092,19%,59%,5%,8%,8%,0%,0%,1%,Labour,Con,Safe Labour,39%,Labour hold,Labour
Birmingham Selly Oak,West Midlands,E14001099,17%,57%,5%,12%,9%,0%,0%,1%,Labour,Con,Safe Labour,40%,Labour hold,Labour
Birmingham Yardley,West Midlands,E14001100,13%,54%,8%,9%,10%,0%,0%,6%,Labour,Con,Safe Labour,41%,Labour hold,Labour
Smethwick,West Midlands,E14001478,13%,56%,6%,9%,12%,0%,0%,4%,Labour,Con,Safe Labour,43%,Labour hold,Labour
Birmingham Hodge Hill and Solihull North,West Midlands,E14001095,13%,58%,5%,11%,11%,0%,0%,3%,Labour,Con,Safe Labour,45%,Labour hold,Labour
Birmingham Hall Green and Moseley,West Midlands,E14001094,8%,59%,6%,12%,6%,0%,0%,10%,Labour,Grn,Safe Labour,47%,Labour hold,Labour
Birmingham Perry Barr,West Midlands,E14001098,10%,67%,5%,9%,7%,0%,0%,2%,Labour,Con,Safe Labour,56%,Labour hold,Labour
Birmingham Ladywood,West Midlands,E14001096,2%,78%,3%,11%,4%,0%,0%,1%,Labour,Grn,Safe Labour,67%,Labour hold,Labour
Sheffield Hallam,Yorkshire and The Humber,E14001468,14%,41%,25%,8%,7%,0%,0%,4%,Labour,LD,Likely Labour,16%,Labour hold,Labour
Barnsley North,Yorkshire and The Humber,E14001074,7%,48%,9%,6%,23%,0%,0%,6%,Labour,Ref,Safe Labour,26%,Labour hold,Labour
Halifax,Yorkshire and The Humber,E14001262,22%,49%,6%,8%,14%,0%,0%,2%,Labour,Con,Safe Labour,27%,Labour hold,Labour
Leeds West and Pudsey,Yorkshire and The Humber,E14001325,23%,53%,5%,9%,10%,0%,0%,1%,Labour,Con,Safe Labour,30%,Labour hold,Labour
Leeds East,Yorkshire and The Humber,E14001320,21%,52%,4%,8%,13%,0%,0%,2%,Labour,Con,Safe Labour,31%,Labour hold,Labour
Normanton and Hemsworth,Yorkshire and The Humber,E14001383,12%,52%,6%,6%,20%,0%,0%,4%,Labour,Ref,Safe Labour,32%,Labour hold,Labour
"Pontefract, Castleford and Knottingley",Yorkshire and The Humber,E14001428,14%,54%,5%,4%,20%,0%,0%,3%,Labour,Ref,Safe Labour,34%,Labour hold,Labour
Barnsley South,Yorkshire and The Humber,E14001075,7%,56%,4%,7%,22%,0%,0%,4%,Labour,Ref,Safe Labour,34%,Labour hold,Labour
Doncaster North,Yorkshire and The Humber,E14001200,13%,56%,4%,5%,22%,0%,0%,1%,Labour,Ref,Safe Labour,34%,Labour hold,Labour
Bradford South,Yorkshire and The Humber,E14001119,19%,53%,4%,9%,15%,0%,0%,1%,Labour,Con,Safe Labour,34%,Labour hold,Labour
Kingston upon Hull East,Yorkshire and The Humber,E14001313,11%,54%,8%,6%,20%,0%,0%,1%,Labour,Ref,Safe Labour,34%,Labour hold,Labour
Rotherham,Yorkshire and The Humber,E14001452,13%,53%,7%,5%,19%,0%,0%,3%,Labour,Ref,Safe Labour,34%,Labour hold,Labour
Rawmarsh and Conisbrough,Yorkshire and The Humber,E14001436,15%,56%,4%,4%,20%,0%,0%,1%,Labour,Ref,Safe Labour,37%,Labour hold,Labour
Huddersfield,Yorkshire and The Humber,E14001297,18%,56%,4%,12%,9%,0%,0%,0%,Labour,Con,Safe Labour,38%,Labour hold,Labour
Doncaster Central,Yorkshire and The Humber,E14001198,16%,56%,4%,6%,17%,0%,0%,1%,Labour,Ref,Safe Labour,39%,Labour hold,Labour
Sheffield South East,Yorkshire and The Humber,E14001470,16%,57%,5%,5%,16%,0%,0%,0%,Labour,Con,Safe Labour,40%,Labour hold,Labour
Dewsbury and Batley,Yorkshire and The Humber,E14001196,14%,55%,6%,11%,11%,0%,0%,5%,Labour,Con,Safe Labour,40%,Labour hold,Labour
Kingston upon Hull North and Cottingham,Yorkshire and The Humber,E14001314,14%,56%,8%,7%,14%,0%,0%,0%,Labour,Ref,Safe Labour,41%,Labour hold,Labour
Sheffield Brightside and Hillsborough,Yorkshire and The Humber,E14001466,10%,58%,4%,11%,13%,0%,0%,4%,Labour,Ref,Safe Labour,45%,Labour hold,Labour
Sheffield Central,Yorkshire and The Humber,E14001467,2%,69%,6%,19%,4%,0%,0%,1%,Labour,Grn,Safe Labour,50%,Labour hold,Labour
Bradford East,Yorkshire and The Humber,E14001118,9%,59%,9%,9%,9%,0%,0%,5%,Labour,Grn,Safe Labour,50%,Labour hold,Labour
Sheffield Heeley,Yorkshire and The Humber,E14001469,11%,62%,5%,10%,11%,0%,0%,1%,Labour,Con,Safe Labour,50%,Labour hold,Labour
Leeds South,Yorkshire and The Humber,E14001323,11%,62%,4%,11%,11%,0%,0%,1%,Labour,Grn,Safe Labour,50%,Labour hold,Labour
Leeds North East,Yorkshire and The Humber,E14001321,12%,63%,5%,12%,6%,0%,0%,1%,Labour,Con,Safe Labour,51%,Labour hold,Labour
York Central,Yorkshire and The Humber,E14001604,12%,65%,5%,10%,6%,0%,0%,1%,Labour,Con,Safe Labour,53%,Labour hold,Labour
Bradford West,Yorkshire and The Humber,E14001120,6%,66%,3%,12%,6%,0%,0%,7%,Labour,Grn,Safe Labour,55%,Labour hold,Labour
Leeds Central and Headingley,Yorkshire and The Humber,E14001319,5%,72%,6%,10%,6%,0%,0%,1%,Labour,Grn,Safe Labour,62%,Labour hold,Labour
Chelmsford,East of England,E14001159,32%,21%,33%,4%,9%,0%,0%,1%,Lib Dems,Con,Tossup,1%,Lib Dem gain from Conservatives,Conservatives
Harpenden and Berkhamsted,East of England,E14001268,35%,17%,35%,4%,8%,0%,0%,1%,Lib Dems,Con,Tossup,1%,Lib Dem gain from Conservatives,Conservatives
North Norfolk,East of England,E14001396,35%,12%,37%,2%,12%,0%,0%,1%,Lib Dems,Con,Tossup,2%,Lib Dem gain from Conservatives,Conservatives
South Cambridgeshire,East of England,E14001481,27%,19%,44%,3%,6%,0%,0%,1%,Lib Dems,Con,Likely Lib Dems,17%,Lib Dem gain from Conservatives,Conservatives
St Albans,East of England,E14001507,15%,13%,57%,4%,6%,0%,0%,4%,Lib Dems,Con,Safe Lib Dems,42%,Lib Dem hold,Lib Dems
Wimbledon,London,E14001586,28%,28%,35%,4%,5%,0%,0%,1%,Lib Dems,Con,Lean Lib Dems,7%,Lib Dem gain from Conservatives,Conservatives
Sutton and Cheam,London,E14001534,31%,17%,37%,5%,9%,0%,0%,1%,Lib Dems,Con,Lean Lib Dems,7%,Lib Dem gain from Conservatives,Conservatives
Carshalton and Wallington,London,E14001153,23%,19%,42%,4%,10%,0%,0%,2%,Lib Dems,Con,Likely Lib Dems,18%,Lib Dem gain from Conservatives,Conservatives
Kingston and Surbiton,London,E14001312,13%,16%,55%,4%,7%,0%,0%,6%,Lib Dems,Lab,Safe Lib Dems,39%,Lib Dem hold,Lib Dems
Richmond Park,London,E14001445,16%,10%,63%,2%,4%,0%,0%,4%,Lib Dems,Con,Safe Lib Dems,47%,Lib Dem hold,Lib Dems
Twickenham,London,E14001556,13%,13%,62%,2%,5%,0%,0%,5%,Lib Dems,Lab,Safe Lib Dems,48%,Lib Dem hold,Lib Dems
Hazel Grove,North West,E14001277,26%,20%,41%,3%,10%,0%,0%,1%,Lib Dems,Con,Likely Lib Dems,15%,Lib Dem gain from Conservatives,Conservatives
Cheadle,North West,E14001158,25%,13%,53%,2%,6%,0%,0%,1%,Lib Dems,Con,Safe Lib Dems,28%,Lib Dem gain from Conservatives,Conservatives
Westmorland and Lonsdale,North West,E14001580,23%,8%,57%,2%,8%,0%,0%,1%,Lib Dems,Con,Safe Lib Dems,34%,Lib Dem gain from Conservatives,Conservatives
Bicester and Woodstock,South East,E14001090,32%,22%,32%,4%,9%,0%,0%,1%,Lib Dems,Con,Tossup,0%,Lib Dem gain from Conservatives,Conservatives
Chichester,South East,E14001166,32%,17%,37%,5%,10%,0%,0%,1%,Lib Dems,Con,Tossup,5%,Lib Dem gain from Conservatives,Conservatives
Henley and Thame,South East,E14001280,35%,16%,37%,4%,7%,0%,0%,1%,Lib Dems,Con,Tossup,2%,Lib Dem gain from Conservatives,Conservatives
Surrey Heath,South East,E14001532,34%,15%,36%,5%,9%,0%,0%,1%,Lib Dems,Con,Tossup,2%,Lib Dem gain from Conservatives,Conservatives
Newbury,South East,E14001376,33%,15%,37%,5%,9%,0%,0%,1%,Lib Dems,Con,Tossup,4%,Lib Dem gain from Conservatives,Conservatives
Didcot and Wantage,South East,E14001197,30%,23%,35%,3%,8%,0%,0%,1%,Lib Dems,Con,Lean Lib Dems,5%,Lib Dem gain from Conservatives,Conservatives
Dorking and Horley,South East,E14001201,31%,16%,37%,6%,10%,0%,0%,0%,Lib Dems,Con,Lean Lib Dems,6%,Lib Dem gain from Conservatives,Conservatives
Chesham and Amersham,South East,E14001162,33%,16%,39%,5%,7%,0%,0%,1%,Lib Dems,Con,Lean Lib Dems,6%,Lib Dem gain from Conservatives,Conservatives
Wokingham,South East,E14001593,34%,15%,40%,3%,6%,0%,0%,1%,Lib Dems,Con,Lean Lib Dems,7%,Lib Dem gain from Conservatives,Conservatives
Winchester,South East,E14001587,32%,11%,47%,3%,6%,0%,0%,1%,Lib Dems,Con,Likely Lib Dems,15%,Lib Dem gain from Conservatives,Conservatives
Godalming and Ash,South East,E14001249,31%,12%,46%,3%,8%,0%,0%,1%,Lib Dems,Con,Likely Lib Dems,15%,Lib Dem gain from Conservatives,Conservatives
Woking,South East,E14001592,26%,17%,43%,4%,7%,0%,0%,3%,Lib Dems,Con,Likely Lib Dems,17%,Lib Dem gain from Conservatives,Conservatives
Esher and Walton,South East,E14001230,29%,12%,49%,2%,7%,0%,0%,1%,Lib Dems,Con,Likely Lib Dems,19%,Lib Dem gain from Conservatives,Conservatives
Guildford,South East,E14001258,25%,13%,50%,3%,7%,0%,0%,2%,Lib Dems,Con,Safe Lib Dems,25%,Lib Dem gain from Conservatives,Conservatives
Lewes,South East,E14001330,26%,10%,51%,4%,8%,0%,0%,1%,Lib Dems,Con,Safe Lib Dems,25%,Lib Dem gain from Conservatives,Conservatives
Eastbourne,South East,E14001219,21%,10%,54%,2%,10%,0%,0%,2%,Lib Dems,Con,Safe Lib Dems,33%,Lib Dem gain from Conservatives,Conservatives
Oxford West and Abingdon,South East,E14001420,14%,17%,53%,3%,6%,0%,0%,5%,Lib Dems,Lab,Safe Lib Dems,35%,Lib Dem hold,Lib Dems
Honiton and Sidmouth,South West,E14001291,33%,17%,34%,3%,12%,0%,0%,1%,Lib Dems,Con,Tossup,2%,Lib Dem gain from Conservatives,Conservatives
South Cotswolds,South West,E14001482,34%,17%,36%,4%,9%,0%,0%,1%,Lib Dems,Con,Tossup,2%,Lib Dem gain from Conservatives,Conservatives
North Cornwall,South West,E14001385,33%,14%,38%,3%,12%,0%,0%,1%,Lib Dems,Con,Tossup,4%,Lib Dem gain from Conservatives,Conservatives
Thornbury and Yate,South West,E14001545,34%,15%,39%,2%,9%,0%,0%,1%,Lib Dems,Con,Lean Lib Dems,5%,Lib Dem gain from Conservatives,Conservatives
Torbay,South West,E14001551,31%,15%,37%,4%,13%,0%,0%,1%,Lib Dems,Con,Lean Lib Dems,6%,Lib Dem gain from Conservatives,Conservatives
South Devon,South West,E14001484,32%,17%,39%,2%,9%,0%,0%,1%,Lib Dems,Con,Lean Lib Dems,7%,Lib Dem gain from Conservatives,Conservatives
Chippenham,South West,E14001168,31%,15%,40%,4%,10%,0%,0%,1%,Lib Dems,Con,Lean Lib Dems,9%,Lib Dem gain from Conservatives,Conservatives
North Devon,South West,E14001387,31%,13%,42%,4%,11%,0%,0%,0%,Lib Dems,Con,Likely Lib Dems,11%,Lib Dem gain from Conservatives,Conservatives
Yeovil,South West,E14001603,29%,13%,43%,4%,11%,0%,0%,0%,Lib Dems,Con,Likely Lib Dems,14%,Lib Dem gain from Conservatives,Conservatives
West Dorset,South West,E14001575,30%,12%,44%,4%,9%,0%,0%,1%,Lib Dems,Con,Likely Lib Dems,14%,Lib Dem gain from Conservatives,Conservatives
Taunton and Wellington,South West,E14001540,26%,11%,49%,3%,10%,0%,0%,2%,Lib Dems,Con,Likely Lib Dems,23%,Lib Dem gain from Conservatives,Conservatives
St Ives,South West,E14001511,26%,12%,49%,3%,10%,0%,0%,1%,Lib Dems,Con,Likely Lib Dems,23%,Lib Dem gain from Conservatives,Conservatives
Cheltenham,South West,E14001161,25%,9%,56%,2%,7%,0%,0%,1%,Lib Dems,Con,Safe Lib Dems,31%,Lib Dem gain from Conservatives,Conservatives
Bath,South West,E14001080,13%,18%,57%,3%,6%,0%,0%,4%,Lib Dems,Lab,Safe Lib Dems,39%,Lib Dem hold,Lib Dems
North Shropshire,West Midlands,E14001398,25%,19%,40%,3%,11%,0%,0%,1%,Lib Dems,Con,Likely Lib Dems,15%,Lib Dem gain from Conservatives,Conservatives
Harrogate and Knaresborough,Yorkshire and The Humber,E14001269,30%,14%,46%,2%,8%,0%,0%,0%,Lib Dems,Con,Likely Lib Dems,16%,Lib Dem gain from Conservatives,Conservatives
Livingston,Scotland,S14000095,5%,43%,3%,6%,4%,0%,32%,7%,Labour,SNP,Likely Labour,11%,Labour gain from SNP,SNP
Dwyfor Meirionnydd,Wales,W07000096,11%,22%,3%,4%,9%,43%,0%,8%,Plaid,Lab,Likely Plaid,21%,Plaid hold,PC
Ceredigion Preseli,Wales,W07000093,12%,18%,8%,5%,9%,43%,0%,6%,Plaid,Lab,Safe Plaid,25%,Plaid hold,PC
Lothian East,Scotland,S14000096,11%,47%,4%,6%,2%,0%,26%,4%,Labour,SNP,Likely Labour,20%,Labour gain from SNP,SNP
Mid Dunbartonshire,Scotland,S14000097,5%,28%,20%,8%,5%,0%,29%,5%,SNP,Lab,Tossup,1%,SNP hold,SNP
Midlothian,Scotland,S14000045,6%,43%,4%,7%,4%,0%,29%,6%,Labour,SNP,Likely Labour,14%,Labour gain from SNP,SNP
"Moray West, Nairn and Strathspey",Scotland,S14000098,29%,23%,2%,5%,5%,0%,34%,1%,SNP,Con,Lean SNP,5%,SNP hold,SNP
"Motherwell, Wishaw and Carluke",Scotland,S14000099,3%,49%,3%,6%,3%,0%,31%,6%,Labour,SNP,Likely Labour,18%,Labour gain from SNP,SNP
Na h-Eileanan an Iar,Scotland,S14000027,10%,38%,3%,6%,4%,0%,32%,6%,Labour,SNP,Lean Labour,6%,Labour gain from SNP,SNP
North Ayrshire and Arran,Scotland,S14000048,11%,38%,2%,5%,4%,0%,33%,6%,Labour,SNP,Tossup,5%,Labour gain from SNP,SNP
North East Fife,Scotland,S14000100,3%,11%,28%,12%,7%,0%,30%,9%,SNP,LD,Tossup,2%,SNP hold,SNP
Orkney and Shetland,Scotland,S14000051,2%,10%,31%,11%,8%,0%,30%,9%,Lib Dems,SNP,Tossup,1%,Lib Dem hold,Lib Dems
Paisley and Renfrewshire North,Scotland,S14000101,4%,40%,3%,7%,3%,0%,34%,8%,Labour,SNP,Lean Labour,6%,Labour gain from SNP,SNP
Paisley and Renfrewshire South,Scotland,S14000102,3%,39%,3%,7%,3%,0%,36%,8%,Labour,SNP,Tossup,3%,Labour gain from SNP,SNP
Perth and Kinross-shire,Scotland,S14000103,28%,25%,3%,6%,3%,0%,33%,2%,SNP,Con,Lean SNP,5%,SNP hold,SNP
Rutherglen,Scotland,S14000104,2%,48%,4%,7%,3%,0%,31%,6%,Labour,SNP,Likely Labour,17%,Labour gain from SNP,SNP
Stirling and Strathallan,Scotland,S14000105,16%,32%,3%,5%,4%,0%,35%,5%,SNP,Lab,Tossup,4%,SNP hold,SNP
West Aberdeenshire and Kincardine,Scotland,S14000058,32%,20%,5%,4%,5%,0%,34%,0%,SNP,Con,Tossup,2%,Labour gain from Conservatives,Conservatives
West Dunbartonshire,Scotland,S14000106,5%,49%,2%,5%,3%,0%,35%,0%,Labour,SNP,Likely Labour,14%,Labour gain from SNP,SNP