Constituency,Constituency Code,Conservative,Labour,Liberal Democrat,Reform UK,The Green Party,Scottish National Party (SNP),Plaid Cymru,Other,GE 2019 Notional Result,Winner,Margin,Change
Aberafan Maesteg,W07000081,16.5%,65.7%,1.7%,8.3%,1.1%,0.0%,3.4%,3.3%,Labour,Labour,49.3%,Labour HOLD
Aberdeen North,S14000060,14.0%,23.3%,8.0%,5.8%,5.2%,40.6%,0.0%,3.3%,Scottish National Party (SNP),Scottish National Party (SNP),17.3%,SNP HOLD
Aberdeen South,S14000061,18.8%,19.5%,11.6%,5.7%,4.4%,35.8%,0.0%,4.1%,Scottish National Party (SNP),Scottish National Party (SNP),16.3%,SNP HOLD
Aberdeenshire North and Moray East,S14000062,37.2%,12.2%,7.4%,5.8%,0.0%,37.5%,0.0%,0.0%,Conservative,Scottish National Party (SNP),0.3%,SNP GAIN from Conservative
Airdrie and Shotts,S14000063,9.6%,49.2%,2.3%,5.5%,0.0%,31.4%,0.0%,2.0%,Scottish National Party (SNP),Labour,17.8%,Labour GAIN from SNP
Aldershot,E14001063,37.1%,31.9%,14.6%,9.9%,4.8%,0.0%,0.0%,1.7%,Conservative,Conservative,5.1%,Conservative HOLD
Aldridge-Brownhills,E14001064,45.1%,40.9%,2.0%,9.7%,2.3%,0.0%,0.0%,0.0%,Conservative,Conservative,4.2%,Conservative HOLD
Alloa and Grangemouth,S14000064,13.7%,32.8%,4.1%,6.9%,5.0%,34.2%,0.0%,3.3%,Scottish National Party (SNP),Scottish National Party (SNP),1.3%,SNP HOLD
Altrincham and Sale West,E14001065,29.9%,46.9%,8.4%,6.9%,6.3%,0.0%,0.0%,1.6%,Conservative,Labour,17.0%,Labour GAIN from Conservative
Alyn and Deeside,W07000082,22.4%,53.4%,3.8%,7.9%,5.0%,0.0%,2.7%,4.7%,Labour,Labour,31.0%,Labour HOLD
Amber Valley,E14001066,39.2%,43.2%,1.7%,11.3%,4.6%,0.0%,0.0%,0.0%,Conservative,Labour,4.0%,Labour GAIN from Conservative
Angus and Perthshire Glens,S14000065,30.7%,16.2%,6.8%,5.3%,0.0%,38.2%,0.0%,2.8%,Scottish National Party (SNP),Scottish National Party (SNP),7.5%,SNP HOLD
Arbroath and Broughty Ferry,S14000066,15.1%,32.3%,6.4%,9.3%,0.0%,32.2%,0.0%,4.6%,Scottish National Party (SNP),Labour,0.0%,Labour GAIN from SNP
"Argyll, Bute and South Lochaber",S14000067,30.5%,16.2%,10.4%,3.6%,0.0%,37.1%,0.0%,2.2%,Scottish National Party (SNP),Scottish National Party (SNP),6.6%,SNP HOLD
Arundel and South Downs,E14001067,31.7%,12.6%,26.0%,11.7%,17.1%,0.0%,0.0%,0.8%,Conservative,Conservative,5.7%,Conservative HOLD
Ashfield,E14001068,20.7%,40.9%,2.5%,25.4%,8.4%,0.0%,0.0%,2.1%,Conservative,Labour,15.5%,Labour GAIN from Conservative
Ashford,E14001069,33.2%,30.5%,8.1%,14.4%,12.9%,0.0%,0.0%,0.8%,Conservative,Conservative,2.7%,Conservative HOLD
Ashton-under-Lyne,E14001070,22.6%,58.8%,2.3%,10.3%,4.7%,0.0%,0.0%,1.4%,Labour,Labour,36.3%,Labour HOLD
Aylesbury,E14001071,35.0%,24.3%,29.1%,5.9%,3.5%,0.0%,0.0%,2.1%,Conservative,Conservative,5.8%,Conservative HOLD
"Ayr, Carrick and Cumnock",S14000006,19.0%,33.2%,3.4%,6.6%,4.9%,29.7%,0.0%,3.2%,Scottish National Party (SNP),Labour,3.5%,Labour GAIN from SNP
Banbury,E14001072,34.8%,31.3%,20.8%,6.3%,4.7%,0.0%,0.0%,2.2%,Conservative,Conservative,3.5%,Conservative HOLD
Bangor Aberconwy,W07000083,23.5%,47.8%,4.4%,7.2%,2.4%,0.0%,12.2%,2.4%,Conservative,Labour,24.3%,Labour GAIN from Conservative
Barking,E14001073,14.9%,73.8%,1.7%,5.5%,3.2%,0.0%,0.0%,0.9%,Labour,Labour,58.9%,Labour HOLD
Barnsley North,E14001074,15.6%,46.6%,3.6%,26.2%,7.1%,0.0%,0.0%,0.9%,Labour,Labour,20.4%,Labour HOLD
Barnsley South,E14001075,14.6%,48.3%,3.2%,25.7%,7.5%,0.0%,0.0%,0.8%,Labour,Labour,22.6%,Labour HOLD
Barrow and Furness,E14001076,30.2%,52.6%,2.2%,9.9%,3.9%,0.0%,0.0%,1.2%,Conservative,Labour,22.5%,Labour GAIN from Conservative
Basildon and Billericay,E14001077,44.2%,35.4%,4.8%,10.6%,4.1%,0.0%,0.0%,1.0%,Conservative,Conservative,8.8%,Conservative HOLD
Basingstoke,E14001078,32.6%,38.0%,11.3%,9.5%,7.0%,0.0%,0.0%,1.6%,Conservative,Labour,5.4%,Labour GAIN from Conservative
Bassetlaw,E14001079,31.7%,43.2%,2.1%,19.5%,3.5%,0.0%,0.0%,0.0%,Conservative,Labour,11.6%,Labour GAIN from Conservative
Bath,E14001080,15.9%,3.4%,75.9%,2.6%,1.1%,0.0%,0.0%,1.0%,Liberal Democrat,Liberal Democrat,60.0%,Liberal Democrat HOLD
Bathgate and Linlithgow,S14000068,14.5%,36.0%,5.8%,7.8%,4.5%,28.2%,0.0%,3.1%,Scottish National Party (SNP),Labour,7.8%,Labour GAIN from SNP
Battersea,E14001081,24.2%,60.8%,5.4%,3.9%,4.0%,0.0%,0.0%,1.7%,Labour,Labour,36.5%,Labour HOLD
Beaconsfield,E14001082,35.2%,28.1%,9.6%,13.7%,8.1%,0.0%,0.0%,5.3%,Conservative,Conservative,7.0%,Conservative HOLD
Beckenham and Penge,E14001083,29.4%,53.7%,6.8%,5.8%,4.4%,0.0%,0.0%,0.0%,Labour,Labour,24.4%,Labour HOLD
Bedford,E14001084,27.2%,49.8%,9.1%,6.7%,6.0%,0.0%,0.0%,1.1%,Labour,Labour,22.7%,Labour HOLD
Bermondsey and Old Southwark,E14001085,19.3%,44.0%,26.8%,4.3%,3.9%,0.0%,0.0%,1.8%,Labour,Labour,17.2%,Labour HOLD
"Berwickshire, Roxburgh and Selkirk",S14000008,39.4%,16.1%,4.3%,5.5%,9.8%,22.5%,0.0%,2.4%,Conservative,Conservative,16.9%,Conservative HOLD
Bethnal Green and Stepney,E14001086,7.2%,82.2%,2.4%,2.2%,4.6%,0.0%,0.0%,1.5%,Labour,Labour,75.0%,Labour HOLD
Beverley and Holderness,E14001087,39.6%,36.4%,9.7%,9.5%,2.9%,0.0%,0.0%,1.9%,Conservative,Conservative,3.2%,Conservative HOLD
Bexhill and Battle,E14001088,39.0%,27.2%,16.5%,9.9%,6.1%,0.0%,0.0%,1.3%,Conservative,Conservative,11.7%,Conservative HOLD
Bexleyheath and Crayford,E14001089,39.7%,44.4%,2.3%,10.8%,2.7%,0.0%,0.0%,0.0%,Conservative,Labour,4.7%,Labour GAIN from Conservative
Bicester and Woodstock,E14001090,32.5%,15.3%,39.8%,6.3%,4.8%,0.0%,0.0%,1.3%,Conservative,Liberal Democrat,7.3%,Liberal Democrat GAIN from Conservative
Birkenhead,E14001091,7.2%,61.6%,2.7%,8.4%,19.3%,0.0%,0.0%,0.7%,Labour,Labour,42.3%,Labour HOLD
Birmingham Edgbaston,E14001092,22.9%,63.9%,2.6%,5.3%,4.1%,0.0%,0.0%,1.2%,Labour,Labour,41.0%,Labour HOLD
Birmingham Erdington,E14001093,26.7%,59.9%,1.9%,6.8%,3.8%,0.0%,0.0%,0.9%,Labour,Labour,33.3%,Labour HOLD
Birmingham Hall Green and Moseley,E14001094,10.5%,78.1%,2.7%,2.7%,3.9%,0.0%,0.0%,2.0%,Labour,Labour,67.6%,Labour HOLD
Birmingham Hodge Hill and Solihull North,E14001095,14.9%,69.1%,1.8%,5.1%,8.4%,0.0%,0.0%,0.7%,Labour,Labour,54.1%,Labour HOLD
Birmingham Ladywood,E14001096,9.0%,81.2%,1.3%,2.7%,4.7%,0.0%,0.0%,1.2%,Labour,Labour,72.1%,Labour HOLD
Birmingham Northfield,E14001097,29.1%,53.6%,2.5%,8.9%,5.2%,0.0%,0.0%,0.7%,Conservative,Labour,24.4%,Labour GAIN from Conservative
Birmingham Perry Barr,E14001098,12.7%,77.8%,3.2%,2.5%,2.8%,0.0%,0.0%,1.1%,Labour,Labour,65.2%,Labour HOLD
Birmingham Selly Oak,E14001099,16.2%,70.5%,2.0%,4.8%,5.7%,0.0%,0.0%,0.7%,Labour,Labour,54.3%,Labour HOLD
Birmingham Yardley,E14001100,17.6%,66.5%,8.9%,3.8%,2.0%,0.0%,0.0%,1.2%,Labour,Labour,48.9%,Labour HOLD
Bishop Auckland,E14001101,30.2%,55.1%,1.0%,10.5%,2.1%,0.0%,0.0%,1.2%,Conservative,Labour,24.9%,Labour GAIN from Conservative
Blackburn,E14001102,11.0%,78.3%,1.3%,3.9%,3.6%,0.0%,0.0%,1.9%,Labour,Labour,67.3%,Labour HOLD
Blackley and Middleton South,E14001103,15.1%,74.6%,1.7%,5.2%,3.5%,0.0%,0.0%,0.0%,Labour,Labour,59.5%,Labour HOLD
Blackpool North and Fleetwood,E14001104,32.4%,51.4%,1.9%,10.1%,2.9%,0.0%,0.0%,1.3%,Conservative,Labour,19.0%,Labour GAIN from Conservative
Blackpool South,E14001105,30.4%,49.0%,2.7%,12.1%,4.7%,0.0%,0.0%,1.1%,Conservative,Labour,18.6%,Labour GAIN from Conservative
Blaenau Gwent and Rhymney,W07000084,24.9%,61.6%,2.2%,0.0%,1.4%,0.0%,4.7%,5.1%,Labour,Labour,36.7%,Labour HOLD
Blaydon and Consett,E14001106,19.8%,63.5%,1.2%,10.0%,3.8%,0.0%,0.0%,1.7%,Labour,Labour,43.7%,Labour HOLD
Blyth and Ashington,E14001107,21.0%,61.5%,1.8%,11.5%,4.3%,0.0%,0.0%,0.0%,Labour,Labour,40.6%,Labour HOLD
Bognor Regis and Littlehampton,E14001108,41.5%,27.5%,15.8%,9.6%,3.9%,0.0%,0.0%,1.6%,Conservative,Conservative,14.0%,Conservative HOLD
Bolsover,E14001109,26.2%,49.2%,1.6%,18.3%,4.8%,0.0%,0.0%,0.0%,Conservative,Labour,23.0%,Labour GAIN from Conservative
Bolton North East,E14001110,26.8%,57.2%,1.8%,8.8%,3.9%,0.0%,0.0%,1.5%,Conservative,Labour,30.5%,Labour GAIN from Conservative
Bolton South and Walkden,E14001111,16.0%,72.4%,1.5%,5.6%,3.2%,0.0%,0.0%,1.3%,Labour,Labour,56.4%,Labour HOLD
Bolton West,E14001112,35.7%,50.3%,3.7%,6.7%,2.0%,0.0%,0.0%,1.7%,Conservative,Labour,14.7%,Labour GAIN from Conservative
Bootle,E14001113,5.6%,85.4%,1.1%,3.6%,3.7%,0.0%,0.0%,0.6%,Labour,Labour,79.8%,Labour HOLD
Boston and Skegness,E14001114,46.1%,30.5%,1.9%,18.4%,2.4%,0.0%,0.0%,0.6%,Conservative,Conservative,15.5%,Conservative HOLD
Bournemouth East,E14001115,29.9%,37.8%,12.5%,12.4%,6.5%,0.0%,0.0%,0.9%,Conservative,Labour,7.9%,Labour GAIN from Conservative
Bournemouth West,E14001116,33.2%,35.9%,13.2%,12.1%,4.8%,0.0%,0.0%,0.9%,Conservative,Labour,2.8%,Labour GAIN from Conservative
Bracknell,E14001117,35.6%,35.2%,13.6%,8.7%,4.9%,0.0%,0.0%,1.9%,Conservative,Conservative,0.4%,Conservative HOLD
Bradford East,E14001118,13.1%,74.9%,2.8%,3.8%,3.5%,0.0%,0.0%,1.8%,Labour,Labour,61.8%,Labour HOLD
Bradford South,E14001119,23.4%,53.5%,1.7%,11.3%,8.9%,0.0%,0.0%,1.2%,Labour,Labour,30.0%,Labour HOLD
Bradford West,E14001120,7.6%,84.1%,0.8%,2.3%,3.5%,0.0%,0.0%,1.7%,Labour,Labour,76.4%,Labour HOLD
Braintree,E14001121,43.4%,35.6%,5.5%,10.9%,3.0%,0.0%,0.0%,1.6%,Conservative,Conservative,7.8%,Conservative HOLD
"Brecon, Radnor and Cwm Tawe",W07000085,24.2%,22.0%,33.2%,9.3%,1.5%,0.0%,8.1%,1.8%,Conservative,Liberal Democrat,9.0%,Liberal Democrat GAIN from Conservative
Brent East,E14001122,13.4%,74.5%,2.7%,4.7%,3.7%,0.0%,0.0%,0.9%,Labour,Labour,61.1%,Labour HOLD
Brent West,E14001123,19.0%,67.1%,3.1%,7.0%,2.7%,0.0%,0.0%,1.1%,Labour,Labour,48.1%,Labour HOLD
Brentford and Isleworth,E14001124,22.6%,56.5%,6.8%,7.3%,5.0%,0.0%,0.0%,1.8%,Labour,Labour,33.9%,Labour HOLD
Brentwood and Ongar,E14001125,46.6%,25.1%,14.1%,9.9%,3.1%,0.0%,0.0%,1.3%,Conservative,Conservative,21.5%,Conservative HOLD
Bridgend,W07000086,24.7%,49.0%,4.1%,7.1%,6.0%,0.0%,3.1%,6.0%,Conservative,Labour,24.4%,Labour GAIN from Conservative
Bridgwater,E14001126,38.0%,30.9%,12.9%,13.8%,3.0%,0.0%,0.0%,1.3%,Conservative,Conservative,7.1%,Conservative HOLD
Bridlington and The Wolds,E14001127,43.5%,34.6%,4.7%,11.7%,3.7%,0.0%,0.0%,1.8%,Conservative,Conservative,8.9%,Conservative HOLD
Brigg and Immingham,E14001128,43.4%,38.7%,2.0%,12.8%,3.2%,0.0%,0.0%,0.0%,Conservative,Conservative,4.7%,Conservative HOLD
Brighton Kemptown and Peacehaven,E14001129,23.1%,59.5%,7.1%,0.0%,8.6%,0.0%,0.0%,1.7%,Labour,Labour,36.4%,Labour HOLD
Brighton Pavilion,E14001130,8.4%,16.8%,6.0%,3.9%,64.2%,0.0%,0.0%,0.7%,The Green Party,The Green Party,47.4%,Green HOLD
Bristol Central,E14001131,3.6%,53.4%,1.4%,1.7%,38.6%,0.0%,0.0%,1.2%,Labour,Labour,14.7%,Labour HOLD
Bristol East,E14001132,13.1%,74.3%,5.2%,0.0%,6.1%,0.0%,0.0%,1.3%,Labour,Labour,61.2%,Labour HOLD
Bristol North East,E14001133,22.5%,59.6%,4.7%,7.7%,4.2%,0.0%,0.0%,1.4%,Labour,Labour,37.1%,Labour HOLD
Bristol North West,E14001134,22.2%,58.3%,6.9%,5.8%,5.2%,0.0%,0.0%,1.6%,Labour,Labour,36.1%,Labour HOLD
Bristol South,E14001135,20.3%,56.9%,6.7%,9.5%,5.4%,0.0%,0.0%,1.2%,Labour,Labour,36.6%,Labour HOLD
Broadland and Fakenham,E14001136,37.9%,30.1%,16.9%,9.7%,5.3%,0.0%,0.0%,0.0%,Conservative,Conservative,7.8%,Conservative HOLD
Bromley and Biggin Hill,E14001137,39.0%,38.2%,8.7%,9.0%,3.7%,0.0%,0.0%,1.4%,Conservative,Conservative,0.8%,Conservative HOLD
Bromsgrove,E14001138,41.1%,38.3%,7.4%,8.8%,3.0%,0.0%,0.0%,1.4%,Conservative,Conservative,2.8%,Conservative HOLD
Broxbourne,E14001139,43.7%,37.2%,4.3%,10.0%,3.9%,0.0%,0.0%,1.0%,Conservative,Conservative,6.5%,Conservative HOLD
Broxtowe,E14001140,25.1%,55.8%,1.8%,10.0%,5.1%,0.0%,0.0%,2.3%,Conservative,Labour,30.7%,Labour GAIN from Conservative
Buckingham and Bletchley,E14001141,33.9%,38.7%,11.4%,9.4%,4.4%,0.0%,0.0%,2.3%,Conservative,Labour,4.9%,Labour GAIN from Conservative
Burnley,E14001142,25.2%,49.9%,4.6%,12.0%,6.5%,0.0%,0.0%,1.8%,Conservative,Labour,24.7%,Labour GAIN from Conservative
Burton and Uttoxeter,E14001143,35.8%,49.0%,2.1%,8.8%,3.1%,0.0%,0.0%,1.2%,Conservative,Labour,13.2%,Labour GAIN from Conservative
Bury North,E14001144,27.6%,60.7%,1.5%,6.0%,2.5%,0.0%,0.0%,1.7%,Conservative,Labour,33.1%,Labour GAIN from Conservative
Bury South,E14001145,25.4%,59.4%,2.7%,7.4%,3.4%,0.0%,0.0%,1.9%,Conservative,Labour,34.0%,Labour GAIN from Conservative
Bury St Edmunds and Stowmarket,E14001146,34.5%,31.1%,2.4%,11.7%,19.7%,0.0%,0.0%,0.6%,Conservative,Conservative,3.4%,Conservative HOLD
Caerfyrddin,W07000087,24.8%,34.7%,2.4%,6.9%,1.0%,0.0%,28.8%,1.4%,Conservative,Labour,5.9%,Labour GAIN from Conservative
Caerphilly,W07000088,22.5%,55.0%,2.8%,6.1%,2.0%,0.0%,11.6%,0.0%,Labour,Labour,32.5%,Labour HOLD
"Caithness, Sutherland and Easter Ross",S14000069,20.3%,16.3%,17.3%,3.1%,5.4%,36.2%,0.0%,1.5%,Scottish National Party (SNP),Scottish National Party (SNP),15.9%,SNP HOLD
Calder Valley,E14001147,29.5%,57.9%,2.3%,6.3%,2.2%,0.0%,0.0%,1.7%,Conservative,Labour,28.4%,Labour GAIN from Conservative
Camborne and Redruth,E14001148,31.4%,45.1%,7.5%,11.4%,3.2%,0.0%,0.0%,1.3%,Conservative,Labour,13.7%,Labour GAIN from Conservative
Cambridge,E14001149,14.7%,42.2%,25.9%,0.0%,15.3%,0.0%,0.0%,1.9%,Labour,Labour,16.3%,Labour HOLD
Cannock Chase,E14001150,41.0%,44.8%,1.2%,9.4%,3.6%,0.0%,0.0%,0.0%,Conservative,Labour,3.8%,Labour GAIN from Conservative
Canterbury,E14001151,25.5%,53.3%,9.5%,6.0%,4.3%,0.0%,0.0%,1.3%,Labour,Labour,27.8%,Labour HOLD
Cardiff East,W07000089,8.9%,55.9%,25.2%,3.0%,1.0%,0.0%,2.5%,3.5%,Labour,Labour,30.6%,Labour HOLD
Cardiff North,W07000090,19.6%,49.1%,13.6%,4.5%,10.1%,0.0%,3.1%,0.0%,Labour,Labour,29.4%,Labour HOLD
Cardiff South and Penarth,W07000091,17.9%,65.8%,4.6%,3.7%,3.8%,0.0%,4.2%,0.0%,Labour,Labour,47.9%,Labour HOLD
Cardiff West,W07000092,23.0%,51.7%,4.7%,5.5%,4.3%,0.0%,5.5%,5.4%,Labour,Labour,28.6%,Labour HOLD
Carlisle,E14001152,32.7%,49.4%,3.6%,9.6%,3.3%,0.0%,0.0%,1.3%,Conservative,Labour,16.7%,Labour GAIN from Conservative
Carshalton and Wallington,E14001153,37.1%,13.2%,37.0%,8.8%,2.5%,0.0%,0.0%,1.4%,Conservative,Conservative,0.2%,Conservative HOLD
Castle Point,E14001154,49.6%,32.8%,3.4%,12.4%,1.8%,0.0%,0.0%,0.0%,Conservative,Conservative,16.8%,Conservative HOLD
Central Ayrshire,S14000010,17.6%,33.2%,3.8%,6.6%,4.7%,30.8%,0.0%,3.3%,Scottish National Party (SNP),Labour,2.4%,Labour GAIN from SNP
Central Devon,E14001155,31.4%,27.3%,24.7%,10.7%,4.9%,0.0%,0.0%,1.0%,Conservative,Conservative,4.1%,Conservative HOLD
Central Suffolk and North Ipswich,E14001156,36.0%,31.5%,7.1%,12.7%,12.1%,0.0%,0.0%,0.6%,Conservative,Conservative,4.4%,Conservative HOLD
Ceredigion Preseli,W07000093,19.4%,26.5%,12.8%,12.0%,1.5%,0.0%,26.8%,1.1%,Plaid Cymru,Plaid Cymru,0.3%,Plaid Cymru HOLD
Chatham and Aylesford,E14001157,42.2%,35.9%,6.8%,10.0%,4.0%,0.0%,0.0%,1.2%,Conservative,Conservative,6.3%,Conservative HOLD
Cheadle,E14001158,33.5%,9.6%,50.2%,3.7%,0.9%,0.0%,0.0%,2.1%,Conservative,Liberal Democrat,16.7%,Liberal Democrat GAIN from Conservative
Chelmsford,E14001159,36.4%,16.4%,39.9%,4.8%,1.2%,0.0%,0.0%,1.3%,Conservative,Liberal Democrat,3.6%,Liberal Democrat GAIN from Conservative
Chelsea and Fulham,E14001160,35.9%,42.7%,9.9%,5.7%,3.7%,0.0%,0.0%,2.0%,Conservative,Labour,6.8%,Labour GAIN from Conservative
Cheltenham,E14001161,27.3%,3.9%,67.1%,0.0%,0.8%,0.0%,0.0%,0.9%,Conservative,Liberal Democrat,39.8%,Liberal Democrat GAIN from Conservative
Chesham and Amersham,E14001162,38.8%,17.8%,24.1%,7.4%,8.1%,0.0%,0.0%,3.7%,Conservative,Conservative,14.7%,Conservative HOLD
Chester North and Neston,E14001163,20.9%,65.6%,3.1%,6.3%,4.1%,0.0%,0.0%,0.0%,Labour,Labour,44.7%,Labour HOLD
Chester South and Eddisbury,E14001164,36.5%,37.7%,9.6%,10.0%,3.6%,0.0%,0.0%,2.5%,Conservative,Labour,1.2%,Labour GAIN from Conservative
Chesterfield,E14001165,24.2%,51.8%,4.4%,12.4%,5.7%,0.0%,0.0%,1.4%,Labour,Labour,27.5%,Labour HOLD
Chichester,E14001166,37.3%,16.1%,34.2%,6.4%,4.7%,0.0%,0.0%,1.3%,Conservative,Conservative,3.1%,Conservative HOLD
Chingford and Woodford Green,E14001167,29.6%,58.0%,2.4%,6.5%,2.1%,0.0%,0.0%,1.3%,Conservative,Labour,28.4%,Labour GAIN from Conservative
Chippenham,E14001168,37.3%,15.0%,36.9%,7.7%,1.7%,0.0%,0.0%,1.4%,Conservative,Conservative,0.4%,Conservative HOLD
Chipping Barnet,E14001169,29.7%,56.0%,3.3%,6.5%,2.9%,0.0%,0.0%,1.5%,Conservative,Labour,26.3%,Labour GAIN from Conservative
Christchurch,E14001171,43.7%,24.7%,14.7%,12.3%,3.1%,0.0%,0.0%,1.5%,Conservative,Conservative,19.0%,Conservative HOLD
Cities of London and Westminster,E14001172,33.2%,41.0%,11.7%,6.4%,5.2%,0.0%,0.0%,2.4%,Conservative,Labour,7.8%,Labour GAIN from Conservative
City of Durham,E14001173,22.1%,59.4%,3.4%,7.9%,5.1%,0.0%,0.0%,2.1%,Labour,Labour,37.2%,Labour HOLD
Clacton,E14001174,35.5%,27.2%,2.8%,30.1%,3.7%,0.0%,0.0%,0.7%,Conservative,Conservative,5.5%,Conservative HOLD
Clapham and Brixton Hill,E14001175,13.5%,71.3%,6.3%,2.6%,5.2%,0.0%,0.0%,1.1%,Labour,Labour,57.8%,Labour HOLD
Clwyd East,W07000094,26.4%,47.2%,5.8%,9.9%,3.8%,0.0%,4.1%,2.9%,Conservative,Labour,20.8%,Labour GAIN from Conservative
Clwyd North,W07000095,27.3%,52.3%,4.6%,9.6%,2.2%,0.0%,4.1%,0.0%,Conservative,Labour,25.0%,Labour GAIN from Conservative
Coatbridge and Bellshill,S14000070,7.5%,47.4%,2.2%,5.4%,4.1%,31.5%,0.0%,1.8%,Scottish National Party (SNP),Labour,15.9%,Labour GAIN from SNP
Colchester,E14001176,35.0%,38.3%,12.1%,7.5%,6.0%,0.0%,0.0%,1.0%,Conservative,Labour,3.3%,Labour GAIN from Conservative
Colne Valley,E14001177,32.4%,51.7%,4.2%,6.8%,3.0%,0.0%,0.0%,2.0%,Conservative,Labour,19.3%,Labour GAIN from Conservative
Congleton,E14001178,37.6%,42.4%,5.9%,8.9%,3.1%,0.0%,0.0%,2.1%,Conservative,Labour,4.8%,Labour GAIN from Conservative
Corby and East Northamptonshire,E14001179,31.9%,52.0%,2.5%,9.8%,2.7%,0.0%,0.0%,1.1%,Conservative,Labour,20.1%,Labour GAIN from Conservative
Coventry East,E14001180,20.6%,62.0%,2.5%,8.9%,4.9%,0.0%,0.0%,1.1%,Labour,Labour,41.5%,Labour HOLD
Coventry North West,E14001181,22.8%,57.1%,2.5%,10.2%,6.5%,0.0%,0.0%,0.9%,Labour,Labour,34.3%,Labour HOLD
Coventry South,E14001182,23.9%,60.3%,2.7%,7.1%,4.5%,0.0%,0.0%,1.5%,Labour,Labour,36.3%,Labour HOLD
Cowdenbeath and Kirkcaldy,S14000071,12.6%,44.3%,4.8%,6.3%,5.3%,23.3%,0.0%,3.2%,Scottish National Party (SNP),Labour,21.0%,Labour GAIN from SNP
Cramlington and Killingworth,E14001183,22.0%,63.2%,1.0%,9.7%,2.9%,0.0%,0.0%,1.2%,Labour,Labour,41.2%,Labour HOLD
Crawley,E14001184,31.8%,48.7%,4.4%,8.9%,4.5%,0.0%,0.0%,1.6%,Conservative,Labour,16.9%,Labour GAIN from Conservative
Crewe and Nantwich,E14001185,28.9%,54.8%,2.3%,9.5%,3.1%,0.0%,0.0%,1.4%,Conservative,Labour,25.8%,Labour GAIN from Conservative
Croydon East,E14001186,27.5%,59.8%,2.6%,6.6%,3.5%,0.0%,0.0%,0.0%,Labour,Labour,32.3%,Labour HOLD
Croydon South,E14001187,37.7%,45.0%,4.7%,7.4%,3.5%,0.0%,0.0%,1.7%,Conservative,Labour,7.3%,Labour GAIN from Conservative
Croydon West,E14001188,11.4%,77.2%,1.8%,4.2%,4.8%,0.0%,0.0%,0.6%,Labour,Labour,65.8%,Labour HOLD
Cumbernauld and Kirkintilloch,S14000072,10.3%,41.1%,4.6%,6.5%,4.3%,33.2%,0.0%,0.0%,Scottish National Party (SNP),Labour,7.9%,Labour GAIN from SNP
Dagenham and Rainham,E14001189,28.3%,53.4%,2.2%,11.6%,3.4%,0.0%,0.0%,1.0%,Labour,Labour,25.0%,Labour HOLD
Darlington,E14001190,28.7%,54.5%,1.3%,10.8%,4.8%,0.0%,0.0%,0.0%,Conservative,Labour,25.8%,Labour GAIN from Conservative
Dartford,E14001191,39.5%,41.8%,4.8%,9.5%,4.3%,0.0%,0.0%,0.0%,Conservative,Labour,2.2%,Labour GAIN from Conservative
Daventry,E14001192,42.0%,35.7%,5.6%,11.9%,4.8%,0.0%,0.0%,0.0%,Conservative,Conservative,6.3%,Conservative HOLD
Derby North,E14001193,27.2%,54.0%,3.5%,10.3%,5.0%,0.0%,0.0%,0.0%,Conservative,Labour,26.8%,Labour GAIN from Conservative
Derby South,E14001194,21.4%,59.8%,2.0%,10.2%,5.3%,0.0%,0.0%,1.4%,Labour,Labour,38.4%,Labour HOLD
Derbyshire Dales,E14001195,36.7%,35.1%,10.6%,10.6%,5.6%,0.0%,0.0%,1.3%,Conservative,Conservative,1.7%,Conservative HOLD
Dewsbury and Batley,E14001196,14.5%,74.5%,1.1%,4.0%,3.4%,0.0%,0.0%,2.4%,Labour,Labour,60.0%,Labour HOLD
Didcot and Wantage,E14001197,29.3%,12.7%,47.5%,5.5%,3.4%,0.0%,0.0%,1.5%,Conservative,Liberal Democrat,18.2%,Liberal Democrat GAIN from Conservative
Doncaster Central,E14001198,21.5%,51.3%,2.2%,18.1%,5.6%,0.0%,0.0%,1.3%,Labour,Labour,29.8%,Labour HOLD
Doncaster East and the Isle of Axholme,E14001199,31.6%,43.0%,2.5%,16.5%,4.7%,0.0%,0.0%,1.6%,Conservative,Labour,11.4%,Labour GAIN from Conservative
Doncaster North,E14001200,27.6%,59.5%,3.5%,0.0%,7.0%,0.0%,0.0%,2.2%,Labour,Labour,31.9%,Labour HOLD
Dorking and Horley,E14001201,30.5%,7.0%,53.9%,4.8%,3.8%,0.0%,0.0%,0.0%,Conservative,Liberal Democrat,23.4%,Liberal Democrat GAIN from Conservative
Dover and Deal,E14001202,34.0%,44.7%,5.2%,9.8%,4.7%,0.0%,0.0%,1.5%,Conservative,Labour,10.8%,Labour GAIN from Conservative
Droitwich and Evesham,E14001203,40.0%,31.7%,8.1%,13.2%,6.2%,0.0%,0.0%,0.9%,Conservative,Conservative,8.4%,Conservative HOLD
Dudley,E14001204,40.4%,46.2%,1.6%,8.5%,2.5%,0.0%,0.0%,0.8%,Conservative,Labour,5.8%,Labour GAIN from Conservative
Dulwich and West Norwood,E14001205,9.3%,77.5%,1.6%,2.3%,8.6%,0.0%,0.0%,0.8%,Labour,Labour,68.2%,Labour HOLD
Dumfries and Galloway,S14000073,26.5%,25.4%,3.2%,9.4%,8.5%,21.8%,0.0%,5.4%,Conservative,Conservative,1.1%,Conservative HOLD
"Dumfriesshire, Clydesdale and Tweeddale",S14000074,39.1%,18.4%,4.7%,4.9%,8.2%,22.2%,0.0%,2.5%,Conservative,Conservative,16.9%,Conservative HOLD
Dundee Central,S14000075,7.2%,42.5%,3.0%,5.6%,0.0%,38.3%,0.0%,3.3%,Scottish National Party (SNP),Labour,4.2%,Labour GAIN from SNP
Dunfermline and Dollar,S14000076,13.5%,38.0%,7.3%,7.2%,4.3%,25.7%,0.0%,4.0%,Scottish National Party (SNP),Labour,12.3%,Labour GAIN from SNP
Dunstable and Leighton Buzzard,E14001206,39.9%,37.8%,10.1%,7.4%,3.6%,0.0%,0.0%,1.2%,Conservative,Conservative,2.1%,Conservative HOLD
Dwyfor Meirionnydd,W07000096,17.2%,29.8%,3.0%,12.5%,1.8%,0.0%,34.9%,0.9%,Plaid Cymru,Plaid Cymru,5.1%,Plaid Cymru HOLD
Ealing Central and Acton,E14001207,21.8%,56.3%,10.2%,5.0%,4.9%,0.0%,0.0%,1.7%,Labour,Labour,34.5%,Labour HOLD
Ealing North,E14001208,17.3%,70.0%,2.5%,5.8%,3.3%,0.0%,0.0%,1.1%,Labour,Labour,52.7%,Labour HOLD
Ealing Southall,E14001209,14.0%,72.6%,2.7%,4.6%,4.9%,0.0%,0.0%,1.2%,Labour,Labour,58.6%,Labour HOLD
Earley and Woodley,E14001210,36.1%,35.0%,21.1%,0.0%,5.0%,0.0%,0.0%,2.7%,Conservative,Conservative,1.1%,Conservative HOLD
Easington,E14001211,17.3%,58.7%,1.5%,17.4%,4.0%,0.0%,0.0%,1.1%,Labour,Labour,41.3%,Labour HOLD
East Grinstead and Uckfield,E14001212,39.3%,20.3%,24.3%,0.0%,14.5%,0.0%,0.0%,1.5%,Conservative,Conservative,15.0%,Conservative HOLD
East Ham,E14001213,8.0%,84.0%,1.2%,2.9%,2.7%,0.0%,0.0%,1.1%,Labour,Labour,76.0%,Labour HOLD
East Hampshire,E14001214,38.4%,16.2%,31.5%,6.5%,5.6%,0.0%,0.0%,1.8%,Conservative,Conservative,6.9%,Conservative HOLD
East Kilbride and Strathaven,S14000077,13.3%,36.0%,6.3%,7.8%,4.8%,28.4%,0.0%,3.4%,Scottish National Party (SNP),Labour,7.7%,Labour GAIN from SNP
East Renfrewshire,S14000021,17.9%,28.0%,11.4%,11.1%,3.7%,23.2%,0.0%,4.7%,Scottish National Party (SNP),Labour,4.8%,Labour GAIN from SNP
East Surrey,E14001215,40.5%,21.4%,21.5%,9.1%,5.5%,0.0%,0.0%,1.9%,Conservative,Conservative,19.0%,Conservative HOLD
East Thanet,E14001216,31.9%,43.6%,5.8%,10.3%,7.5%,0.0%,0.0%,0.9%,Conservative,Labour,11.7%,Labour GAIN from Conservative
East Wiltshire,E14001217,40.9%,30.9%,11.1%,12.4%,3.2%,0.0%,0.0%,1.5%,Conservative,Conservative,9.9%,Conservative HOLD
East Worthing and Shoreham,E14001218,30.4%,47.2%,6.6%,7.5%,6.7%,0.0%,0.0%,1.6%,Conservative,Labour,16.9%,Labour GAIN from Conservative
Eastbourne,E14001219,30.8%,6.4%,54.5%,5.1%,1.7%,0.0%,0.0%,1.4%,Conservative,Liberal Democrat,23.7%,Liberal Democrat GAIN from Conservative
Eastleigh,E14001220,31.0%,8.8%,52.6%,4.3%,2.0%,0.0%,0.0%,1.4%,Conservative,Liberal Democrat,21.5%,Liberal Democrat GAIN from Conservative
Edinburgh East and Musselburgh,S14000078,8.7%,40.2%,5.2%,6.5%,5.7%,30.1%,0.0%,3.7%,Scottish National Party (SNP),Labour,10.1%,Labour GAIN from SNP
Edinburgh North and Leith,S14000079,11.4%,34.3%,10.4%,6.4%,5.4%,27.3%,0.0%,5.0%,Scottish National Party (SNP),Labour,7.0%,Labour GAIN from SNP
Edinburgh South,S14000080,9.3%,51.3%,9.0%,9.9%,4.4%,12.4%,0.0%,3.7%,Labour,Labour,38.8%,Labour HOLD
Edinburgh South West,S14000081,14.4%,30.8%,9.2%,7.6%,4.8%,28.1%,0.0%,5.2%,Scottish National Party (SNP),Labour,2.7%,Labour GAIN from SNP
Edinburgh West,S14000082,12.5%,24.2%,27.9%,6.9%,3.4%,20.9%,0.0%,4.2%,Liberal Democrat,Liberal Democrat,3.6%,Liberal Democrat HOLD
Edmonton and Winchmore Hill,E14001221,17.1%,71.3%,2.2%,5.3%,3.2%,0.0%,0.0%,1.0%,Labour,Labour,54.2%,Labour HOLD
Ellesmere Port and Bromborough,E14001222,11.2%,70.6%,3.1%,7.8%,6.6%,0.0%,0.0%,0.6%,Labour,Labour,59.4%,Labour HOLD
Eltham and Chislehurst,E14001223,31.4%,53.1%,3.3%,7.4%,3.7%,0.0%,0.0%,1.2%,Conservative,Labour,21.7%,Labour GAIN from Conservative
Ely and East Cambridgeshire,E14001224,37.5%,19.0%,32.8%,6.4%,2.5%,0.0%,0.0%,1.8%,Conservative,Conservative,4.8%,Conservative HOLD
Enfield North,E14001225,19.6%,68.7%,2.2%,5.4%,3.2%,0.0%,0.0%,1.0%,Labour,Labour,49.2%,Labour HOLD
Epping Forest,E14001226,48.4%,39.8%,5.8%,0.0%,4.5%,0.0%,0.0%,1.5%,Conservative,Conservative,8.7%,Conservative HOLD
Epsom and Ewell,E14001227,40.3%,25.2%,21.0%,6.4%,4.4%,0.0%,0.0%,2.7%,Conservative,Conservative,15.1%,Conservative HOLD
Erewash,E14001228,33.2%,50.2%,1.4%,10.0%,4.2%,0.0%,0.0%,1.0%,Conservative,Labour,17.0%,Labour GAIN from Conservative
Erith and Thamesmead,E14001229,14.6%,73.9%,1.9%,5.3%,3.6%,0.0%,0.0%,0.7%,Labour,Labour,59.3%,Labour HOLD
Esher and Walton,E14001230,34.9%,6.6%,50.7%,4.0%,1.7%,0.0%,0.0%,2.1%,Conservative,Liberal Democrat,15.8%,Liberal Democrat GAIN from Conservative
Exeter,E14001231,12.1%,66.0%,3.2%,7.8%,10.3%,0.0%,0.0%,0.6%,Labour,Labour,53.8%,Labour HOLD
Exmouth and Exeter East,E14001232,32.3%,23.9%,18.4%,15.8%,5.2%,0.0%,0.0%,4.3%,Conservative,Conservative,8.4%,Conservative HOLD
Falkirk,S14000083,14.9%,30.9%,5.1%,7.0%,4.6%,34.1%,0.0%,3.4%,Scottish National Party (SNP),Scottish National Party (SNP),3.2%,SNP HOLD
Fareham and Waterlooville,E14001233,41.2%,26.8%,16.0%,9.3%,5.0%,0.0%,0.0%,1.7%,Conservative,Conservative,14.4%,Conservative HOLD
Farnham and Bordon,E14001234,40.7%,14.3%,33.2%,6.1%,3.2%,0.0%,0.0%,2.4%,Conservative,Conservative,7.5%,Conservative HOLD
Faversham and Mid Kent,E14001235,39.0%,26.9%,15.1%,10.6%,7.2%,0.0%,0.0%,1.2%,Conservative,Conservative,12.1%,Conservative HOLD
Feltham and Heston,E14001236,23.1%,57.7%,2.7%,10.7%,4.6%,0.0%,0.0%,1.2%,Labour,Labour,34.5%,Labour HOLD
Filton and Bradley Stoke,E14001237,30.1%,50.5%,6.9%,9.6%,2.9%,0.0%,0.0%,0.0%,Conservative,Labour,20.4%,Labour GAIN from Conservative
Finchley and Golders Green,E14001238,36.2%,37.7%,13.2%,6.8%,3.6%,0.0%,0.0%,2.4%,Conservative,Labour,1.5%,Labour GAIN from Conservative
Folkestone and Hythe,E14001239,30.9%,27.1%,9.9%,15.2%,16.3%,0.0%,0.0%,0.6%,Conservative,Conservative,3.8%,Conservative HOLD
Forest of Dean,E14001240,28.8%,34.2%,4.5%,18.7%,13.8%,0.0%,0.0%,0.0%,Conservative,Labour,5.4%,Labour GAIN from Conservative
Frome and East Somerset,E14001241,29.6%,16.6%,34.3%,10.3%,8.0%,0.0%,0.0%,1.2%,Conservative,Liberal Democrat,4.7%,Liberal Democrat GAIN from Conservative
Fylde,E14001242,37.7%,44.5%,3.5%,9.2%,3.3%,0.0%,0.0%,1.9%,Conservative,Labour,6.7%,Labour GAIN from Conservative
Gainsborough,E14001243,43.8%,32.3%,9.2%,11.3%,2.1%,0.0%,0.0%,1.4%,Conservative,Conservative,11.5%,Conservative HOLD
Gateshead Central and Whickham,E14001244,25.1%,59.4%,4.3%,6.6%,3.3%,0.0%,0.0%,1.3%,Labour,Labour,34.4%,Labour HOLD
Gedling,E14001245,27.1%,57.8%,1.8%,8.6%,3.5%,0.0%,0.0%,1.2%,Conservative,Labour,30.7%,Labour GAIN from Conservative
Gillingham and Rainham,E14001246,38.3%,40.7%,5.1%,10.0%,4.4%,0.0%,0.0%,1.5%,Conservative,Labour,2.4%,Labour GAIN from Conservative
Glasgow East,S14000084,5.8%,47.1%,1.7%,4.5%,4.6%,33.9%,0.0%,2.3%,Scottish National Party (SNP),Labour,13.2%,Labour GAIN from SNP
Glasgow North,S14000085,6.3%,45.1%,3.1%,6.0%,6.0%,30.6%,0.0%,2.9%,Scottish National Party (SNP),Labour,14.4%,Labour GAIN from SNP
Glasgow North East,S14000086,5.0%,49.7%,1.2%,4.2%,4.7%,32.9%,0.0%,2.3%,Scottish National Party (SNP),Labour,16.8%,Labour GAIN from SNP
Glasgow South,S14000087,7.5%,43.1%,3.8%,4.9%,5.6%,32.0%,0.0%,3.2%,Scottish National Party (SNP),Labour,11.1%,Labour GAIN from SNP
Glasgow South West,S14000088,5.9%,48.5%,1.9%,4.1%,4.7%,32.7%,0.0%,2.3%,Scottish National Party (SNP),Labour,15.8%,Labour GAIN from SNP
Glasgow West,S14000089,8.7%,41.6%,4.4%,4.9%,5.2%,31.5%,0.0%,3.8%,Scottish National Party (SNP),Labour,10.1%,Labour GAIN from SNP
Glastonbury and Somerton,E14001247,32.3%,5.4%,55.6%,5.2%,1.5%,0.0%,0.0%,0.0%,Conservative,Liberal Democrat,23.4%,Liberal Democrat GAIN from Conservative
Glenrothes and Mid Fife,S14000090,9.3%,47.0%,2.4%,5.3%,0.0%,36.0%,0.0%,0.0%,Scottish National Party (SNP),Labour,11.0%,Labour GAIN from SNP
Gloucester,E14001248,33.9%,44.1%,9.2%,9.6%,2.2%,0.0%,0.0%,1.1%,Conservative,Labour,10.2%,Labour GAIN from Conservative
Godalming and Ash,E14001249,33.5%,8.5%,48.5%,4.9%,2.8%,0.0%,0.0%,1.8%,Conservative,Liberal Democrat,15.0%,Liberal Democrat GAIN from Conservative
Goole and Pocklington,E14001250,41.6%,35.8%,5.6%,11.0%,4.0%,0.0%,0.0%,2.0%,Conservative,Conservative,5.7%,Conservative HOLD
Gordon and Buchan,S14000091,36.5%,15.4%,13.4%,7.3%,0.0%,27.4%,0.0%,0.0%,Conservative,Conservative,9.0%,Conservative HOLD
Gorton and Denton,E14001251,10.4%,79.3%,1.8%,3.7%,3.5%,0.0%,0.0%,1.3%,Labour,Labour,68.9%,Labour HOLD
Gosport,E14001252,43.6%,27.7%,15.5%,8.6%,3.4%,0.0%,0.0%,1.3%,Conservative,Conservative,15.8%,Conservative HOLD
Gower,W07000097,20.5%,49.6%,7.1%,6.6%,8.0%,0.0%,3.3%,4.9%,Labour,Labour,29.1%,Labour HOLD
Grantham and Bourne,E14001253,40.5%,37.0%,3.0%,12.4%,5.9%,0.0%,0.0%,1.2%,Conservative,Conservative,3.6%,Conservative HOLD
Gravesham,E14001254,40.0%,42.3%,4.3%,9.3%,4.2%,0.0%,0.0%,0.0%,Conservative,Labour,2.4%,Labour GAIN from Conservative
Great Grimsby and Cleethorpes,E14001255,36.3%,41.9%,3.0%,13.3%,4.4%,0.0%,0.0%,1.1%,Conservative,Labour,5.6%,Labour GAIN from Conservative
Great Yarmouth,E14001256,41.9%,39.0%,2.7%,11.4%,4.0%,0.0%,0.0%,1.0%,Conservative,Conservative,2.9%,Conservative HOLD
Greenwich and Woolwich,E14001257,14.4%,71.6%,4.3%,3.4%,5.1%,0.0%,0.0%,1.2%,Labour,Labour,57.2%,Labour HOLD
Guildford,E14001258,29.0%,8.1%,52.8%,4.7%,2.7%,0.0%,0.0%,2.6%,Conservative,Liberal Democrat,23.8%,Liberal Democrat GAIN from Conservative
Hackney North and Stoke Newington,E14001259,7.8%,79.5%,2.5%,2.2%,7.2%,0.0%,0.0%,0.8%,Labour,Labour,71.7%,Labour HOLD
Hackney South and Shoreditch,E14001260,7.1%,80.7%,2.7%,2.2%,6.6%,0.0%,0.0%,0.8%,Labour,Labour,73.6%,Labour HOLD
Halesowen,E14001261,37.8%,49.6%,1.6%,8.4%,2.7%,0.0%,0.0%,0.0%,Conservative,Labour,11.8%,Labour GAIN from Conservative
Halifax,E14001262,24.7%,55.7%,2.3%,9.6%,6.3%,0.0%,0.0%,1.4%,Labour,Labour,30.9%,Labour HOLD
Hamble Valley,E14001263,40.1%,18.4%,31.2%,5.9%,2.7%,0.0%,0.0%,1.7%,Conservative,Conservative,9.0%,Conservative HOLD
Hamilton and Clyde Valley,S14000092,13.8%,44.3%,3.6%,6.3%,0.0%,29.3%,0.0%,2.7%,Scottish National Party (SNP),Labour,15.0%,Labour GAIN from SNP
Hammersmith and Chiswick,E14001264,22.5%,60.7%,5.4%,4.8%,5.0%,0.0%,0.0%,1.6%,Labour,Labour,38.2%,Labour HOLD
Hampstead and Highgate,E14001265,20.3%,51.9%,15.3%,3.8%,6.6%,0.0%,0.0%,2.0%,Labour,Labour,31.6%,Labour HOLD
"Harborough, Oadby and Wigston",E14001266,36.6%,31.0%,15.6%,10.4%,4.8%,0.0%,0.0%,1.5%,Conservative,Conservative,5.6%,Conservative HOLD
Harlow,E14001267,40.6%,43.0%,3.3%,9.7%,2.5%,0.0%,0.0%,1.0%,Conservative,Labour,2.5%,Labour GAIN from Conservative
Harpenden and Berkhamsted,E14001268,35.0%,11.9%,43.6%,4.9%,2.3%,0.0%,0.0%,2.3%,Conservative,Liberal Democrat,8.6%,Liberal Democrat GAIN from Conservative
Harrogate and Knaresborough,E14001269,37.8%,12.5%,39.2%,6.2%,1.9%,0.0%,0.0%,2.5%,Conservative,Liberal Democrat,1.4%,Liberal Democrat GAIN from Conservative
Harrow East,E14001270,33.7%,50.3%,2.4%,10.1%,2.0%,0.0%,0.0%,1.5%,Conservative,Labour,16.6%,Labour GAIN from Conservative
Harrow West,E14001271,18.5%,68.6%,2.2%,6.5%,2.9%,0.0%,0.0%,1.3%,Labour,Labour,50.0%,Labour HOLD
Hartlepool,E14001272,17.1%,53.6%,1.0%,24.2%,3.1%,0.0%,0.0%,1.0%,Labour,Labour,29.4%,Labour HOLD
Harwich and North Essex,E14001273,38.4%,39.2%,8.8%,9.3%,4.4%,0.0%,0.0%,0.0%,Conservative,Labour,0.8%,Labour GAIN from Conservative
Hastings and Rye,E14001274,26.1%,41.7%,7.2%,11.2%,13.1%,0.0%,0.0%,0.7%,Conservative,Labour,15.5%,Labour GAIN from Conservative
Havant,E14001275,41.4%,24.0%,15.7%,11.2%,6.9%,0.0%,0.0%,0.9%,Conservative,Conservative,17.5%,Conservative HOLD
Hayes and Harlington,E14001276,16.5%,70.0%,1.5%,7.8%,3.3%,0.0%,0.0%,0.9%,Labour,Labour,53.4%,Labour HOLD
Hazel Grove,E14001277,35.9%,16.1%,39.2%,5.4%,1.6%,0.0%,0.0%,1.8%,Conservative,Liberal Democrat,3.3%,Liberal Democrat GAIN from Conservative
Hemel Hempstead,E14001278,39.5%,38.7%,11.8%,6.9%,3.2%,0.0%,0.0%,0.0%,Conservative,Conservative,0.9%,Conservative HOLD
Hendon,E14001279,31.1%,54.6%,3.1%,7.0%,2.9%,0.0%,0.0%,1.3%,Conservative,Labour,23.4%,Labour GAIN from Conservative
Henley and Thame,E14001280,29.7%,6.7%,50.3%,5.4%,6.9%,0.0%,0.0%,1.0%,Conservative,Liberal Democrat,20.5%,Liberal Democrat GAIN from Conservative
Hereford and South Herefordshire,E14001281,39.9%,37.1%,6.2%,10.6%,4.8%,0.0%,0.0%,1.3%,Conservative,Conservative,2.9%,Conservative HOLD
Herne Bay and Sandwich,E14001282,40.1%,36.3%,7.0%,10.7%,6.0%,0.0%,0.0%,0.0%,Conservative,Conservative,3.8%,Conservative HOLD
Hertford and Stortford,E14001283,32.3%,29.4%,12.0%,11.0%,14.4%,0.0%,0.0%,0.8%,Conservative,Conservative,2.8%,Conservative HOLD
Hertsmere,E14001284,43.6%,37.5%,7.1%,7.4%,3.1%,0.0%,0.0%,1.3%,Conservative,Conservative,6.1%,Conservative HOLD
Hexham,E14001285,35.8%,55.1%,3.4%,0.0%,4.1%,0.0%,0.0%,1.7%,Conservative,Labour,19.3%,Labour GAIN from Conservative
Heywood and Middleton North,E14001286,26.9%,59.1%,2.4%,10.1%,0.0%,0.0%,0.0%,1.6%,Labour,Labour,32.2%,Labour HOLD
High Peak,E14001287,24.0%,61.4%,1.9%,7.8%,4.9%,0.0%,0.0%,0.0%,Conservative,Labour,37.4%,Labour GAIN from Conservative
Hinckley and Bosworth,E14001288,45.5%,22.7%,17.6%,10.1%,2.8%,0.0%,0.0%,1.3%,Conservative,Conservative,22.8%,Conservative HOLD
Hitchin,E14001289,33.9%,34.5%,18.3%,6.6%,4.4%,0.0%,0.0%,2.2%,Conservative,Labour,0.6%,Labour GAIN from Conservative
Holborn and St Pancras,E14001290,9.6%,78.0%,3.5%,2.9%,5.0%,0.0%,0.0%,1.2%,Labour,Labour,68.4%,Labour HOLD
Honiton and Sidmouth,E14001291,38.4%,26.0%,16.5%,13.4%,2.7%,0.0%,0.0%,3.0%,Conservative,Conservative,12.3%,Conservative HOLD
Hornchurch and Upminster,E14001292,43.7%,37.9%,2.9%,11.5%,3.1%,0.0%,0.0%,1.0%,Conservative,Conservative,5.8%,Conservative HOLD
Hornsey and Friern Barnet,E14001293,10.1%,68.9%,11.5%,2.5%,5.3%,0.0%,0.0%,1.7%,Labour,Labour,57.4%,Labour HOLD
Horsham,E14001294,33.1%,12.6%,45.7%,4.7%,2.4%,0.0%,0.0%,1.5%,Conservative,Liberal Democrat,12.6%,Liberal Democrat GAIN from Conservative
Houghton and Sunderland South,E14001295,24.6%,56.5%,2.0%,13.3%,3.6%,0.0%,0.0%,0.0%,Labour,Labour,31.9%,Labour HOLD
Hove and Portslade,E14001296,13.4%,70.4%,5.1%,3.5%,5.9%,0.0%,0.0%,1.6%,Labour,Labour,57.0%,Labour HOLD
Huddersfield,E14001297,21.8%,57.9%,2.4%,7.0%,10.9%,0.0%,0.0%,0.0%,Labour,Labour,36.1%,Labour HOLD
Huntingdon,E14001298,39.6%,35.1%,12.0%,7.5%,4.1%,0.0%,0.0%,1.8%,Conservative,Conservative,4.5%,Conservative HOLD
Hyndburn,E14001299,28.8%,54.9%,1.8%,10.0%,4.4%,0.0%,0.0%,0.0%,Conservative,Labour,26.1%,Labour GAIN from Conservative
Ilford North,E14001300,18.8%,69.5%,1.6%,6.0%,2.6%,0.0%,0.0%,1.5%,Labour,Labour,50.7%,Labour HOLD
Ilford South,E14001301,11.3%,77.5%,1.6%,4.4%,3.5%,0.0%,0.0%,1.6%,Labour,Labour,66.2%,Labour HOLD
Inverclyde and Renfrewshire West,S14000093,11.2%,40.9%,4.2%,5.7%,4.0%,31.5%,0.0%,2.4%,Scottish National Party (SNP),Labour,9.4%,Labour GAIN from SNP
"Inverness, Skye and West Ross-shire",S14000094,15.2%,27.3%,9.1%,7.2%,5.2%,32.8%,0.0%,3.3%,Scottish National Party (SNP),Scottish National Party (SNP),5.5%,SNP HOLD
Ipswich,E14001302,31.2%,53.0%,3.1%,7.5%,4.3%,0.0%,0.0%,1.1%,Conservative,Labour,21.8%,Labour GAIN from Conservative
Isle of Wight East,E14001303,35.5%,36.6%,5.6%,10.0%,10.7%,0.0%,0.0%,1.6%,Conservative,Labour,1.0%,Labour GAIN from Conservative
Isle of Wight West,E14001304,31.8%,34.6%,5.3%,10.5%,16.4%,0.0%,0.0%,1.3%,Conservative,Labour,2.8%,Labour GAIN from Conservative
Islington North,E14001305,7.8%,72.8%,4.9%,2.8%,10.8%,0.0%,0.0%,0.9%,Labour,Labour,62.1%,Labour HOLD
Islington South and Finsbury,E14001306,12.4%,70.8%,6.2%,3.4%,5.9%,0.0%,0.0%,1.4%,Labour,Labour,58.4%,Labour HOLD
Jarrow and Gateshead East,E14001307,18.4%,62.7%,1.8%,11.2%,4.3%,0.0%,0.0%,1.6%,Labour,Labour,44.4%,Labour HOLD
Keighley and Ilkley,E14001308,26.3%,52.9%,2.4%,9.5%,7.3%,0.0%,0.0%,1.5%,Conservative,Labour,26.6%,Labour GAIN from Conservative
Kenilworth and Southam,E14001309,37.9%,27.7%,18.0%,9.3%,6.0%,0.0%,0.0%,1.2%,Conservative,Conservative,10.2%,Conservative HOLD
Kensington and Bayswater,E14001310,30.0%,48.8%,8.9%,5.4%,5.1%,0.0%,0.0%,1.8%,Labour,Labour,18.8%,Labour HOLD
Kettering,E14001311,35.4%,40.9%,2.5%,13.4%,6.8%,0.0%,0.0%,1.0%,Conservative,Labour,5.5%,Labour GAIN from Conservative
Kilmarnock and Loudoun,S14000040,13.3%,36.0%,3.8%,6.0%,4.6%,32.9%,0.0%,3.4%,Scottish National Party (SNP),Labour,3.2%,Labour GAIN from SNP
Kingston and Surbiton,E14001312,24.3%,4.9%,64.1%,3.7%,1.6%,0.0%,0.0%,1.3%,Liberal Democrat,Liberal Democrat,39.8%,Liberal Democrat HOLD
Kingston upon Hull East,E14001313,19.5%,49.0%,3.0%,20.8%,7.8%,0.0%,0.0%,0.0%,Labour,Labour,28.2%,Labour HOLD
Kingston upon Hull North and Cottingham,E14001314,21.2%,55.7%,3.5%,11.7%,6.4%,0.0%,0.0%,1.5%,Labour,Labour,34.5%,Labour HOLD
Kingston upon Hull West and Haltemprice,E14001315,27.4%,42.9%,7.2%,16.7%,4.5%,0.0%,0.0%,1.3%,Conservative,Labour,15.5%,Labour GAIN from Conservative
Kingswinford and South Staffordshire,E14001316,46.6%,37.0%,2.7%,9.9%,2.9%,0.0%,0.0%,0.9%,Conservative,Conservative,9.6%,Conservative HOLD
Knowsley,E14001317,5.9%,83.7%,1.6%,3.9%,4.4%,0.0%,0.0%,0.6%,Labour,Labour,77.8%,Labour HOLD
Lancaster and Wyre,E14001318,22.9%,44.9%,2.0%,12.5%,17.7%,0.0%,0.0%,0.0%,Conservative,Labour,21.9%,Labour GAIN from Conservative
Leeds Central and Headingley,E14001319,8.5%,77.5%,2.0%,4.1%,6.9%,0.0%,0.0%,1.1%,Labour,Labour,69.0%,Labour HOLD
Leeds East,E14001320,26.5%,56.2%,2.2%,8.8%,4.8%,0.0%,0.0%,1.5%,Labour,Labour,29.7%,Labour HOLD
Leeds North East,E14001321,12.9%,73.9%,2.9%,3.5%,4.9%,0.0%,0.0%,1.9%,Labour,Labour,61.0%,Labour HOLD
Leeds North West,E14001322,29.2%,50.6%,8.2%,5.9%,3.6%,0.0%,0.0%,2.5%,Conservative,Labour,21.5%,Labour GAIN from Conservative
Leeds South,E14001323,14.7%,76.0%,1.6%,0.0%,6.8%,0.0%,0.0%,0.9%,Labour,Labour,61.3%,Labour HOLD
Leeds South West and Morley,E14001324,33.2%,50.9%,1.6%,8.8%,4.1%,0.0%,0.0%,1.4%,Conservative,Labour,17.6%,Labour GAIN from Conservative
Leeds West and Pudsey,E14001325,23.7%,61.1%,1.7%,7.2%,5.0%,0.0%,0.0%,1.3%,Labour,Labour,37.4%,Labour HOLD
Leicester East,E14001326,23.4%,57.1%,2.0%,10.7%,5.1%,0.0%,0.0%,1.7%,Labour,Labour,33.7%,Labour HOLD
Leicester South,E14001327,9.0%,75.6%,1.0%,4.6%,8.8%,0.0%,0.0%,1.0%,Labour,Labour,66.6%,Labour HOLD
Leicester West,E14001328,22.7%,54.4%,3.4%,11.6%,6.7%,0.0%,0.0%,1.2%,Labour,Labour,31.7%,Labour HOLD
Leigh and Atherton,E14001329,24.8%,58.8%,2.1%,10.0%,2.9%,0.0%,0.0%,1.4%,Conservative,Labour,34.0%,Labour GAIN from Conservative
Lewes,E14001330,27.5%,4.7%,48.6%,6.9%,11.3%,0.0%,0.0%,1.0%,Conservative,Liberal Democrat,21.1%,Liberal Democrat GAIN from Conservative
Lewisham East,E14001331,12.6%,75.7%,3.0%,3.7%,4.2%,0.0%,0.0%,0.8%,Labour,Labour,63.1%,Labour HOLD
Lewisham North,E14001332,7.9%,81.4%,2.8%,2.2%,4.9%,0.0%,0.0%,0.9%,Labour,Labour,73.5%,Labour HOLD
Lewisham West and East Dulwich,E14001333,8.8%,79.1%,3.1%,2.4%,5.7%,0.0%,0.0%,0.9%,Labour,Labour,70.3%,Labour HOLD
Leyton and Wanstead,E14001334,11.6%,76.3%,3.1%,3.4%,4.2%,0.0%,0.0%,1.3%,Labour,Labour,64.7%,Labour HOLD
Lichfield,E14001335,40.8%,40.2%,5.5%,9.2%,3.0%,0.0%,0.0%,1.4%,Conservative,Conservative,0.7%,Conservative HOLD
Lincoln,E14001336,27.6%,55.3%,2.0%,9.5%,4.3%,0.0%,0.0%,1.2%,Conservative,Labour,27.7%,Labour GAIN from Conservative
Liverpool Garston,E14001337,8.5%,77.1%,7.9%,2.8%,2.6%,0.0%,0.0%,1.1%,Labour,Labour,68.6%,Labour HOLD
Liverpool Riverside,E14001338,7.2%,82.1%,1.4%,3.7%,4.6%,0.0%,0.0%,0.9%,Labour,Labour,74.9%,Labour HOLD
Liverpool Walton,E14001339,8.0%,82.0%,1.4%,4.0%,3.8%,0.0%,0.0%,0.9%,Labour,Labour,74.0%,Labour HOLD
Liverpool Wavertree,E14001340,6.4%,78.5%,4.1%,2.8%,7.3%,0.0%,0.0%,0.8%,Labour,Labour,71.2%,Labour HOLD
Liverpool West Derby,E14001341,5.9%,85.3%,1.3%,3.4%,3.2%,0.0%,0.0%,0.9%,Labour,Labour,79.5%,Labour HOLD
Livingston,S14000095,12.5%,34.0%,5.3%,6.2%,5.5%,35.0%,0.0%,1.4%,Scottish National Party (SNP),Scottish National Party (SNP),1.0%,SNP HOLD
Llanelli,W07000098,23.2%,49.0%,1.8%,12.5%,1.9%,0.0%,9.1%,2.6%,Labour,Labour,25.8%,Labour HOLD
Lothian East,S14000096,11.6%,44.5%,4.7%,10.0%,5.1%,23.2%,0.0%,0.9%,Scottish National Party (SNP),Labour,21.3%,Labour GAIN from SNP
Loughborough,E14001342,29.6%,55.0%,2.1%,8.8%,4.4%,0.0%,0.0%,0.0%,Conservative,Labour,25.4%,Labour GAIN from Conservative
Louth and Horncastle,E14001343,43.9%,32.8%,2.9%,16.3%,3.2%,0.0%,0.0%,1.0%,Conservative,Conservative,11.1%,Conservative HOLD
Lowestoft,E14001344,37.3%,39.7%,3.0%,11.2%,8.8%,0.0%,0.0%,0.0%,Conservative,Labour,2.4%,Labour GAIN from Conservative
Luton North,E14001345,18.4%,66.9%,4.7%,5.1%,3.5%,0.0%,0.0%,1.4%,Labour,Labour,48.6%,Labour HOLD
Luton South and South Bedfordshire,E14001346,23.9%,55.9%,5.4%,7.2%,5.4%,0.0%,0.0%,2.1%,Labour,Labour,32.1%,Labour HOLD
Macclesfield,E14001347,32.1%,49.9%,4.9%,6.9%,4.2%,0.0%,0.0%,2.0%,Conservative,Labour,17.8%,Labour GAIN from Conservative
Maidenhead,E14001348,38.7%,17.8%,37.0%,0.0%,4.8%,0.0%,0.0%,1.8%,Conservative,Conservative,1.7%,Conservative HOLD
Maidstone and Malling,E14001349,38.4%,25.5%,19.8%,9.2%,5.5%,0.0%,0.0%,1.6%,Conservative,Conservative,12.9%,Conservative HOLD
Makerfield,E14001350,20.4%,60.4%,2.2%,11.5%,4.1%,0.0%,0.0%,1.4%,Labour,Labour,39.9%,Labour HOLD
Maldon,E14001351,49.1%,27.8%,9.2%,10.5%,3.4%,0.0%,0.0%,0.0%,Conservative,Conservative,21.3%,Conservative HOLD
Manchester Central,E14001352,11.0%,78.2%,2.3%,3.9%,3.7%,0.0%,0.0%,1.0%,Labour,Labour,67.3%,Labour HOLD
Manchester Rusholme,E14001353,5.6%,87.0%,0.0%,2.2%,4.1%,0.0%,0.0%,1.1%,Labour,Labour,81.4%,Labour HOLD
Manchester Withington,E14001354,7.5%,78.9%,5.2%,2.2%,4.4%,0.0%,0.0%,1.8%,Labour,Labour,71.3%,Labour HOLD
Mansfield,E14001355,37.8%,44.9%,1.3%,12.4%,2.6%,0.0%,0.0%,0.9%,Conservative,Labour,7.1%,Labour GAIN from Conservative
Melksham and Devizes,E14001356,39.6%,20.1%,27.6%,9.8%,2.8%,0.0%,0.0%,0.0%,Conservative,Conservative,12.0%,Conservative HOLD
Melton and Syston,E14001357,35.3%,36.1%,2.7%,16.4%,8.9%,0.0%,0.0%,0.6%,Conservative,Labour,0.9%,Labour GAIN from Conservative
Meriden and Solihull East,E14001358,42.8%,35.0%,7.4%,9.8%,5.0%,0.0%,0.0%,0.0%,Conservative,Conservative,7.8%,Conservative HOLD
Merthyr Tydfil and Aberdare,W07000099,20.2%,54.3%,2.4%,12.2%,1.9%,0.0%,4.3%,4.6%,Labour,Labour,34.1%,Labour HOLD
Mid and South Pembrokeshire,W07000100,29.0%,50.0%,2.6%,9.3%,1.7%,0.0%,5.2%,2.1%,Conservative,Labour,21.0%,Labour GAIN from Conservative
Mid Bedfordshire,E14001359,38.4%,36.5%,7.4%,9.9%,6.1%,0.0%,0.0%,1.7%,Conservative,Conservative,1.9%,Conservative HOLD
Mid Buckinghamshire,E14001360,38.9%,25.9%,18.2%,9.1%,5.6%,0.0%,0.0%,2.3%,Conservative,Conservative,13.0%,Conservative HOLD
Mid Cheshire,E14001361,27.2%,57.1%,3.2%,7.6%,3.4%,0.0%,0.0%,1.6%,Conservative,Labour,29.9%,Labour GAIN from Conservative
Mid Derbyshire,E14001362,35.2%,42.9%,3.2%,10.7%,6.9%,0.0%,0.0%,1.1%,Conservative,Labour,7.7%,Labour GAIN from Conservative
Mid Dorset and North Poole,E14001363,35.5%,6.3%,56.3%,0.0%,1.0%,0.0%,0.0%,0.9%,Conservative,Liberal Democrat,20.8%,Liberal Democrat GAIN from Conservative
Mid Dunbartonshire,S14000097,12.0%,22.7%,28.8%,7.8%,2.8%,21.9%,0.0%,4.0%,Scottish National Party (SNP),Liberal Democrat,6.1%,Liberal Democrat GAIN from SNP
Mid Leicestershire,E14001364,37.3%,41.2%,3.0%,12.8%,5.7%,0.0%,0.0%,0.0%,Conservative,Labour,3.9%,Labour GAIN from Conservative
Mid Norfolk,E14001365,40.5%,39.5%,5.0%,11.4%,3.7%,0.0%,0.0%,0.0%,Conservative,Conservative,1.0%,Conservative HOLD
Mid Sussex,E14001366,31.4%,16.5%,39.8%,5.6%,5.1%,0.0%,0.0%,1.5%,Conservative,Liberal Democrat,8.4%,Liberal Democrat GAIN from Conservative
Middlesbrough and Thornaby East,E14001367,13.9%,69.9%,1.3%,9.4%,4.0%,0.0%,0.0%,1.4%,Labour,Labour,56.0%,Labour HOLD
Middlesbrough South and East Cleveland,E14001368,38.2%,56.6%,1.4%,0.0%,2.5%,0.0%,0.0%,1.2%,Conservative,Labour,18.4%,Labour GAIN from Conservative
Midlothian,S14000045,12.2%,45.1%,5.0%,7.1%,0.0%,27.7%,0.0%,2.8%,Scottish National Party (SNP),Labour,17.4%,Labour GAIN from SNP
Milton Keynes Central,E14001369,30.2%,42.0%,16.7%,5.8%,3.5%,0.0%,0.0%,1.8%,Conservative,Labour,11.8%,Labour GAIN from Conservative
Milton Keynes North,E14001370,31.8%,48.2%,9.5%,6.4%,4.2%,0.0%,0.0%,0.0%,Conservative,Labour,16.4%,Labour GAIN from Conservative
Mitcham and Morden,E14001371,15.1%,72.3%,3.0%,5.3%,3.2%,0.0%,0.0%,1.1%,Labour,Labour,57.2%,Labour HOLD
Monmouthshire,W07000101,28.6%,44.9%,4.8%,6.8%,6.7%,0.0%,4.4%,3.8%,Conservative,Labour,16.3%,Labour GAIN from Conservative
Montgomeryshire and Glyndwr,W07000102,30.5%,37.5%,12.8%,11.6%,1.9%,0.0%,5.8%,0.0%,Conservative,Labour,7.1%,Labour GAIN from Conservative
"Moray West, Nairn and Strathspey",S14000098,30.1%,15.2%,7.6%,5.7%,6.3%,32.3%,0.0%,2.9%,Scottish National Party (SNP),Scottish National Party (SNP),2.1%,SNP HOLD
Morecambe and Lunesdale,E14001372,34.8%,39.2%,12.5%,9.7%,3.7%,0.0%,0.0%,0.0%,Conservative,Labour,4.4%,Labour GAIN from Conservative
"Motherwell, Wishaw and Carluke",S14000099,10.1%,44.6%,2.7%,6.9%,3.8%,29.1%,0.0%,2.8%,Scottish National Party (SNP),Labour,15.6%,Labour GAIN from SNP
Na h-Eileanan an Iar,S14000027,21.5%,30.0%,5.4%,4.0%,0.0%,37.7%,0.0%,1.5%,Scottish National Party (SNP),Scottish National Party (SNP),7.7%,SNP HOLD
Neath and Swansea East,W07000103,21.3%,55.6%,4.4%,11.1%,2.8%,0.0%,4.9%,0.0%,Labour,Labour,34.3%,Labour HOLD
New Forest East,E14001373,41.6%,21.9%,20.6%,9.4%,5.1%,0.0%,0.0%,1.4%,Conservative,Conservative,19.7%,Conservative HOLD
New Forest West,E14001374,41.2%,22.6%,16.9%,9.5%,8.4%,0.0%,0.0%,1.4%,Conservative,Conservative,18.7%,Conservative HOLD
Newark,E14001375,39.2%,40.9%,3.9%,10.7%,3.9%,0.0%,0.0%,1.5%,Conservative,Labour,1.7%,Labour GAIN from Conservative
Newbury,E14001376,32.7%,7.8%,50.2%,4.7%,3.3%,0.0%,0.0%,1.3%,Conservative,Liberal Democrat,17.6%,Liberal Democrat GAIN from Conservative
Newcastle upon Tyne Central and West,E14001377,14.0%,75.9%,0.7%,5.3%,3.2%,0.0%,0.0%,0.9%,Labour,Labour,61.9%,Labour HOLD
Newcastle upon Tyne East and Wallsend,E14001378,13.1%,76.3%,1.4%,4.9%,3.6%,0.0%,0.0%,0.8%,Labour,Labour,63.2%,Labour HOLD
Newcastle upon Tyne North,E14001379,25.9%,55.0%,8.5%,5.9%,2.9%,0.0%,0.0%,1.8%,Labour,Labour,29.1%,Labour HOLD
Newcastle-under-Lyme,E14001380,30.5%,54.8%,2.0%,9.5%,3.2%,0.0%,0.0%,0.0%,Conservative,Labour,24.2%,Labour GAIN from Conservative
Newport East,W07000104,25.2%,52.3%,3.7%,8.9%,1.9%,0.0%,3.1%,5.0%,Labour,Labour,27.1%,Labour HOLD
Newport West and Islwyn,W07000105,23.8%,50.6%,3.9%,7.9%,4.7%,0.0%,3.1%,6.1%,Labour,Labour,26.7%,Labour HOLD
Newton Abbot,E14001381,35.8%,21.5%,29.5%,9.4%,2.3%,0.0%,0.0%,1.5%,Conservative,Conservative,6.3%,Conservative HOLD
Newton Aycliffe and Spennymoor,E14001382,25.2%,57.5%,1.3%,11.6%,3.1%,0.0%,0.0%,1.3%,Conservative,Labour,32.3%,Labour GAIN from Conservative
Normanton and Hemsworth,E14001383,18.1%,49.4%,3.5%,21.6%,7.4%,0.0%,0.0%,0.0%,Labour,Labour,27.8%,Labour HOLD
North Ayrshire and Arran,S14000048,16.1%,32.9%,3.6%,6.1%,5.1%,32.9%,0.0%,3.3%,Scottish National Party (SNP),Scottish National Party (SNP),0.1%,SNP HOLD
North Bedfordshire,E14001384,40.3%,36.7%,8.4%,10.0%,4.7%,0.0%,0.0%,0.0%,Conservative,Conservative,3.7%,Conservative HOLD
North Cornwall,E14001385,38.1%,14.0%,33.1%,11.6%,1.6%,0.0%,0.0%,1.5%,Conservative,Conservative,5.0%,Conservative HOLD
North Cotswolds,E14001386,34.9%,20.1%,25.6%,11.6%,6.9%,0.0%,0.0%,0.9%,Conservative,Conservative,9.3%,Conservative HOLD
North Devon,E14001387,35.4%,11.4%,39.3%,9.8%,3.1%,0.0%,0.0%,1.1%,Conservative,Liberal Democrat,3.9%,Liberal Democrat GAIN from Conservative
North Dorset,E14001388,41.2%,21.0%,22.0%,11.3%,2.9%,0.0%,0.0%,1.5%,Conservative,Conservative,19.2%,Conservative HOLD
North Durham,E14001389,20.7%,62.0%,1.3%,10.8%,3.7%,0.0%,0.0%,1.5%,Labour,Labour,41.3%,Labour HOLD
North East Cambridgeshire,E14001390,47.6%,33.1%,3.4%,11.4%,3.6%,0.0%,0.0%,0.8%,Conservative,Conservative,14.6%,Conservative HOLD
North East Derbyshire,E14001391,35.8%,46.5%,2.7%,10.1%,3.9%,0.0%,0.0%,1.0%,Conservative,Labour,10.8%,Labour GAIN from Conservative
North East Fife,S14000100,17.0%,14.9%,28.1%,3.3%,4.0%,32.7%,0.0%,0.0%,Scottish National Party (SNP),Scottish National Party (SNP),4.6%,SNP HOLD
North East Hampshire,E14001392,41.9%,21.2%,22.4%,7.3%,4.3%,0.0%,0.0%,2.9%,Conservative,Conservative,19.5%,Conservative HOLD
North East Hertfordshire,E14001393,37.7%,34.1%,14.2%,7.9%,6.2%,0.0%,0.0%,0.0%,Conservative,Conservative,3.6%,Conservative HOLD
North East Somerset and Hanham,E14001394,33.2%,30.6%,22.2%,9.8%,2.7%,0.0%,0.0%,1.5%,Conservative,Conservative,2.6%,Conservative HOLD
North Herefordshire,E14001395,40.6%,31.8%,8.2%,11.0%,6.8%,0.0%,0.0%,1.5%,Conservative,Conservative,8.8%,Conservative HOLD
North Norfolk,E14001396,41.2%,10.2%,40.0%,7.1%,1.5%,0.0%,0.0%,0.0%,Conservative,Conservative,1.2%,Conservative HOLD
North Northumberland,E14001397,36.5%,42.1%,4.5%,10.9%,4.4%,0.0%,0.0%,1.6%,Conservative,Labour,5.6%,Labour GAIN from Conservative
North Shropshire,E14001398,40.3%,28.1%,9.8%,11.8%,8.2%,0.0%,0.0%,1.8%,Conservative,Conservative,12.2%,Conservative HOLD
North Somerset,E14001399,31.0%,32.8%,15.2%,11.7%,8.1%,0.0%,0.0%,1.2%,Conservative,Labour,1.8%,Labour GAIN from Conservative
North Warwickshire and Bedworth,E14001400,39.2%,45.1%,2.3%,10.5%,3.0%,0.0%,0.0%,0.0%,Conservative,Labour,5.9%,Labour GAIN from Conservative
North West Cambridgeshire,E14001401,38.5%,38.1%,6.0%,10.3%,7.1%,0.0%,0.0%,0.0%,Conservative,Conservative,0.4%,Conservative HOLD
North West Essex,E14001402,41.9%,28.0%,13.6%,9.3%,5.4%,0.0%,0.0%,1.7%,Conservative,Conservative,13.9%,Conservative HOLD
North West Hampshire,E14001403,39.9%,26.5%,19.2%,7.6%,4.9%,0.0%,0.0%,1.8%,Conservative,Conservative,13.4%,Conservative HOLD
North West Leicestershire,E14001404,38.6%,41.1%,3.4%,11.0%,4.5%,0.0%,0.0%,1.3%,Conservative,Labour,2.5%,Labour GAIN from Conservative
North West Norfolk,E14001405,42.8%,36.4%,4.7%,10.8%,5.3%,0.0%,0.0%,0.0%,Conservative,Conservative,6.3%,Conservative HOLD
Northampton North,E14001406,29.8%,54.1%,2.2%,8.8%,4.0%,0.0%,0.0%,1.1%,Conservative,Labour,24.3%,Labour GAIN from Conservative
Northampton South,E14001407,35.7%,46.3%,2.7%,9.9%,4.1%,0.0%,0.0%,1.3%,Conservative,Labour,10.6%,Labour GAIN from Conservative
Norwich North,E14001408,29.4%,51.8%,3.0%,8.7%,6.2%,0.0%,0.0%,0.8%,Conservative,Labour,22.4%,Labour GAIN from Conservative
Norwich South,E14001409,12.3%,59.9%,4.1%,5.6%,17.6%,0.0%,0.0%,0.5%,Labour,Labour,42.2%,Labour HOLD
Nottingham East,E14001410,10.2%,77.2%,1.5%,4.2%,5.7%,0.0%,0.0%,1.2%,Labour,Labour,67.0%,Labour HOLD
Nottingham North and Kimberley,E14001411,25.1%,56.7%,1.8%,10.2%,6.2%,0.0%,0.0%,0.0%,Labour,Labour,31.7%,Labour HOLD
Nottingham South,E14001412,15.1%,70.3%,1.6%,7.0%,5.2%,0.0%,0.0%,0.9%,Labour,Labour,55.2%,Labour HOLD
Nuneaton,E14001413,35.3%,46.9%,2.1%,10.2%,4.7%,0.0%,0.0%,0.8%,Conservative,Labour,11.6%,Labour GAIN from Conservative
Old Bexley and Sidcup,E14001414,41.2%,41.0%,2.6%,10.8%,3.2%,0.0%,0.0%,1.1%,Conservative,Conservative,0.2%,Conservative HOLD
Oldham East and Saddleworth,E14001415,28.3%,54.1%,5.1%,7.3%,3.1%,0.0%,0.0%,2.2%,Labour,Labour,25.8%,Labour HOLD
"Oldham West, Chadderton and Royton",E14001416,15.6%,72.6%,1.4%,5.4%,3.2%,0.0%,0.0%,1.8%,Labour,Labour,57.0%,Labour HOLD
Orkney and Shetland,S14000051,17.6%,15.3%,28.7%,3.0%,5.6%,29.8%,0.0%,0.0%,Liberal Democrat,Scottish National Party (SNP),1.1%,SNP GAIN from Liberal Democrat
Orpington,E14001417,44.0%,35.4%,5.5%,10.3%,3.6%,0.0%,0.0%,1.2%,Conservative,Conservative,8.5%,Conservative HOLD
Ossett and Denby Dale,E14001418,33.6%,48.1%,2.4%,10.3%,3.4%,0.0%,0.0%,2.1%,Conservative,Labour,14.5%,Labour GAIN from Conservative
Oxford East,E14001419,11.2%,64.9%,10.0%,0.0%,12.7%,0.0%,0.0%,1.3%,Labour,Labour,52.2%,Labour HOLD
Oxford West and Abingdon,E14001420,18.8%,4.4%,69.9%,2.9%,2.8%,0.0%,0.0%,1.2%,Liberal Democrat,Liberal Democrat,51.1%,Liberal Democrat HOLD
Paisley and Renfrewshire North,S14000101,10.5%,43.5%,4.6%,6.7%,3.8%,30.9%,0.0%,0.0%,Scottish National Party (SNP),Labour,12.7%,Labour GAIN from SNP
Paisley and Renfrewshire South,S14000102,9.3%,43.1%,3.5%,6.3%,3.7%,30.7%,0.0%,3.4%,Scottish National Party (SNP),Labour,12.4%,Labour GAIN from SNP
Peckham,E14001421,8.1%,81.3%,2.8%,2.5%,4.7%,0.0%,0.0%,0.7%,Labour,Labour,73.2%,Labour HOLD
Pendle and Clitheroe,E14001422,35.4%,46.0%,4.8%,8.5%,3.5%,0.0%,0.0%,1.8%,Conservative,Labour,10.6%,Labour GAIN from Conservative
Penistone and Stocksbridge,E14001423,33.1%,41.0%,13.0%,10.8%,2.1%,0.0%,0.0%,0.0%,Conservative,Labour,7.9%,Labour GAIN from Conservative
Penrith and Solway,E14001424,32.0%,44.9%,6.3%,10.6%,4.5%,0.0%,0.0%,1.8%,Conservative,Labour,12.9%,Labour GAIN from Conservative
Perth and Kinross-shire,S14000103,24.3%,23.3%,8.9%,10.2%,0.0%,28.7%,0.0%,4.6%,Scottish National Party (SNP),Scottish National Party (SNP),4.4%,SNP HOLD
Peterborough,E14001425,28.8%,52.3%,3.4%,9.5%,4.8%,0.0%,0.0%,1.2%,Conservative,Labour,23.5%,Labour GAIN from Conservative
Plymouth Moor View,E14001426,35.8%,46.1%,3.7%,11.8%,2.6%,0.0%,0.0%,0.0%,Conservative,Labour,10.3%,Labour GAIN from Conservative
Plymouth Sutton and Devonport,E14001427,20.3%,60.7%,3.6%,10.3%,4.0%,0.0%,0.0%,1.1%,Labour,Labour,40.4%,Labour HOLD
"Pontefract, Castleford and Knottingley",E14001428,21.5%,46.5%,5.0%,20.9%,4.9%,0.0%,0.0%,1.3%,Labour,Labour,25.0%,Labour HOLD
Pontypridd,W07000106,20.5%,54.0%,2.5%,9.7%,3.2%,0.0%,5.6%,4.6%,Labour,Labour,33.5%,Labour HOLD
Poole,E14001429,38.5%,27.1%,20.1%,10.4%,2.5%,0.0%,0.0%,1.4%,Conservative,Conservative,11.5%,Conservative HOLD
Poplar and Limehouse,E14001430,11.6%,74.7%,4.0%,3.3%,4.7%,0.0%,0.0%,1.8%,Labour,Labour,63.1%,Labour HOLD
Portsmouth North,E14001431,40.1%,36.3%,10.2%,9.4%,3.9%,0.0%,0.0%,0.0%,Conservative,Conservative,3.9%,Conservative HOLD
Portsmouth South,E14001432,24.4%,45.3%,19.6%,5.8%,3.3%,0.0%,0.0%,1.6%,Labour,Labour,21.0%,Labour HOLD
Preston,E14001433,14.1%,72.6%,3.0%,5.5%,3.4%,0.0%,0.0%,1.4%,Labour,Labour,58.5%,Labour HOLD
Putney,E14001434,25.6%,58.1%,6.0%,4.4%,4.1%,0.0%,0.0%,1.9%,Labour,Labour,32.5%,Labour HOLD
Queen's Park and Maida Vale,E14001435,12.8%,73.8%,4.1%,3.7%,4.5%,0.0%,0.0%,1.1%,Labour,Labour,61.0%,Labour HOLD
Rawmarsh and Conisbrough,E14001436,21.8%,52.1%,2.2%,17.8%,4.8%,0.0%,0.0%,1.3%,Labour,Labour,30.4%,Labour HOLD
Rayleigh and Wickford,E14001437,48.5%,30.3%,7.0%,10.9%,3.4%,0.0%,0.0%,0.0%,Conservative,Conservative,18.2%,Conservative HOLD
Reading Central,E14001438,18.3%,55.7%,5.3%,6.2%,13.2%,0.0%,0.0%,1.3%,Labour,Labour,37.4%,Labour HOLD
Reading West and Mid Berkshire,E14001439,36.4%,27.0%,23.7%,6.5%,4.7%,0.0%,0.0%,1.7%,Conservative,Conservative,9.5%,Conservative HOLD
Redcar,E14001440,30.5%,51.0%,2.3%,12.2%,2.6%,0.0%,0.0%,1.3%,Conservative,Labour,20.5%,Labour GAIN from Conservative
Redditch,E14001441,39.5%,44.3%,2.9%,9.2%,3.0%,0.0%,0.0%,1.1%,Conservative,Labour,4.8%,Labour GAIN from Conservative
Reigate,E14001442,35.4%,23.1%,18.1%,10.1%,13.3%,0.0%,0.0%,0.0%,Conservative,Conservative,12.3%,Conservative HOLD
Rhondda and Ogmore,W07000107,14.3%,70.0%,1.2%,9.2%,1.0%,0.0%,4.3%,0.0%,Labour,Labour,55.7%,Labour HOLD
Ribble Valley,E14001443,35.8%,45.1%,4.5%,9.3%,3.2%,0.0%,0.0%,2.1%,Conservative,Labour,9.3%,Labour GAIN from Conservative
Richmond and Northallerton,E14001444,39.8%,33.0%,6.7%,12.1%,6.1%,0.0%,0.0%,2.3%,Conservative,Conservative,6.8%,Conservative HOLD
Richmond Park,E14001445,28.3%,4.2%,61.5%,3.1%,1.6%,0.0%,0.0%,1.2%,Liberal Democrat,Liberal Democrat,33.2%,Liberal Democrat HOLD
Rochdale,E14001446,23.0%,60.2%,3.5%,6.8%,4.3%,0.0%,0.0%,2.2%,Labour,Labour,37.3%,Labour HOLD
Rochester and Strood,E14001447,36.4%,39.9%,6.4%,10.5%,5.1%,0.0%,0.0%,1.7%,Conservative,Labour,3.5%,Labour GAIN from Conservative
Romford,E14001448,42.0%,41.6%,2.2%,10.6%,2.7%,0.0%,0.0%,1.0%,Conservative,Conservative,0.5%,Conservative HOLD
Romsey and Southampton North,E14001449,38.2%,13.9%,38.1%,5.6%,2.2%,0.0%,0.0%,2.0%,Conservative,Conservative,0.1%,Conservative HOLD
Rossendale and Darwen,E14001450,31.9%,53.6%,1.9%,8.3%,3.0%,0.0%,0.0%,1.4%,Conservative,Labour,21.7%,Labour GAIN from Conservative
Rother Valley,E14001451,27.3%,48.6%,2.9%,16.2%,5.0%,0.0%,0.0%,0.0%,Conservative,Labour,21.4%,Labour GAIN from Conservative
Rotherham,E14001452,0.0%,60.7%,4.3%,27.2%,6.4%,0.0%,0.0%,1.4%,Labour,Labour,33.5%,Labour HOLD
Rugby,E14001453,34.9%,47.2%,5.1%,8.8%,2.9%,0.0%,0.0%,1.1%,Conservative,Labour,12.3%,Labour GAIN from Conservative
"Ruislip, Northwood and Pinner",E14001454,38.2%,42.0%,5.3%,11.0%,3.6%,0.0%,0.0%,0.0%,Conservative,Labour,3.8%,Labour GAIN from Conservative
Runcorn and Helsby,E14001455,21.2%,60.7%,3.9%,7.9%,5.0%,0.0%,0.0%,1.4%,Labour,Labour,39.5%,Labour HOLD
Runnymede and Weybridge,E14001456,38.6%,23.6%,22.7%,7.4%,5.5%,0.0%,0.0%,2.2%,Conservative,Conservative,14.9%,Conservative HOLD
Rushcliffe,E14001457,29.3%,51.0%,5.5%,7.5%,4.4%,0.0%,0.0%,2.3%,Conservative,Labour,21.7%,Labour GAIN from Conservative
Rutherglen,S14000104,8.6%,52.9%,4.1%,7.9%,0.0%,23.9%,0.0%,2.5%,Scottish National Party (SNP),Labour,29.0%,Labour GAIN from SNP
Rutland and Stamford,E14001458,42.8%,27.2%,12.4%,11.0%,4.7%,0.0%,0.0%,1.9%,Conservative,Conservative,15.6%,Conservative HOLD
Salford,E14001459,13.2%,73.2%,2.6%,5.8%,4.3%,0.0%,0.0%,1.0%,Labour,Labour,60.0%,Labour HOLD
Salisbury,E14001460,36.2%,27.5%,20.9%,9.6%,3.9%,0.0%,0.0%,1.9%,Conservative,Conservative,8.7%,Conservative HOLD
Scarborough and Whitby,E14001461,33.9%,48.1%,2.9%,10.2%,3.0%,0.0%,0.0%,1.8%,Conservative,Labour,14.2%,Labour GAIN from Conservative
Scunthorpe,E14001462,33.6%,48.6%,1.6%,11.4%,3.5%,0.0%,0.0%,1.3%,Conservative,Labour,15.0%,Labour GAIN from Conservative
Sefton Central,E14001463,19.8%,67.1%,3.0%,5.3%,3.0%,0.0%,0.0%,1.8%,Labour,Labour,47.2%,Labour HOLD
Selby,E14001464,34.1%,47.2%,2.9%,11.3%,4.5%,0.0%,0.0%,0.0%,Conservative,Labour,13.1%,Labour GAIN from Conservative
Sevenoaks,E14001465,41.1%,21.3%,22.0%,8.9%,4.9%,0.0%,0.0%,1.9%,Conservative,Conservative,19.2%,Conservative HOLD
Sheffield Brightside and Hillsborough,E14001466,14.2%,71.9%,1.9%,0.0%,11.1%,0.0%,0.0%,0.9%,Labour,Labour,57.6%,Labour HOLD
Sheffield Central,E14001467,3.3%,62.2%,1.1%,0.0%,32.8%,0.0%,0.0%,0.6%,Labour,Labour,29.4%,Labour HOLD
Sheffield Hallam,E14001468,20.7%,22.9%,49.0%,0.0%,4.9%,0.0%,0.0%,2.5%,Labour,Liberal Democrat,26.1%,Liberal Democrat GAIN from Labour
Sheffield Heeley,E14001469,16.1%,68.0%,5.6%,0.0%,9.5%,0.0%,0.0%,0.8%,Labour,Labour,51.8%,Labour HOLD
Sheffield South East,E14001470,27.5%,61.6%,4.7%,0.0%,4.1%,0.0%,0.0%,2.1%,Labour,Labour,34.1%,Labour HOLD
Sherwood Forest,E14001471,36.7%,45.2%,2.1%,10.9%,4.0%,0.0%,0.0%,1.2%,Conservative,Labour,8.4%,Labour GAIN from Conservative
Shipley,E14001472,29.7%,53.1%,2.3%,7.4%,6.1%,0.0%,0.0%,1.5%,Conservative,Labour,23.4%,Labour GAIN from Conservative
Shrewsbury,E14001473,30.1%,47.5%,8.7%,7.6%,4.8%,0.0%,0.0%,1.2%,Conservative,Labour,17.4%,Labour GAIN from Conservative
Sittingbourne and Sheppey,E14001474,42.8%,33.4%,6.4%,11.4%,4.5%,0.0%,0.0%,1.5%,Conservative,Conservative,9.4%,Conservative HOLD
Skipton and Ripon,E14001475,37.2%,29.9%,11.7%,11.6%,7.7%,0.0%,0.0%,1.9%,Conservative,Conservative,7.3%,Conservative HOLD
Sleaford and North Hykeham,E14001476,40.3%,37.9%,2.9%,13.3%,3.8%,0.0%,0.0%,1.7%,Conservative,Conservative,2.4%,Conservative HOLD
Slough,E14001477,14.2%,69.0%,4.9%,5.0%,5.0%,0.0%,0.0%,1.8%,Labour,Labour,54.8%,Labour HOLD
Smethwick,E14001478,15.1%,73.5%,1.4%,5.4%,3.8%,0.0%,0.0%,0.9%,Labour,Labour,58.3%,Labour HOLD
Solihull West and Shirley,E14001479,41.1%,32.3%,10.0%,9.9%,5.7%,0.0%,0.0%,1.1%,Conservative,Conservative,8.8%,Conservative HOLD
South Basildon and East Thurrock,E14001480,42.7%,37.0%,3.6%,12.5%,2.9%,0.0%,0.0%,1.2%,Conservative,Conservative,5.7%,Conservative HOLD
South Cambridgeshire,E14001481,28.6%,9.4%,55.5%,3.4%,1.6%,0.0%,0.0%,1.5%,Conservative,Liberal Democrat,26.9%,Liberal Democrat GAIN from Conservative
South Cotswolds,E14001482,34.5%,10.9%,45.2%,6.2%,1.9%,0.0%,0.0%,1.3%,Conservative,Liberal Democrat,10.7%,Liberal Democrat GAIN from Conservative
South Derbyshire,E14001483,37.4%,43.9%,2.3%,10.9%,4.3%,0.0%,0.0%,1.3%,Conservative,Labour,6.6%,Labour GAIN from Conservative
South Devon,E14001484,34.3%,16.9%,35.0%,10.1%,2.3%,0.0%,0.0%,1.3%,Conservative,Liberal Democrat,0.7%,Liberal Democrat GAIN from Conservative
South Dorset,E14001485,36.0%,28.6%,18.2%,12.0%,4.3%,0.0%,0.0%,0.8%,Conservative,Conservative,7.5%,Conservative HOLD
South East Cornwall,E14001486,37.1%,30.4%,16.2%,11.7%,3.0%,0.0%,0.0%,1.7%,Conservative,Conservative,6.7%,Conservative HOLD
South Holland and The Deepings,E14001487,48.5%,31.5%,2.5%,12.3%,3.7%,0.0%,0.0%,1.5%,Conservative,Conservative,17.0%,Conservative HOLD
South Leicestershire,E14001488,43.1%,36.5%,6.0%,10.8%,3.6%,0.0%,0.0%,0.0%,Conservative,Conservative,6.6%,Conservative HOLD
South Norfolk,E14001489,37.0%,37.6%,12.4%,7.0%,4.2%,0.0%,0.0%,1.7%,Conservative,Labour,0.6%,Labour GAIN from Conservative
South Northamptonshire,E14001490,39.2%,38.1%,4.8%,11.3%,4.6%,0.0%,0.0%,1.9%,Conservative,Conservative,1.1%,Conservative HOLD
South Ribble,E14001491,32.2%,53.5%,3.9%,7.5%,2.9%,0.0%,0.0%,0.0%,Conservative,Labour,21.3%,Labour GAIN from Conservative
South Shields,E14001492,14.3%,50.3%,0.7%,19.8%,14.1%,0.0%,0.0%,0.8%,Labour,Labour,30.5%,Labour HOLD
South Shropshire,E14001493,44.4%,27.5%,15.9%,9.3%,2.8%,0.0%,0.0%,0.0%,Conservative,Conservative,16.9%,Conservative HOLD
South Suffolk,E14001494,36.3%,27.1%,9.5%,12.8%,14.3%,0.0%,0.0%,0.0%,Conservative,Conservative,9.2%,Conservative HOLD
South West Devon,E14001495,38.2%,32.7%,13.8%,10.9%,3.2%,0.0%,0.0%,1.2%,Conservative,Conservative,5.5%,Conservative HOLD
South West Hertfordshire,E14001496,38.0%,24.3%,20.6%,10.3%,4.5%,0.0%,0.0%,2.4%,Conservative,Conservative,13.7%,Conservative HOLD
South West Norfolk,E14001497,43.3%,34.5%,4.4%,11.9%,4.9%,0.0%,0.0%,1.1%,Conservative,Conservative,8.8%,Conservative HOLD
South West Wiltshire,E14001498,37.9%,30.0%,17.2%,10.7%,2.9%,0.0%,0.0%,1.3%,Conservative,Conservative,8.0%,Conservative HOLD
Southampton Itchen,E14001499,29.8%,52.2%,4.1%,7.5%,4.9%,0.0%,0.0%,1.4%,Conservative,Labour,22.4%,Labour GAIN from Conservative
Southampton Test,E14001500,20.7%,56.6%,5.4%,7.1%,8.7%,0.0%,0.0%,1.5%,Labour,Labour,35.9%,Labour HOLD
Southend East and Rochford,E14001501,37.9%,44.2%,4.0%,9.4%,3.4%,0.0%,0.0%,1.1%,Conservative,Labour,6.3%,Labour GAIN from Conservative
Southend West and Leigh,E14001502,38.1%,40.9%,6.8%,9.5%,3.5%,0.0%,0.0%,1.1%,Conservative,Labour,2.8%,Labour GAIN from Conservative
Southgate and Wood Green,E14001503,15.9%,72.0%,3.1%,4.4%,3.4%,0.0%,0.0%,1.2%,Labour,Labour,56.1%,Labour HOLD
Southport,E14001504,32.1%,49.1%,8.5%,6.5%,2.1%,0.0%,0.0%,1.7%,Conservative,Labour,17.0%,Labour GAIN from Conservative
Spelthorne,E14001505,40.4%,29.3%,14.2%,9.4%,5.3%,0.0%,0.0%,1.4%,Conservative,Conservative,11.1%,Conservative HOLD
Spen Valley,E14001506,29.1%,50.5%,3.6%,10.2%,4.1%,0.0%,0.0%,2.6%,Conservative,Labour,21.3%,Labour GAIN from Conservative
St Albans,E14001507,23.2%,4.2%,66.6%,2.7%,2.3%,0.0%,0.0%,1.1%,Liberal Democrat,Liberal Democrat,43.5%,Liberal Democrat HOLD
St Austell and Newquay,E14001508,32.5%,38.9%,8.2%,15.5%,3.5%,0.0%,0.0%,1.5%,Conservative,Labour,6.4%,Labour GAIN from Conservative
St Helens North,E14001509,16.9%,60.7%,2.6%,10.7%,8.0%,0.0%,0.0%,1.0%,Labour,Labour,43.8%,Labour HOLD
St Helens South and Whiston,E14001510,11.2%,68.5%,2.9%,8.3%,8.6%,0.0%,0.0%,0.6%,Labour,Labour,57.4%,Labour HOLD
St Ives,E14001511,35.4%,12.5%,36.0%,10.7%,3.4%,0.0%,0.0%,2.0%,Conservative,Liberal Democrat,0.7%,Liberal Democrat GAIN from Conservative
St Neots and Mid Cambridgeshire,E14001512,35.8%,25.2%,26.3%,6.6%,4.4%,0.0%,0.0%,1.7%,Conservative,Conservative,9.5%,Conservative HOLD
Stafford,E14001513,32.0%,48.2%,2.8%,9.9%,6.3%,0.0%,0.0%,0.8%,Conservative,Labour,16.2%,Labour GAIN from Conservative
Staffordshire Moorlands,E14001514,37.8%,45.9%,2.7%,10.2%,3.4%,0.0%,0.0%,0.0%,Conservative,Labour,8.2%,Labour GAIN from Conservative
Stalybridge and Hyde,E14001515,22.8%,58.9%,2.4%,9.6%,4.8%,0.0%,0.0%,1.5%,Labour,Labour,36.2%,Labour HOLD
Stevenage,E14001516,34.3%,47.3%,6.3%,7.1%,3.9%,0.0%,0.0%,1.2%,Conservative,Labour,13.1%,Labour GAIN from Conservative
Stirling and Strathallan,S14000105,21.4%,19.4%,8.3%,7.4%,6.1%,37.4%,0.0%,0.0%,Scottish National Party (SNP),Scottish National Party (SNP),16.0%,SNP HOLD
Stockport,E14001517,14.7%,68.5%,3.2%,5.9%,6.7%,0.0%,0.0%,1.0%,Labour,Labour,53.9%,Labour HOLD
Stockton North,E14001518,22.8%,61.0%,1.3%,12.1%,2.8%,0.0%,0.0%,0.0%,Labour,Labour,38.2%,Labour HOLD
Stockton West,E14001519,31.9%,55.0%,1.0%,9.2%,1.5%,0.0%,0.0%,1.5%,Conservative,Labour,23.0%,Labour GAIN from Conservative
Stoke-on-Trent Central,E14001520,27.9%,55.5%,1.9%,10.0%,3.8%,0.0%,0.0%,0.9%,Conservative,Labour,27.6%,Labour GAIN from Conservative
Stoke-on-Trent North,E14001521,32.8%,49.9%,1.8%,11.3%,3.2%,0.0%,0.0%,1.0%,Conservative,Labour,17.1%,Labour GAIN from Conservative
Stoke-on-Trent South,E14001522,37.7%,47.1%,2.6%,9.1%,2.4%,0.0%,0.0%,1.1%,Conservative,Labour,9.4%,Labour GAIN from Conservative
"Stone, Great Wyrley and Penkridge",E14001523,46.2%,45.9%,3.3%,0.0%,3.2%,0.0%,0.0%,1.3%,Conservative,Conservative,0.3%,Conservative HOLD
Stourbridge,E14001524,39.8%,47.0%,2.1%,7.3%,2.5%,0.0%,0.0%,1.2%,Conservative,Labour,7.2%,Labour GAIN from Conservative
Stratford and Bow,E14001525,8.4%,78.0%,2.4%,3.6%,6.6%,0.0%,0.0%,0.9%,Labour,Labour,69.6%,Labour HOLD
Stratford-on-Avon,E14001526,39.8%,15.5%,32.8%,7.1%,3.7%,0.0%,0.0%,1.1%,Conservative,Conservative,7.0%,Conservative HOLD
Streatham and Croydon North,E14001527,12.8%,70.0%,6.3%,3.7%,6.3%,0.0%,0.0%,0.9%,Labour,Labour,57.1%,Labour HOLD
Stretford and Urmston,E14001528,13.4%,76.3%,1.9%,3.9%,3.1%,0.0%,0.0%,1.4%,Labour,Labour,62.8%,Labour HOLD
Stroud,E14001529,19.5%,48.4%,4.0%,12.5%,14.8%,0.0%,0.0%,0.7%,Conservative,Labour,28.9%,Labour GAIN from Conservative
Suffolk Coastal,E14001530,34.9%,25.5%,18.9%,10.7%,10.0%,0.0%,0.0%,0.0%,Conservative,Conservative,9.4%,Conservative HOLD
Sunderland Central,E14001531,26.4%,57.9%,2.4%,10.0%,3.3%,0.0%,0.0%,0.0%,Labour,Labour,31.5%,Labour HOLD
Surrey Heath,E14001532,36.8%,11.6%,41.1%,5.7%,3.0%,0.0%,0.0%,1.8%,Conservative,Liberal Democrat,4.3%,Liberal Democrat GAIN from Conservative
Sussex Weald,E14001533,37.6%,17.5%,25.3%,10.2%,8.5%,0.0%,0.0%,1.0%,Conservative,Conservative,12.2%,Conservative HOLD
Sutton and Cheam,E14001534,41.1%,19.4%,26.2%,8.9%,2.6%,0.0%,0.0%,1.7%,Conservative,Conservative,14.9%,Conservative HOLD
Sutton Coldfield,E14001535,40.9%,43.1%,4.6%,6.4%,3.5%,0.0%,0.0%,1.6%,Conservative,Labour,2.2%,Labour GAIN from Conservative
Swansea West,W07000108,16.9%,42.6%,20.3%,9.2%,1.6%,0.0%,3.9%,5.5%,Labour,Labour,22.3%,Labour HOLD
Swindon North,E14001536,35.2%,44.7%,5.0%,10.9%,2.9%,0.0%,0.0%,1.2%,Conservative,Labour,9.4%,Labour GAIN from Conservative
Swindon South,E14001537,29.3%,53.7%,4.0%,9.6%,2.1%,0.0%,0.0%,1.3%,Conservative,Labour,24.4%,Labour GAIN from Conservative
Tamworth,E14001538,40.0%,41.6%,3.1%,11.3%,2.9%,0.0%,0.0%,1.1%,Conservative,Labour,1.7%,Labour GAIN from Conservative
Tatton,E14001539,39.6%,36.9%,12.8%,7.3%,3.5%,0.0%,0.0%,0.0%,Conservative,Conservative,2.7%,Conservative HOLD
Taunton and Wellington,E14001540,33.2%,9.3%,47.9%,6.9%,1.1%,0.0%,0.0%,1.6%,Conservative,Liberal Democrat,14.7%,Liberal Democrat GAIN from Conservative
Telford,E14001541,35.8%,50.3%,2.3%,9.3%,2.3%,0.0%,0.0%,0.0%,Conservative,Labour,14.5%,Labour GAIN from Conservative
Tewkesbury,E14001542,35.8%,19.2%,29.6%,10.5%,3.9%,0.0%,0.0%,1.0%,Conservative,Conservative,6.3%,Conservative HOLD
The Wrekin,E14001543,40.5%,41.6%,5.1%,9.0%,2.8%,0.0%,0.0%,1.2%,Conservative,Labour,1.1%,Labour GAIN from Conservative
Thirsk and Malton,E14001544,40.9%,31.9%,8.3%,11.7%,5.0%,0.0%,0.0%,2.2%,Conservative,Conservative,8.9%,Conservative HOLD
Thornbury and Yate,E14001545,34.7%,7.9%,51.2%,5.6%,0.6%,0.0%,0.0%,0.0%,Conservative,Liberal Democrat,16.6%,Liberal Democrat GAIN from Conservative
Thurrock,E14001546,38.8%,46.2%,2.2%,8.9%,3.0%,0.0%,0.0%,0.9%,Conservative,Labour,7.4%,Labour GAIN from Conservative
Tipton and Wednesbury,E14001547,33.9%,49.2%,1.8%,10.5%,3.7%,0.0%,0.0%,0.8%,Conservative,Labour,15.3%,Labour GAIN from Conservative
Tiverton and Minehead,E14001548,36.9%,12.0%,39.1%,8.8%,3.1%,0.0%,0.0%,0.0%,Conservative,Liberal Democrat,2.2%,Liberal Democrat GAIN from Conservative
Tonbridge,E14001549,37.3%,20.1%,15.2%,11.6%,15.0%,0.0%,0.0%,0.9%,Conservative,Conservative,17.2%,Conservative HOLD
Tooting,E14001550,19.7%,64.5%,4.9%,4.1%,5.1%,0.0%,0.0%,1.8%,Labour,Labour,44.8%,Labour HOLD
Torbay,E14001551,40.0%,16.0%,31.0%,10.0%,2.0%,0.0%,0.0%,1.1%,Conservative,Conservative,9.0%,Conservative HOLD
Torfaen,W07000109,23.3%,51.3%,3.0%,11.0%,3.0%,0.0%,3.0%,5.3%,Labour,Labour,28.0%,Labour HOLD
Torridge and Tavistock,E14001552,37.2%,26.0%,18.0%,13.4%,4.2%,0.0%,0.0%,1.3%,Conservative,Conservative,11.2%,Conservative HOLD
Tottenham,E14001553,7.1%,83.4%,1.9%,2.7%,4.1%,0.0%,0.0%,0.7%,Labour,Labour,76.3%,Labour HOLD
Truro and Falmouth,E14001554,26.7%,48.6%,9.3%,9.6%,4.4%,0.0%,0.0%,1.4%,Conservative,Labour,21.9%,Labour GAIN from Conservative
Tunbridge Wells,E14001555,36.6%,17.9%,34.9%,5.8%,2.5%,0.0%,0.0%,2.3%,Conservative,Conservative,1.7%,Conservative HOLD
Twickenham,E14001556,22.7%,3.8%,68.3%,2.8%,1.3%,0.0%,0.0%,1.1%,Liberal Democrat,Liberal Democrat,45.6%,Liberal Democrat HOLD
Tynemouth,E14001557,24.4%,64.7%,1.3%,5.8%,2.5%,0.0%,0.0%,1.3%,Labour,Labour,40.3%,Labour HOLD
Uxbridge and South Ruislip,E14001558,32.2%,50.8%,2.4%,10.1%,3.2%,0.0%,0.0%,1.3%,Conservative,Labour,18.6%,Labour GAIN from Conservative
Vale of Glamorgan,W07000110,28.3%,54.0%,2.1%,4.9%,3.5%,0.0%,2.9%,4.4%,Conservative,Labour,25.7%,Labour GAIN from Conservative
Vauxhall and Camberwell Green,E14001559,11.0%,74.7%,5.2%,2.7%,5.4%,0.0%,0.0%,1.0%,Labour,Labour,63.7%,Labour HOLD
Wakefield and Rothwell,E14001560,28.6%,53.9%,3.8%,9.0%,3.1%,0.0%,0.0%,1.6%,Conservative,Labour,25.2%,Labour GAIN from Conservative
Wallasey,E14001561,12.2%,78.6%,1.3%,4.2%,2.9%,0.0%,0.0%,0.9%,Labour,Labour,66.4%,Labour HOLD
Walsall and Bloxwich,E14001562,31.3%,56.5%,1.5%,6.6%,3.1%,0.0%,0.0%,1.1%,Conservative,Labour,25.2%,Labour GAIN from Conservative
Walthamstow,E14001563,7.2%,83.7%,1.9%,2.6%,3.7%,0.0%,0.0%,1.0%,Labour,Labour,76.6%,Labour HOLD
Warrington North,E14001564,22.6%,58.1%,3.4%,10.0%,4.3%,0.0%,0.0%,1.6%,Labour,Labour,35.5%,Labour HOLD
Warrington South,E14001565,25.9%,56.6%,6.2%,7.4%,2.1%,0.0%,0.0%,1.8%,Labour,Labour,30.7%,Labour HOLD
Warwick and Leamington,E14001566,21.5%,49.3%,7.4%,9.0%,12.0%,0.0%,0.0%,0.8%,Labour,Labour,27.8%,Labour HOLD
Washington and Gateshead South,E14001567,22.5%,60.0%,1.3%,11.5%,3.5%,0.0%,0.0%,1.2%,Labour,Labour,37.6%,Labour HOLD
Watford,E14001568,30.9%,35.3%,25.7%,5.0%,1.6%,0.0%,0.0%,1.4%,Conservative,Labour,4.4%,Labour GAIN from Conservative
Waveney Valley,E14001569,34.0%,20.7%,6.8%,12.4%,25.4%,0.0%,0.0%,0.8%,Conservative,Conservative,8.6%,Conservative HOLD
Weald of Kent,E14001570,44.7%,27.3%,10.5%,11.4%,6.1%,0.0%,0.0%,0.0%,Conservative,Conservative,17.5%,Conservative HOLD
Wellingborough and Rushden,E14001571,37.8%,42.0%,2.2%,12.2%,4.7%,0.0%,0.0%,1.0%,Conservative,Labour,4.2%,Labour GAIN from Conservative
Wells and Mendip Hills,E14001572,32.8%,9.8%,46.3%,7.6%,2.3%,0.0%,0.0%,1.1%,Conservative,Liberal Democrat,13.4%,Liberal Democrat GAIN from Conservative
Welwyn Hatfield,E14001573,35.9%,41.1%,12.3%,7.0%,3.8%,0.0%,0.0%,0.0%,Conservative,Labour,5.2%,Labour GAIN from Conservative
West Aberdeenshire and Kincardine,S14000058,31.0%,12.7%,15.8%,3.8%,3.8%,31.8%,0.0%,1.1%,Conservative,Scottish National Party (SNP),0.9%,SNP GAIN from Conservative
West Bromwich,E14001574,30.1%,54.0%,1.7%,9.3%,3.9%,0.0%,0.0%,1.0%,Conservative,Labour,24.0%,Labour GAIN from Conservative
West Dorset,E14001575,33.0%,7.9%,55.6%,0.0%,2.3%,0.0%,0.0%,1.1%,Conservative,Liberal Democrat,22.6%,Liberal Democrat GAIN from Conservative
West Dunbartonshire,S14000106,8.5%,42.7%,2.4%,5.0%,4.6%,34.6%,0.0%,2.3%,Scottish National Party (SNP),Labour,8.0%,Labour GAIN from SNP
West Ham and Beckton,E14001576,9.6%,80.0%,1.9%,4.0%,3.5%,0.0%,0.0%,0.9%,Labour,Labour,70.4%,Labour HOLD
West Lancashire,E14001577,19.5%,67.7%,2.2%,7.0%,3.5%,0.0%,0.0%,0.0%,Labour,Labour,48.2%,Labour HOLD
West Suffolk,E14001578,40.8%,39.1%,4.3%,9.9%,4.8%,0.0%,0.0%,1.1%,Conservative,Conservative,1.7%,Conservative HOLD
West Worcestershire,E14001579,38.9%,27.9%,13.6%,11.2%,7.3%,0.0%,0.0%,1.1%,Conservative,Conservative,11.0%,Conservative HOLD
Westmorland and Lonsdale,E14001580,29.1%,5.9%,58.1%,4.3%,1.0%,0.0%,0.0%,1.6%,Conservative,Liberal Democrat,29.1%,Liberal Democrat GAIN from Conservative
Weston-super-Mare,E14001581,37.0%,38.1%,10.9%,11.1%,2.9%,0.0%,0.0%,0.0%,Conservative,Labour,1.1%,Labour GAIN from Conservative
Wetherby and Easingwold,E14001582,40.7%,32.7%,5.6%,12.0%,7.2%,0.0%,0.0%,1.8%,Conservative,Conservative,7.9%,Conservative HOLD
Whitehaven and Workington,E14001583,26.4%,59.6%,1.8%,9.3%,2.9%,0.0%,0.0%,0.0%,Conservative,Labour,33.2%,Labour GAIN from Conservative
Widnes and Halewood,E14001584,9.7%,78.9%,1.5%,5.2%,3.8%,0.0%,0.0%,0.9%,Labour,Labour,69.2%,Labour HOLD
Wigan,E14001585,20.3%,60.3%,2.5%,11.0%,4.6%,0.0%,0.0%,1.3%,Labour,Labour,40.0%,Labour HOLD
Wimbledon,E14001586,32.6%,16.9%,42.7%,4.2%,1.7%,0.0%,0.0%,2.0%,Conservative,Liberal Democrat,10.1%,Liberal Democrat GAIN from Conservative
Winchester,E14001587,30.3%,4.3%,58.6%,3.6%,1.9%,0.0%,0.0%,1.3%,Conservative,Liberal Democrat,28.4%,Liberal Democrat GAIN from Conservative
Windsor,E14001588,38.0%,28.2%,18.4%,7.7%,5.3%,0.0%,0.0%,2.4%,Conservative,Conservative,9.8%,Conservative HOLD
Wirral West,E14001589,25.6%,63.1%,2.4%,5.4%,3.5%,0.0%,0.0%,0.0%,Labour,Labour,37.5%,Labour HOLD
Witham,E14001590,41.8%,31.8%,6.4%,11.5%,7.5%,0.0%,0.0%,0.9%,Conservative,Conservative,9.9%,Conservative HOLD
Witney,E14001591,36.5%,19.4%,31.0%,7.3%,4.3%,0.0%,0.0%,1.6%,Conservative,Conservative,5.5%,Conservative HOLD
Woking,E14001592,31.8%,12.3%,48.0%,3.8%,2.3%,0.0%,0.0%,1.8%,Conservative,Liberal Democrat,16.2%,Liberal Democrat GAIN from Conservative
Wokingham,E14001593,37.2%,11.8%,43.2%,5.0%,2.8%,0.0%,0.0%,0.0%,Conservative,Liberal Democrat,6.0%,Liberal Democrat GAIN from Conservative
Wolverhampton North East,E14001594,36.2%,49.7%,1.6%,9.3%,3.2%,0.0%,0.0%,0.0%,Conservative,Labour,13.5%,Labour GAIN from Conservative
Wolverhampton South East,E14001595,25.0%,57.4%,1.9%,10.4%,4.5%,0.0%,0.0%,0.8%,Labour,Labour,32.3%,Labour HOLD
Wolverhampton West,E14001596,27.9%,61.0%,1.4%,6.1%,2.5%,0.0%,0.0%,1.1%,Conservative,Labour,33.2%,Labour GAIN from Conservative
Worcester,E14001597,27.0%,44.8%,4.3%,11.0%,12.2%,0.0%,0.0%,0.6%,Conservative,Labour,17.7%,Labour GAIN from Conservative
Worsley and Eccles,E14001598,23.2%,60.1%,2.5%,9.3%,3.6%,0.0%,0.0%,1.4%,Labour,Labour,37.0%,Labour HOLD
Worthing West,E14001599,34.6%,39.7%,8.5%,9.0%,6.6%,0.0%,0.0%,1.5%,Conservative,Labour,5.1%,Labour GAIN from Conservative
Wrexham,W07000111,27.7%,50.8%,3.0%,7.1%,2.6%,0.0%,5.4%,3.4%,Conservative,Labour,23.0%,Labour GAIN from Conservative
Wycombe,E14001600,26.2%,49.3%,8.8%,6.5%,6.2%,0.0%,0.0%,3.0%,Conservative,Labour,23.1%,Labour GAIN from Conservative
Wyre Forest,E14001601,40.9%,39.9%,4.0%,10.2%,4.1%,0.0%,0.0%,1.0%,Conservative,Conservative,1.0%,Conservative HOLD
Wythenshawe and Sale East,E14001602,16.1%,67.3%,3.1%,6.2%,6.4%,0.0%,0.0%,0.9%,Labour,Labour,51.2%,Labour HOLD
Yeovil,E14001603,36.6%,8.7%,44.7%,7.2%,1.6%,0.0%,0.0%,1.2%,Conservative,Liberal Democrat,8.1%,Liberal Democrat GAIN from Conservative
Ynys Mn,W07000112,22.6%,38.0%,2.8%,10.8%,1.4%,0.0%,23.2%,1.2%,Conservative,Labour,14.8%,Labour GAIN from Conservative
York Central,E14001604,12.3%,73.4%,2.9%,4.2%,5.4%,0.0%,0.0%,1.7%,Labour,Labour,61.1%,Labour HOLD
York Outer,E14001605,32.9%,30.3%,27.3%,5.7%,1.6%,0.0%,0.0%,2.2%,Conservative,Conservative,2.6%,Conservative HOLD