Constituency,Constituency Code,Conservative,Labour,Liberal Democrat,Other,Plaid Cymru,Reform UK,Green Party,Scottish National Party (SNP),Margin,Winner,GE2019 Notional Result,Change
Aberafan Maesteg,W07000081,16.0%,54.0%,3.0%,1.0%,10.6%,11.2%,4.2%,0.0%,38.1%,Labour,Labour,Labour hold
Aberdeen North,S14000060,15.1%,28.4%,10.0%,2.4%,0.0%,5.8%,2.5%,35.9%,7.5%,Scottish National Party (SNP),Scottish National Party (SNP),SNP hold
Aberdeen South,S14000061,19.4%,24.2%,13.8%,3.4%,0.0%,6.4%,3.1%,29.7%,5.5%,Scottish National Party (SNP),Scottish National Party (SNP),SNP hold
Aberdeenshire North and Moray East,S14000062,30.0%,19.2%,12.8%,0.9%,0.0%,4.4%,1.7%,31.0%,1.0%,Scottish National Party (SNP),Conservative,SNP gain from Conservatives
Airdrie and Shotts,S14000063,11.8%,40.4%,5.0%,1.1%,0.0%,3.9%,1.4%,36.5%,3.9%,Labour,Scottish National Party (SNP),Labour gain from SNP
Aldershot,E14001063,35.9%,35.5%,15.2%,0.6%,0.0%,8.1%,4.5%,0.0%,0.4%,Conservative,Conservative,Conservative hold
Aldridge-Brownhills,E14001064,42.7%,38.9%,6.3%,1.2%,0.0%,8.3%,2.6%,0.0%,3.7%,Conservative,Conservative,Conservative hold
Alloa and Grangemouth,S14000064,15.7%,28.8%,7.1%,2.0%,0.0%,4.7%,3.3%,38.4%,9.6%,Scottish National Party (SNP),Scottish National Party (SNP),SNP hold
Altrincham and Sale West,E14001065,29.0%,46.6%,10.2%,1.6%,0.0%,7.5%,5.1%,0.0%,17.6%,Labour,Conservative,Labour gain from Conservatives
Alyn and Deeside,W07000082,27.4%,48.9%,5.3%,2.3%,5.2%,9.0%,1.8%,0.0%,21.5%,Labour,Labour,Labour hold
Amber Valley,E14001066,36.6%,41.0%,4.8%,1.1%,0.0%,11.8%,4.9%,0.0%,4.4%,Labour,Conservative,Labour gain from Conservatives
Angus and Perthshire Glens,S14000065,25.2%,18.2%,13.2%,1.4%,0.0%,4.2%,2.3%,35.5%,10.3%,Scottish National Party (SNP),Scottish National Party (SNP),SNP hold
Arbroath and Broughty Ferry,S14000066,17.8%,27.5%,9.5%,2.5%,0.0%,5.4%,1.6%,35.7%,8.2%,Scottish National Party (SNP),Scottish National Party (SNP),SNP hold
"Argyll, Bute and South Lochaber",S14000067,23.1%,15.4%,20.6%,1.2%,0.0%,3.5%,4.1%,32.1%,9.0%,Scottish National Party (SNP),Scottish National Party (SNP),SNP hold
Arundel and South Downs,E14001067,34.1%,19.4%,25.1%,0.8%,0.0%,9.4%,11.1%,0.0%,9.0%,Conservative,Conservative,Conservative hold
Ashfield,E14001068,25.9%,44.6%,3.3%,9.0%,0.0%,15.0%,2.1%,0.0%,18.7%,Labour,Conservative,Labour gain from Conservatives
Ashford,E14001069,35.5%,35.2%,10.6%,1.4%,0.0%,8.6%,8.7%,0.0%,0.2%,Conservative,Conservative,Conservative hold
Ashton-under-Lyne,E14001070,23.6%,56.9%,4.0%,1.3%,0.0%,10.6%,3.7%,0.0%,33.4%,Labour,Labour,Labour hold
Aylesbury,E14001071,32.3%,31.9%,22.5%,0.5%,0.0%,8.6%,4.2%,0.0%,0.4%,Conservative,Conservative,Conservative hold
"Ayr, Carrick and Cumnock",S14000006,22.9%,30.3%,6.6%,1.0%,0.0%,5.2%,1.0%,33.0%,2.7%,Scottish National Party (SNP),Scottish National Party (SNP),SNP hold
Banbury,E14001072,35.3%,34.2%,18.2%,0.5%,0.0%,7.2%,4.7%,0.0%,1.0%,Conservative,Conservative,Conservative hold
Bangor Aberconwy,W07000083,27.4%,43.6%,3.6%,0.3%,16.7%,6.7%,1.7%,0.0%,16.2%,Labour,Conservative,Labour gain from Conservatives
Barking,E14001073,18.6%,64.9%,3.7%,1.7%,0.0%,7.6%,3.5%,0.0%,46.2%,Labour,Labour,Labour hold
Barnsley North,E14001074,20.0%,47.5%,5.5%,1.5%,0.0%,21.7%,3.8%,0.0%,25.8%,Labour,Labour,Labour hold
Barnsley South,E14001075,19.0%,49.0%,5.5%,1.2%,0.0%,21.4%,3.9%,0.0%,27.6%,Labour,Labour,Labour hold
Barrow and Furness,E14001076,35.5%,44.3%,4.9%,0.7%,0.0%,8.3%,6.4%,0.0%,8.8%,Labour,Conservative,Labour gain from Conservatives
Basildon and Billericay,E14001077,41.3%,36.9%,8.0%,0.9%,0.0%,9.2%,3.7%,0.0%,4.3%,Conservative,Conservative,Conservative hold
Basingstoke,E14001078,33.0%,37.9%,11.7%,0.9%,0.0%,7.4%,9.1%,0.0%,4.9%,Labour,Conservative,Labour gain from Conservatives
Bassetlaw,E14001079,34.4%,40.6%,5.6%,1.0%,0.0%,16.6%,1.9%,0.0%,6.2%,Labour,Conservative,Labour gain from Conservatives
Bath,E14001080,22.0%,12.9%,55.4%,0.4%,0.0%,5.5%,3.8%,0.0%,33.5%,Liberal Democrat,Liberal Democrat,Liberal Democrat hold
Bathgate and Linlithgow,S14000068,15.9%,30.8%,10.3%,2.8%,0.0%,5.6%,2.5%,32.1%,1.3%,Scottish National Party (SNP),Scottish National Party (SNP),SNP hold
Battersea,E14001081,25.9%,57.5%,7.5%,1.2%,0.0%,4.2%,3.7%,0.0%,31.6%,Labour,Labour,Labour hold
Beaconsfield,E14001082,40.3%,33.0%,4.2%,8.9%,0.0%,9.5%,4.1%,0.0%,7.3%,Conservative,Conservative,Conservative hold
Beckenham and Penge,E14001083,26.2%,53.7%,9.2%,1.0%,0.0%,6.1%,3.7%,0.0%,27.6%,Labour,Labour,Labour hold
Bedford,E14001084,26.6%,47.8%,11.4%,0.7%,0.0%,7.7%,5.8%,0.0%,21.1%,Labour,Labour,Labour hold
Bermondsey and Old Southwark,E14001085,13.3%,53.8%,23.5%,0.6%,0.0%,5.3%,3.5%,0.0%,30.3%,Labour,Labour,Labour hold
"Berwickshire, Roxburgh and Selkirk",S14000008,31.9%,23.9%,6.9%,0.9%,0.0%,3.0%,2.3%,31.0%,0.8%,Conservative,Conservative,Conservative hold
Bethnal Green and Stepney,E14001086,9.7%,71.4%,6.0%,3.0%,0.0%,3.0%,6.9%,0.0%,61.6%,Labour,Labour,Labour hold
Beverley and Holderness,E14001087,38.4%,33.7%,13.5%,0.7%,0.0%,10.1%,3.5%,0.0%,4.6%,Conservative,Conservative,Conservative hold
Bexhill and Battle,E14001088,39.3%,27.8%,14.7%,0.5%,0.0%,9.0%,8.7%,0.0%,11.5%,Conservative,Conservative,Conservative hold
Bexleyheath and Crayford,E14001089,35.7%,46.4%,4.9%,1.5%,0.0%,9.1%,2.3%,0.0%,10.7%,Labour,Conservative,Labour gain from Conservatives
Bicester and Woodstock,E14001090,35.9%,24.4%,27.3%,0.4%,0.0%,6.3%,5.7%,0.0%,8.6%,Conservative,Conservative,Conservative hold
Birkenhead,E14001091,11.0%,58.8%,7.0%,7.0%,0.0%,7.6%,8.6%,0.0%,47.8%,Labour,Labour,Labour hold
Birmingham Edgbaston,E14001092,25.1%,58.7%,5.6%,1.5%,0.0%,4.9%,4.2%,0.0%,33.6%,Labour,Labour,Labour hold
Birmingham Erdington,E14001093,27.2%,57.2%,4.1%,1.1%,0.0%,6.9%,3.5%,0.0%,30.0%,Labour,Labour,Labour hold
Birmingham Hall Green and Moseley,E14001094,13.3%,64.0%,6.9%,6.9%,0.0%,3.3%,5.6%,0.0%,50.7%,Labour,Labour,Labour hold
Birmingham Hodge Hill and Solihull North,E14001095,18.4%,58.9%,5.6%,2.4%,0.0%,5.5%,9.2%,0.0%,40.5%,Labour,Labour,Labour hold
Birmingham Ladywood,E14001096,9.4%,74.8%,3.9%,2.5%,0.0%,2.7%,6.7%,0.0%,65.4%,Labour,Labour,Labour hold
Birmingham Northfield,E14001097,29.0%,51.3%,4.6%,1.3%,0.0%,7.4%,6.5%,0.0%,22.3%,Labour,Conservative,Labour gain from Conservatives
Birmingham Perry Barr,E14001098,15.2%,64.8%,8.7%,1.6%,0.0%,4.4%,5.3%,0.0%,49.6%,Labour,Labour,Labour hold
Birmingham Selly Oak,E14001099,21.8%,59.3%,5.4%,1.5%,0.0%,5.2%,6.9%,0.0%,37.5%,Labour,Labour,Labour hold
Birmingham Yardley,E14001100,17.3%,56.7%,13.6%,0.8%,0.0%,7.5%,4.0%,0.0%,39.3%,Labour,Labour,Labour hold
Bishop Auckland,E14001101,37.3%,44.2%,4.8%,0.8%,0.0%,9.8%,3.1%,0.0%,7.0%,Labour,Conservative,Labour gain from Conservatives
Blackburn,E14001102,18.6%,63.1%,4.1%,2.0%,0.0%,6.3%,5.9%,0.0%,44.5%,Labour,Labour,Labour hold
Blackley and Middleton South,E14001103,19.8%,63.1%,3.6%,1.3%,0.0%,8.8%,3.5%,0.0%,43.3%,Labour,Labour,Labour hold
Blackpool North and Fleetwood,E14001104,36.5%,46.0%,4.8%,0.9%,0.0%,8.9%,3.0%,0.0%,9.5%,Labour,Conservative,Labour gain from Conservatives
Blackpool South,E14001105,32.1%,48.7%,4.7%,0.9%,0.0%,10.0%,3.6%,0.0%,16.5%,Labour,Conservative,Labour gain from Conservatives
Blaenau Gwent and Rhymney,W07000084,15.1%,49.9%,3.0%,1.7%,10.1%,15.1%,5.1%,0.0%,34.8%,Labour,Labour,Labour hold
Blaydon and Consett,E14001106,26.1%,52.4%,4.6%,1.9%,0.0%,10.7%,4.3%,0.0%,26.3%,Labour,Labour,Labour hold
Blyth and Ashington,E14001107,24.3%,52.5%,7.0%,0.8%,0.0%,10.6%,4.9%,0.0%,28.2%,Labour,Labour,Labour hold
Bognor Regis and Littlehampton,E14001108,38.8%,32.0%,14.5%,0.9%,0.0%,10.3%,3.6%,0.0%,6.8%,Conservative,Conservative,Conservative hold
Bolsover,E14001109,30.2%,47.0%,4.0%,1.7%,0.0%,14.5%,2.6%,0.0%,16.8%,Labour,Conservative,Labour gain from Conservatives
Bolton North East,E14001110,28.4%,53.6%,3.9%,1.4%,0.0%,10.2%,2.5%,0.0%,25.2%,Labour,Conservative,Labour gain from Conservatives
Bolton South and Walkden,E14001111,21.0%,62.3%,3.8%,1.5%,0.0%,8.0%,3.5%,0.0%,41.3%,Labour,Labour,Labour hold
Bolton West,E14001112,34.4%,46.7%,6.8%,0.7%,0.0%,8.9%,2.5%,0.0%,12.3%,Labour,Conservative,Labour gain from Conservatives
Bootle,E14001113,9.0%,76.1%,3.8%,1.3%,0.0%,5.6%,4.2%,0.0%,67.1%,Labour,Labour,Labour hold
Boston and Skegness,E14001114,44.5%,31.3%,6.5%,1.7%,0.0%,14.4%,1.6%,0.0%,13.2%,Conservative,Conservative,Conservative hold
Bournemouth East,E14001115,31.2%,40.6%,12.0%,1.0%,0.0%,8.0%,7.1%,0.0%,9.4%,Labour,Conservative,Labour gain from Conservatives
Bournemouth West,E14001116,32.2%,39.8%,12.0%,0.6%,0.0%,8.9%,6.6%,0.0%,7.6%,Labour,Conservative,Labour gain from Conservatives
Bracknell,E14001117,35.1%,38.1%,13.3%,0.8%,0.0%,8.0%,4.7%,0.0%,3.0%,Labour,Conservative,Labour gain from Conservatives
Bradford East,E14001118,15.5%,63.9%,7.6%,1.5%,0.0%,7.6%,3.9%,0.0%,48.3%,Labour,Labour,Labour hold
Bradford South,E14001119,23.9%,55.0%,4.2%,1.7%,0.0%,10.4%,4.8%,0.0%,31.2%,Labour,Labour,Labour hold
Bradford West,E14001120,12.3%,71.5%,3.6%,3.2%,0.0%,4.3%,5.1%,0.0%,59.2%,Labour,Labour,Labour hold
Braintree,E14001121,44.4%,31.9%,10.2%,1.5%,0.0%,9.2%,2.6%,0.0%,12.5%,Conservative,Conservative,Conservative hold
"Brecon, Radnor and Cwm Tawe",W07000085,32.9%,29.3%,7.2%,0.9%,13.8%,12.4%,3.5%,0.0%,3.6%,Conservative,Conservative,Conservative hold
Brent East,E14001122,17.6%,65.7%,6.1%,1.7%,0.0%,3.8%,5.1%,0.0%,48.1%,Labour,Labour,Labour hold
Brent West,E14001123,23.3%,58.0%,7.4%,2.4%,0.0%,5.0%,4.0%,0.0%,34.7%,Labour,Labour,Labour hold
Brentford and Isleworth,E14001124,19.9%,57.8%,10.6%,1.8%,0.0%,5.3%,4.6%,0.0%,37.9%,Labour,Labour,Labour hold
Brentwood and Ongar,E14001125,42.2%,26.4%,16.5%,0.6%,0.0%,10.4%,3.8%,0.0%,15.8%,Conservative,Conservative,Conservative hold
Bridgend,W07000086,29.3%,44.3%,6.1%,2.5%,6.1%,9.0%,2.7%,0.0%,15.0%,Labour,Conservative,Labour gain from Conservatives
Bridgwater,E14001126,37.5%,33.3%,15.7%,0.8%,0.0%,9.0%,3.6%,0.0%,4.3%,Conservative,Conservative,Conservative hold
Bridlington and The Wolds,E14001127,43.1%,32.1%,10.1%,1.1%,0.0%,9.9%,3.7%,0.0%,11.0%,Conservative,Conservative,Conservative hold
Brigg and Immingham,E14001128,46.0%,34.0%,6.1%,0.6%,0.0%,9.6%,3.6%,0.0%,12.0%,Conservative,Conservative,Conservative hold
Brighton Kemptown and Peacehaven,E14001129,26.2%,55.5%,5.1%,0.8%,0.0%,5.8%,6.6%,0.0%,29.3%,Labour,Labour,Labour hold
Brighton Pavilion,E14001130,11.3%,28.9%,3.2%,1.2%,0.0%,3.0%,52.4%,0.0%,23.5%,Green Party,Green Party,Green Party hold
Bristol Central,E14001131,10.5%,48.3%,0.0%,0.9%,0.0%,2.0%,38.3%,0.0%,10.0%,Labour,Labour,Labour hold
Bristol East,E14001132,18.3%,59.1%,5.2%,0.9%,0.0%,4.7%,11.7%,0.0%,40.8%,Labour,Labour,Labour hold
Bristol North East,E14001133,27.7%,54.6%,4.4%,0.9%,0.0%,5.6%,6.8%,0.0%,27.0%,Labour,Labour,Labour hold
Bristol North West,E14001134,27.0%,53.7%,5.4%,0.9%,0.0%,4.3%,8.9%,0.0%,26.7%,Labour,Labour,Labour hold
Bristol South,E14001135,24.1%,53.9%,5.0%,0.8%,0.0%,6.4%,10.0%,0.0%,29.8%,Labour,Labour,Labour hold
Broadland and Fakenham,E14001136,37.1%,27.1%,20.1%,0.5%,0.0%,9.3%,5.9%,0.0%,10.0%,Conservative,Conservative,Conservative hold
Bromley and Biggin Hill,E14001137,33.7%,41.4%,12.1%,1.0%,0.0%,8.3%,3.5%,0.0%,7.7%,Labour,Conservative,Labour gain from Conservatives
Bromsgrove,E14001138,42.2%,32.6%,13.5%,0.5%,0.0%,6.7%,4.4%,0.0%,9.6%,Conservative,Conservative,Conservative hold
Broxbourne,E14001139,37.1%,39.5%,7.7%,0.9%,0.0%,9.7%,5.1%,0.0%,2.3%,Labour,Conservative,Labour gain from Conservatives
Broxtowe,E14001140,28.0%,52.0%,2.2%,5.9%,0.0%,9.6%,2.4%,0.0%,24.0%,Labour,Conservative,Labour gain from Conservatives
Buckingham and Bletchley,E14001141,36.1%,39.4%,12.4%,1.1%,0.0%,7.7%,3.5%,0.0%,3.3%,Labour,Conservative,Labour gain from Conservatives
Burnley,E14001142,26.3%,47.2%,8.5%,1.5%,0.0%,11.1%,5.4%,0.0%,20.9%,Labour,Conservative,Labour gain from Conservatives
Burton and Uttoxeter,E14001143,40.4%,41.3%,6.9%,0.7%,0.0%,6.0%,4.8%,0.0%,1.0%,Labour,Conservative,Labour gain from Conservatives
Bury North,E14001144,30.0%,55.4%,3.0%,1.4%,0.0%,7.8%,2.4%,0.0%,25.3%,Labour,Conservative,Labour gain from Conservatives
Bury South,E14001145,28.1%,54.2%,4.4%,2.2%,0.0%,8.6%,2.5%,0.0%,26.2%,Labour,Conservative,Labour gain from Conservatives
Bury St Edmunds and Stowmarket,E14001146,37.1%,30.1%,6.1%,1.6%,0.0%,8.7%,16.6%,0.0%,7.0%,Conservative,Conservative,Conservative hold
Caerfyrddin,W07000087,24.0%,30.9%,3.0%,0.3%,31.0%,8.2%,2.7%,0.0%,0.0%,Plaid Cymru,Conservative,Plaid gain from Conservatives
Caerphilly,W07000088,21.1%,49.9%,4.0%,0.3%,13.7%,8.0%,3.0%,0.0%,28.7%,Labour,Labour,Labour hold
"Caithness, Sutherland and Easter Ross",S14000069,14.0%,14.4%,35.3%,1.8%,0.0%,3.7%,2.5%,28.2%,7.1%,Liberal Democrat,Scottish National Party (SNP),Liberal Democrat gain from SNP
Calder Valley,E14001147,34.1%,50.7%,5.4%,1.0%,0.0%,6.8%,2.0%,0.0%,16.7%,Labour,Conservative,Labour gain from Conservatives
Camborne and Redruth,E14001148,36.6%,42.7%,8.5%,0.8%,0.0%,7.2%,4.2%,0.0%,6.1%,Labour,Conservative,Labour gain from Conservatives
Cambridge,E14001149,12.5%,44.3%,22.3%,0.9%,0.0%,4.2%,15.8%,0.0%,22.0%,Labour,Labour,Labour hold
Cannock Chase,E14001150,41.8%,39.5%,3.5%,0.7%,0.0%,7.4%,7.0%,0.0%,2.3%,Conservative,Conservative,Conservative hold
Canterbury,E14001151,30.1%,51.1%,7.7%,0.8%,0.0%,6.7%,3.7%,0.0%,21.0%,Labour,Labour,Labour hold
Cardiff East,W07000089,16.8%,52.9%,9.5%,3.0%,5.7%,8.6%,3.5%,0.0%,36.2%,Labour,Labour,Labour hold
Cardiff North,W07000090,24.7%,47.6%,11.4%,3.5%,4.5%,6.3%,2.0%,0.0%,22.9%,Labour,Labour,Labour hold
Cardiff South and Penarth,W07000091,21.3%,52.5%,7.9%,1.7%,6.3%,7.1%,3.1%,0.0%,31.2%,Labour,Labour,Labour hold
Cardiff West,W07000092,21.4%,50.7%,6.2%,1.5%,9.0%,7.8%,3.3%,0.0%,29.3%,Labour,Labour,Labour hold
Carlisle,E14001152,35.5%,41.7%,7.4%,1.0%,0.0%,8.6%,5.9%,0.0%,6.3%,Labour,Conservative,Labour gain from Conservatives
Carshalton and Wallington,E14001153,27.8%,29.9%,31.8%,0.7%,0.0%,7.9%,2.0%,0.0%,1.8%,Liberal Democrat,Conservative,Liberal Democrat gain from Conservatives
Castle Point,E14001154,47.4%,32.0%,7.3%,0.7%,0.0%,10.8%,1.8%,0.0%,15.5%,Conservative,Conservative,Conservative hold
Central Ayrshire,S14000010,21.0%,30.2%,6.9%,1.2%,0.0%,5.0%,1.1%,34.5%,4.4%,Scottish National Party (SNP),Scottish National Party (SNP),SNP hold
Central Devon,E14001155,34.8%,28.1%,19.9%,0.4%,0.0%,8.6%,8.1%,0.0%,6.7%,Conservative,Conservative,Conservative hold
Central Suffolk and North Ipswich,E14001156,37.1%,29.4%,13.4%,0.7%,0.0%,9.0%,10.4%,0.0%,7.7%,Conservative,Conservative,Conservative hold
Ceredigion Preseli,W07000093,20.2%,23.2%,6.3%,0.4%,35.2%,10.2%,4.5%,0.0%,12.1%,Plaid Cymru,Plaid Cymru,Plaid hold
Chatham and Aylesford,E14001157,40.9%,37.3%,8.5%,0.7%,0.0%,9.0%,3.6%,0.0%,3.5%,Conservative,Conservative,Conservative hold
Cheadle,E14001158,29.6%,24.0%,37.7%,0.5%,0.0%,7.1%,1.1%,0.0%,8.1%,Liberal Democrat,Conservative,Liberal Democrat gain from Conservatives
Chelmsford,E14001159,29.8%,23.4%,33.4%,0.5%,0.0%,10.8%,2.1%,0.0%,3.7%,Liberal Democrat,Conservative,Liberal Democrat gain from Conservatives
Chelsea and Fulham,E14001160,31.9%,46.0%,12.1%,1.4%,0.0%,6.1%,2.6%,0.0%,14.1%,Labour,Conservative,Labour gain from Conservatives
Cheltenham,E14001161,30.1%,10.2%,49.9%,0.4%,0.0%,6.9%,2.6%,0.0%,19.8%,Liberal Democrat,Conservative,Liberal Democrat gain from Conservatives
Chesham and Amersham,E14001162,43.7%,31.7%,13.6%,1.9%,0.0%,4.8%,4.3%,0.0%,12.0%,Conservative,Conservative,Conservative hold
Chester North and Neston,E14001163,28.7%,55.1%,5.0%,0.8%,0.0%,6.1%,4.2%,0.0%,26.4%,Labour,Labour,Labour hold
Chester South and Eddisbury,E14001164,42.3%,31.7%,13.5%,0.7%,0.0%,7.7%,4.2%,0.0%,10.5%,Conservative,Conservative,Conservative hold
Chesterfield,E14001165,24.7%,49.0%,7.1%,1.2%,0.0%,14.8%,3.2%,0.0%,24.4%,Labour,Labour,Labour hold
Chichester,E14001166,34.1%,21.3%,25.0%,0.5%,0.0%,10.3%,8.9%,0.0%,9.1%,Conservative,Conservative,Conservative hold
Chingford and Woodford Green,E14001167,30.7%,55.8%,4.0%,1.4%,0.0%,6.2%,1.8%,0.0%,25.1%,Labour,Conservative,Labour gain from Conservatives
Chippenham,E14001168,38.5%,23.6%,28.4%,0.4%,0.0%,6.9%,2.3%,0.0%,10.1%,Conservative,Conservative,Conservative hold
Chipping Barnet,E14001169,31.5%,52.5%,5.7%,1.6%,0.0%,5.8%,2.8%,0.0%,21.1%,Labour,Conservative,Labour gain from Conservatives
Christchurch,E14001171,43.1%,27.3%,15.4%,0.6%,0.0%,9.5%,4.1%,0.0%,15.8%,Conservative,Conservative,Conservative hold
Cities of London and Westminster,E14001172,28.9%,46.0%,14.0%,1.5%,0.0%,5.9%,3.8%,0.0%,17.1%,Labour,Conservative,Labour gain from Conservatives
City of Durham,E14001173,25.0%,45.5%,9.8%,0.9%,0.0%,8.4%,10.5%,0.0%,20.5%,Labour,Labour,Labour hold
Clacton,E14001174,46.4%,30.6%,7.5%,1.4%,0.0%,10.6%,3.5%,0.0%,15.9%,Conservative,Conservative,Conservative hold
Clapham and Brixton Hill,E14001175,16.5%,61.4%,11.5%,0.9%,0.0%,3.6%,6.1%,0.0%,44.9%,Labour,Labour,Labour hold
Clwyd East,W07000094,30.8%,42.2%,3.7%,1.6%,7.8%,10.6%,3.3%,0.0%,11.5%,Labour,Conservative,Labour gain from Conservatives
Clwyd North,W07000095,27.8%,46.7%,4.0%,1.1%,7.8%,8.9%,3.7%,0.0%,18.8%,Labour,Conservative,Labour gain from Conservatives
Coatbridge and Bellshill,S14000070,9.0%,41.8%,4.8%,1.1%,0.0%,3.4%,1.6%,38.4%,3.4%,Labour,Scottish National Party (SNP),Labour gain from SNP
Colchester,E14001176,31.4%,36.4%,15.3%,0.5%,0.0%,8.2%,8.1%,0.0%,5.1%,Labour,Conservative,Labour gain from Conservatives
Colne Valley,E14001177,32.8%,47.4%,7.3%,1.1%,0.0%,8.9%,2.6%,0.0%,14.5%,Labour,Conservative,Labour gain from Conservatives
Congleton,E14001178,40.6%,36.0%,10.7%,0.8%,0.0%,8.0%,3.8%,0.0%,4.6%,Conservative,Conservative,Conservative hold
Corby and East Northamptonshire,E14001179,34.2%,48.2%,5.7%,0.9%,0.0%,9.1%,1.9%,0.0%,14.0%,Labour,Conservative,Labour gain from Conservatives
Coventry East,E14001180,25.8%,54.6%,6.2%,1.0%,0.0%,6.2%,6.2%,0.0%,28.8%,Labour,Labour,Labour hold
Coventry North West,E14001181,29.6%,48.7%,6.3%,1.0%,0.0%,6.6%,7.7%,0.0%,19.1%,Labour,Labour,Labour hold
Coventry South,E14001182,31.0%,50.5%,6.1%,1.3%,0.0%,5.6%,5.4%,0.0%,19.5%,Labour,Labour,Labour hold
Cowdenbeath and Kirkcaldy,S14000071,14.8%,37.4%,8.2%,1.9%,0.0%,5.6%,2.9%,29.2%,8.2%,Labour,Scottish National Party (SNP),Labour gain from SNP
Cramlington and Killingworth,E14001183,27.0%,53.8%,4.5%,0.9%,0.0%,10.4%,3.4%,0.0%,26.8%,Labour,Labour,Labour hold
Crawley,E14001184,35.2%,47.7%,5.3%,0.9%,0.0%,6.5%,4.3%,0.0%,12.5%,Labour,Conservative,Labour gain from Conservatives
Crewe and Nantwich,E14001185,33.8%,48.6%,5.1%,0.8%,0.0%,8.1%,3.5%,0.0%,14.8%,Labour,Conservative,Labour gain from Conservatives
Croydon East,E14001186,27.1%,58.1%,4.3%,1.3%,0.0%,6.3%,2.9%,0.0%,31.0%,Labour,Labour,Labour hold
Croydon South,E14001187,35.3%,45.1%,7.9%,1.7%,0.0%,6.9%,3.2%,0.0%,9.8%,Labour,Conservative,Labour gain from Conservatives
Croydon West,E14001188,15.3%,65.4%,4.8%,2.1%,0.0%,3.9%,8.6%,0.0%,50.1%,Labour,Labour,Labour hold
Cumbernauld and Kirkintilloch,S14000072,10.2%,33.8%,7.8%,1.9%,0.0%,3.6%,3.7%,39.1%,5.3%,Scottish National Party (SNP),Scottish National Party (SNP),SNP hold
Dagenham and Rainham,E14001189,26.2%,56.3%,3.4%,1.6%,0.0%,10.2%,2.3%,0.0%,30.1%,Labour,Labour,Labour hold
Darlington,E14001190,31.7%,46.2%,6.3%,0.9%,0.0%,9.2%,5.7%,0.0%,14.5%,Labour,Conservative,Labour gain from Conservatives
Dartford,E14001191,35.5%,44.8%,5.5%,1.0%,0.0%,8.3%,4.9%,0.0%,9.3%,Labour,Conservative,Labour gain from Conservatives
Daventry,E14001192,40.4%,32.8%,10.7%,0.8%,0.0%,11.2%,4.1%,0.0%,7.6%,Conservative,Conservative,Conservative hold
Derby North,E14001193,28.5%,49.7%,6.2%,1.4%,0.0%,11.2%,2.9%,0.0%,21.2%,Labour,Conservative,Labour gain from Conservatives
Derby South,E14001194,24.6%,56.6%,4.5%,1.7%,0.0%,10.0%,2.6%,0.0%,31.9%,Labour,Labour,Labour hold
Derbyshire Dales,E14001195,35.8%,31.0%,13.4%,0.7%,0.0%,11.5%,7.7%,0.0%,4.9%,Conservative,Conservative,Conservative hold
Dewsbury and Batley,E14001196,19.9%,63.2%,3.1%,4.5%,0.0%,6.2%,3.1%,0.0%,43.3%,Labour,Labour,Labour hold
Didcot and Wantage,E14001197,33.4%,24.1%,32.6%,0.7%,0.0%,6.3%,2.9%,0.0%,0.8%,Conservative,Conservative,Conservative hold
Doncaster Central,E14001198,25.8%,50.1%,4.4%,1.6%,0.0%,14.6%,3.5%,0.0%,24.3%,Labour,Labour,Labour hold
Doncaster East and the Isle of Axholme,E14001199,35.4%,40.6%,5.6%,1.2%,0.0%,13.3%,3.9%,0.0%,5.2%,Labour,Conservative,Labour gain from Conservatives
Doncaster North,E14001200,24.6%,48.5%,4.6%,2.0%,0.0%,17.7%,2.6%,0.0%,23.9%,Labour,Labour,Labour hold
Dorking and Horley,E14001201,33.2%,18.3%,34.4%,0.7%,0.0%,7.3%,6.1%,0.0%,1.1%,Liberal Democrat,Conservative,Liberal Democrat gain from Conservatives
Dover and Deal,E14001202,37.9%,43.6%,5.9%,1.1%,0.0%,7.7%,3.8%,0.0%,5.6%,Labour,Conservative,Labour gain from Conservatives
Droitwich and Evesham,E14001203,41.6%,26.6%,15.9%,0.8%,0.0%,7.3%,7.8%,0.0%,15.0%,Conservative,Conservative,Conservative hold
Dudley,E14001204,37.8%,46.0%,5.0%,1.0%,0.0%,7.4%,2.8%,0.0%,8.2%,Labour,Conservative,Labour gain from Conservatives
Dulwich and West Norwood,E14001205,13.7%,67.6%,2.4%,1.4%,0.0%,3.0%,11.9%,0.0%,53.8%,Labour,Labour,Labour hold
Dumfries and Galloway,S14000073,25.5%,33.2%,3.6%,1.1%,0.0%,3.9%,0.9%,31.9%,1.3%,Labour,Conservative,Labour gain from Conservatives
"Dumfriesshire, Clydesdale and Tweeddale",S14000074,30.6%,26.3%,7.1%,1.1%,0.0%,3.1%,1.5%,30.5%,0.2%,Conservative,Conservative,Conservative hold
Dundee Central,S14000075,8.6%,35.3%,6.6%,1.8%,0.0%,4.5%,1.2%,42.0%,6.6%,Scottish National Party (SNP),Scottish National Party (SNP),SNP hold
Dunfermline and Dollar,S14000076,13.7%,32.0%,11.7%,2.6%,0.0%,4.7%,3.3%,32.1%,0.1%,Scottish National Party (SNP),Scottish National Party (SNP),SNP hold
Dunstable and Leighton Buzzard,E14001206,36.0%,37.4%,12.8%,0.5%,0.0%,9.1%,4.2%,0.0%,1.4%,Labour,Conservative,Labour gain from Conservatives
Dwyfor Meirionnydd,W07000096,18.4%,23.2%,3.1%,0.3%,44.8%,7.9%,2.4%,0.0%,21.6%,Plaid Cymru,Plaid Cymru,Plaid hold
Ealing Central and Acton,E14001207,19.1%,58.1%,12.2%,1.0%,0.0%,4.8%,4.8%,0.0%,39.0%,Labour,Labour,Labour hold
Ealing North,E14001208,21.9%,62.0%,5.6%,1.9%,0.0%,4.4%,4.1%,0.0%,40.1%,Labour,Labour,Labour hold
Ealing Southall,E14001209,18.2%,62.8%,6.1%,3.1%,0.0%,4.2%,5.6%,0.0%,44.6%,Labour,Labour,Labour hold
Earley and Woodley,E14001210,32.6%,37.9%,17.5%,0.7%,0.0%,7.0%,4.2%,0.0%,5.3%,Labour,Conservative,Labour gain from Conservatives
Easington,E14001211,22.3%,52.0%,5.2%,1.6%,0.0%,15.1%,3.7%,0.0%,29.8%,Labour,Labour,Labour hold
East Grinstead and Uckfield,E14001212,35.8%,24.1%,21.8%,0.7%,0.0%,8.7%,8.9%,0.0%,11.7%,Conservative,Conservative,Conservative hold
East Ham,E14001213,11.9%,72.6%,3.6%,3.8%,0.0%,3.2%,4.9%,0.0%,60.6%,Labour,Labour,Labour hold
East Hampshire,E14001214,36.5%,20.7%,23.2%,0.6%,0.0%,9.3%,9.7%,0.0%,13.3%,Conservative,Conservative,Conservative hold
East Kilbride and Strathaven,S14000077,13.8%,30.4%,8.5%,3.1%,0.0%,4.6%,5.1%,34.6%,4.2%,Scottish National Party (SNP),Scottish National Party (SNP),SNP hold
East Renfrewshire,S14000021,19.5%,26.4%,10.5%,4.8%,0.0%,6.2%,3.5%,29.1%,2.7%,Scottish National Party (SNP),Scottish National Party (SNP),SNP hold
East Surrey,E14001215,37.5%,26.2%,18.7%,1.2%,0.0%,9.4%,7.0%,0.0%,11.3%,Conservative,Conservative,Conservative hold
East Thanet,E14001216,33.8%,44.5%,5.4%,0.7%,0.0%,7.4%,8.2%,0.0%,10.6%,Labour,Conservative,Labour gain from Conservatives
East Wiltshire,E14001217,44.3%,28.3%,13.9%,0.5%,0.0%,7.9%,5.0%,0.0%,16.0%,Conservative,Conservative,Conservative hold
East Worthing and Shoreham,E14001218,33.9%,44.3%,6.0%,0.9%,0.0%,6.5%,8.3%,0.0%,10.3%,Labour,Conservative,Labour gain from Conservatives
Eastbourne,E14001219,31.6%,16.6%,41.4%,0.4%,0.0%,8.6%,1.5%,0.0%,9.8%,Liberal Democrat,Conservative,Liberal Democrat gain from Conservatives
Eastleigh,E14001220,33.2%,20.4%,36.6%,0.3%,0.0%,7.1%,2.3%,0.0%,3.3%,Liberal Democrat,Conservative,Liberal Democrat gain from Conservatives
Edinburgh East and Musselburgh,S14000078,10.0%,34.2%,7.4%,2.7%,0.0%,4.7%,4.6%,36.4%,2.2%,Scottish National Party (SNP),Scottish National Party (SNP),SNP hold
Edinburgh North and Leith,S14000079,12.0%,28.8%,11.2%,4.2%,0.0%,5.4%,6.4%,32.0%,3.2%,Scottish National Party (SNP),Scottish National Party (SNP),SNP hold
Edinburgh South,S14000080,10.3%,39.5%,10.1%,6.7%,0.0%,5.2%,8.5%,19.6%,19.9%,Labour,Labour,Labour hold
Edinburgh South West,S14000081,15.2%,25.3%,10.0%,3.8%,0.0%,6.0%,6.7%,33.0%,7.6%,Scottish National Party (SNP),Scottish National Party (SNP),SNP hold
Edinburgh West,S14000082,12.4%,20.2%,27.8%,4.3%,0.0%,5.8%,8.3%,21.2%,6.6%,Liberal Democrat,Liberal Democrat,Liberal Democrat hold
Edmonton and Winchmore Hill,E14001221,22.4%,62.8%,4.6%,1.4%,0.0%,5.3%,3.6%,0.0%,40.4%,Labour,Labour,Labour hold
Ellesmere Port and Bromborough,E14001222,17.8%,58.3%,8.8%,0.8%,0.0%,7.8%,6.5%,0.0%,40.5%,Labour,Labour,Labour hold
Eltham and Chislehurst,E14001223,30.3%,53.1%,4.9%,1.2%,0.0%,7.4%,3.1%,0.0%,22.9%,Labour,Conservative,Labour gain from Conservatives
Ely and East Cambridgeshire,E14001224,38.7%,24.1%,28.3%,0.6%,0.0%,6.1%,2.2%,0.0%,10.4%,Conservative,Conservative,Conservative hold
Enfield North,E14001225,24.5%,60.7%,4.4%,1.2%,0.0%,5.7%,3.4%,0.0%,36.2%,Labour,Labour,Labour hold
Epping Forest,E14001226,39.0%,36.5%,7.7%,1.2%,0.0%,9.2%,6.3%,0.0%,2.5%,Conservative,Conservative,Conservative hold
Epsom and Ewell,E14001227,33.6%,35.7%,17.2%,1.4%,0.0%,8.8%,3.3%,0.0%,2.1%,Labour,Conservative,Labour gain from Conservatives
Erewash,E14001228,32.3%,48.0%,3.6%,1.8%,0.0%,10.4%,4.0%,0.0%,15.7%,Labour,Conservative,Labour gain from Conservatives
Erith and Thamesmead,E14001229,20.0%,63.5%,4.2%,1.5%,0.0%,6.8%,4.0%,0.0%,43.5%,Labour,Labour,Labour hold
Esher and Walton,E14001230,33.8%,23.1%,34.1%,0.9%,0.0%,6.8%,1.3%,0.0%,0.3%,Liberal Democrat,Conservative,Liberal Democrat gain from Conservatives
Exeter,E14001231,21.8%,54.6%,3.7%,1.2%,0.0%,6.3%,12.4%,0.0%,32.8%,Labour,Labour,Labour hold
Exmouth and Exeter East,E14001232,35.8%,31.4%,9.0%,5.9%,0.0%,12.7%,5.3%,0.0%,4.4%,Conservative,Conservative,Conservative hold
Falkirk,S14000083,16.6%,28.5%,8.4%,1.5%,0.0%,5.2%,2.3%,37.5%,9.0%,Scottish National Party (SNP),Scottish National Party (SNP),SNP hold
Fareham and Waterlooville,E14001233,39.0%,29.8%,17.1%,0.5%,0.0%,9.1%,4.5%,0.0%,9.1%,Conservative,Conservative,Conservative hold
Farnham and Bordon,E14001234,39.1%,20.4%,28.3%,0.5%,0.0%,8.6%,3.2%,0.0%,10.9%,Conservative,Conservative,Conservative hold
Faversham and Mid Kent,E14001235,38.5%,30.1%,14.7%,0.7%,0.0%,9.3%,6.8%,0.0%,8.3%,Conservative,Conservative,Conservative hold
Feltham and Heston,E14001236,23.0%,59.2%,5.1%,2.1%,0.0%,6.7%,3.9%,0.0%,36.3%,Labour,Labour,Labour hold
Filton and Bradley Stoke,E14001237,34.1%,46.2%,8.4%,0.8%,0.0%,6.4%,4.0%,0.0%,12.2%,Labour,Conservative,Labour gain from Conservatives
Finchley and Golders Green,E14001238,31.3%,41.8%,16.4%,1.4%,0.0%,6.3%,2.8%,0.0%,10.5%,Labour,Conservative,Labour gain from Conservatives
Folkestone and Hythe,E14001239,32.8%,34.5%,12.5%,1.3%,0.0%,9.2%,9.6%,0.0%,1.7%,Labour,Conservative,Labour gain from Conservatives
Forest of Dean,E14001240,35.6%,34.1%,5.9%,1.5%,0.0%,8.7%,14.2%,0.0%,1.5%,Conservative,Conservative,Conservative hold
Frome and East Somerset,E14001241,30.3%,27.5%,24.3%,0.5%,0.0%,8.4%,9.1%,0.0%,2.8%,Conservative,Conservative,Conservative hold
Fylde,E14001242,41.4%,37.4%,8.0%,1.0%,0.0%,8.2%,3.9%,0.0%,4.0%,Conservative,Conservative,Conservative hold
Gainsborough,E14001243,38.7%,31.1%,13.2%,0.9%,0.0%,14.3%,1.8%,0.0%,7.6%,Conservative,Conservative,Conservative hold
Gateshead Central and Whickham,E14001244,21.0%,54.8%,10.7%,0.6%,0.0%,9.1%,3.7%,0.0%,33.9%,Labour,Labour,Labour hold
Gedling,E14001245,28.8%,53.2%,4.0%,1.2%,0.0%,10.6%,2.3%,0.0%,24.4%,Labour,Conservative,Labour gain from Conservatives
Gillingham and Rainham,E14001246,39.5%,41.6%,5.9%,1.3%,0.0%,8.2%,3.5%,0.0%,2.1%,Labour,Conservative,Labour gain from Conservatives
Glasgow East,S14000084,9.0%,41.0%,4.3%,1.1%,0.0%,3.8%,2.1%,38.7%,2.3%,Labour,Scottish National Party (SNP),Labour gain from SNP
Glasgow North,S14000085,7.5%,40.6%,6.1%,2.1%,0.0%,4.3%,3.6%,35.9%,4.7%,Labour,Scottish National Party (SNP),Labour gain from SNP
Glasgow North East,S14000086,8.2%,43.7%,3.7%,0.9%,0.0%,3.2%,1.4%,38.8%,4.9%,Labour,Scottish National Party (SNP),Labour gain from SNP
Glasgow South,S14000087,9.5%,37.0%,6.0%,1.9%,0.0%,4.5%,2.9%,38.2%,1.3%,Scottish National Party (SNP),Scottish National Party (SNP),SNP hold
Glasgow South West,S14000088,9.3%,41.7%,4.6%,1.1%,0.0%,4.1%,1.7%,37.5%,4.1%,Labour,Scottish National Party (SNP),Labour gain from SNP
Glasgow West,S14000089,10.8%,35.9%,7.2%,2.0%,0.0%,4.2%,2.3%,37.7%,1.8%,Scottish National Party (SNP),Scottish National Party (SNP),SNP hold
Glastonbury and Somerton,E14001247,38.8%,15.4%,35.9%,0.3%,0.0%,7.1%,2.5%,0.0%,2.9%,Conservative,Conservative,Conservative hold
Glenrothes and Mid Fife,S14000090,11.2%,38.1%,5.7%,1.0%,0.0%,4.7%,1.2%,38.1%,0.0%,Scottish National Party (SNP),Scottish National Party (SNP),SNP hold
Gloucester,E14001248,33.9%,44.2%,9.5%,0.5%,0.0%,8.3%,3.6%,0.0%,10.3%,Labour,Conservative,Labour gain from Conservatives
Godalming and Ash,E14001249,37.7%,18.5%,32.4%,0.6%,0.0%,6.2%,4.5%,0.0%,5.3%,Conservative,Conservative,Conservative hold
Goole and Pocklington,E14001250,41.8%,32.6%,10.8%,0.9%,0.0%,9.4%,4.6%,0.0%,9.2%,Conservative,Conservative,Conservative hold
Gordon and Buchan,S14000091,27.0%,15.7%,22.0%,2.1%,0.0%,4.7%,3.5%,25.1%,1.8%,Conservative,Conservative,Conservative hold
Gorton and Denton,E14001251,14.7%,68.4%,4.6%,2.1%,0.0%,6.0%,4.2%,0.0%,53.7%,Labour,Labour,Labour hold
Gosport,E14001252,39.3%,30.8%,14.7%,0.5%,0.0%,10.9%,3.8%,0.0%,8.4%,Conservative,Conservative,Conservative hold
Gower,W07000097,27.3%,46.6%,6.4%,2.4%,6.4%,8.0%,2.8%,0.0%,19.3%,Labour,Labour,Labour hold
Grantham and Bourne,E14001253,39.3%,32.9%,7.8%,1.2%,0.0%,11.6%,7.1%,0.0%,6.4%,Conservative,Conservative,Conservative hold
Gravesham,E14001254,37.7%,44.6%,5.2%,1.0%,0.0%,8.5%,3.1%,0.0%,6.9%,Labour,Conservative,Labour gain from Conservatives
Great Grimsby and Cleethorpes,E14001255,34.8%,42.7%,7.1%,0.7%,0.0%,11.3%,3.4%,0.0%,8.0%,Labour,Conservative,Labour gain from Conservatives
Great Yarmouth,E14001256,42.3%,38.0%,5.7%,1.3%,0.0%,9.4%,3.5%,0.0%,4.3%,Conservative,Conservative,Conservative hold
Greenwich and Woolwich,E14001257,18.3%,62.2%,7.8%,1.6%,0.0%,4.3%,5.7%,0.0%,43.9%,Labour,Labour,Labour hold
Guildford,E14001258,33.9%,21.7%,34.6%,1.5%,0.0%,6.2%,2.1%,0.0%,0.7%,Liberal Democrat,Conservative,Liberal Democrat gain from Conservatives
Hackney North and Stoke Newington,E14001259,11.1%,64.5%,4.3%,1.6%,0.0%,2.6%,15.9%,0.0%,48.5%,Labour,Labour,Labour hold
Hackney South and Shoreditch,E14001260,9.4%,67.1%,4.8%,1.4%,0.0%,2.6%,14.7%,0.0%,52.5%,Labour,Labour,Labour hold
Halesowen,E14001261,37.0%,47.0%,4.6%,1.5%,0.0%,7.0%,3.0%,0.0%,10.0%,Labour,Conservative,Labour gain from Conservatives
Halifax,E14001262,25.0%,53.0%,5.2%,1.3%,0.0%,10.0%,5.4%,0.0%,27.9%,Labour,Labour,Labour hold
Hamble Valley,E14001263,36.6%,24.2%,24.7%,0.4%,0.0%,10.4%,3.6%,0.0%,11.9%,Conservative,Conservative,Conservative hold
Hamilton and Clyde Valley,S14000092,16.0%,35.8%,6.9%,1.4%,0.0%,4.3%,1.4%,34.3%,1.5%,Labour,Scottish National Party (SNP),Labour gain from SNP
Hammersmith and Chiswick,E14001264,22.7%,59.4%,7.4%,1.3%,0.0%,4.9%,4.3%,0.0%,36.6%,Labour,Labour,Labour hold
Hampstead and Highgate,E14001265,17.7%,51.4%,15.9%,1.1%,0.0%,4.5%,9.5%,0.0%,33.7%,Labour,Labour,Labour hold
"Harborough, Oadby and Wigston",E14001266,30.5%,32.1%,18.0%,0.9%,0.0%,12.2%,6.3%,0.0%,1.6%,Labour,Conservative,Labour gain from Conservatives
Harlow,E14001267,40.9%,41.3%,6.3%,0.7%,0.0%,8.4%,2.5%,0.0%,0.3%,Labour,Conservative,Labour gain from Conservatives
Harpenden and Berkhamsted,E14001268,37.4%,22.9%,28.6%,1.5%,0.0%,7.4%,2.1%,0.0%,8.7%,Conservative,Conservative,Conservative hold
Harrogate and Knaresborough,E14001269,35.7%,18.2%,37.4%,0.7%,0.0%,6.4%,1.6%,0.0%,1.7%,Liberal Democrat,Conservative,Liberal Democrat gain from Conservatives
Harrow East,E14001270,35.1%,48.5%,5.6%,2.3%,0.0%,6.3%,2.3%,0.0%,13.5%,Labour,Conservative,Labour gain from Conservatives
Harrow West,E14001271,24.1%,59.1%,5.5%,2.5%,0.0%,4.9%,3.9%,0.0%,35.0%,Labour,Labour,Labour hold
Hartlepool,E14001272,23.4%,46.8%,5.0%,1.7%,0.0%,20.0%,3.0%,0.0%,23.3%,Labour,Labour,Labour hold
Harwich and North Essex,E14001273,38.8%,35.6%,11.9%,0.7%,0.0%,8.6%,4.4%,0.0%,3.2%,Conservative,Conservative,Conservative hold
Hastings and Rye,E14001274,30.7%,46.7%,9.1%,1.3%,0.0%,7.6%,4.6%,0.0%,16.0%,Labour,Conservative,Labour gain from Conservatives
Havant,E14001275,37.4%,27.6%,15.8%,0.7%,0.0%,10.9%,7.7%,0.0%,9.7%,Conservative,Conservative,Conservative hold
Hayes and Harlington,E14001276,22.6%,61.4%,4.1%,2.4%,0.0%,6.0%,3.6%,0.0%,38.8%,Labour,Labour,Labour hold
Hazel Grove,E14001277,29.9%,30.0%,30.8%,0.5%,0.0%,7.6%,1.3%,0.0%,0.8%,Liberal Democrat,Conservative,Liberal Democrat gain from Conservatives
Hemel Hempstead,E14001278,31.9%,42.4%,11.8%,1.1%,0.0%,10.1%,2.8%,0.0%,10.5%,Labour,Conservative,Labour gain from Conservatives
Hendon,E14001279,31.7%,52.2%,5.7%,1.5%,0.0%,5.8%,3.1%,0.0%,20.4%,Labour,Conservative,Labour gain from Conservatives
Henley and Thame,E14001280,35.3%,14.9%,36.9%,0.4%,0.0%,6.3%,6.3%,0.0%,1.6%,Liberal Democrat,Conservative,Liberal Democrat gain from Conservatives
Hereford and South Herefordshire,E14001281,42.1%,30.7%,12.1%,0.5%,0.0%,6.2%,8.4%,0.0%,11.4%,Conservative,Conservative,Conservative hold
Herne Bay and Sandwich,E14001282,41.6%,34.0%,7.2%,0.7%,0.0%,8.3%,8.2%,0.0%,7.6%,Conservative,Conservative,Conservative hold
Hertford and Stortford,E14001283,31.7%,32.0%,16.8%,1.3%,0.0%,9.0%,9.3%,0.0%,0.3%,Labour,Conservative,Labour gain from Conservatives
Hertsmere,E14001284,41.0%,35.7%,10.4%,0.8%,0.0%,8.8%,3.4%,0.0%,5.3%,Conservative,Conservative,Conservative hold
Hexham,E14001285,37.6%,36.7%,8.9%,0.6%,0.0%,7.1%,9.1%,0.0%,0.9%,Conservative,Conservative,Conservative hold
Heywood and Middleton North,E14001286,26.6%,54.0%,4.0%,1.2%,0.0%,11.2%,3.1%,0.0%,27.4%,Labour,Labour,Labour hold
High Peak,E14001287,29.2%,51.8%,3.9%,1.2%,0.0%,9.1%,4.9%,0.0%,22.6%,Labour,Conservative,Labour gain from Conservatives
Hinckley and Bosworth,E14001288,34.5%,25.9%,20.8%,0.6%,0.0%,15.3%,2.9%,0.0%,8.6%,Conservative,Conservative,Conservative hold
Hitchin,E14001289,32.5%,36.8%,18.9%,0.9%,0.0%,7.0%,3.9%,0.0%,4.4%,Labour,Conservative,Labour gain from Conservatives
Holborn and St Pancras,E14001290,13.5%,67.2%,7.4%,1.8%,0.0%,3.7%,6.3%,0.0%,53.8%,Labour,Labour,Labour hold
Honiton and Sidmouth,E14001291,42.1%,28.5%,12.8%,2.6%,0.0%,10.8%,3.2%,0.0%,13.6%,Conservative,Conservative,Conservative hold
Hornchurch and Upminster,E14001292,37.8%,42.3%,5.9%,1.4%,0.0%,9.8%,2.9%,0.0%,4.4%,Labour,Conservative,Labour gain from Conservatives
Hornsey and Friern Barnet,E14001293,11.9%,60.2%,16.7%,1.3%,0.0%,3.5%,6.4%,0.0%,43.4%,Labour,Labour,Labour hold
Horsham,E14001294,32.1%,21.8%,31.6%,0.5%,0.0%,10.2%,3.9%,0.0%,0.5%,Conservative,Conservative,Conservative hold
Houghton and Sunderland South,E14001295,22.3%,51.4%,6.0%,1.4%,0.0%,15.8%,3.0%,0.0%,29.1%,Labour,Labour,Labour hold
Hove and Portslade,E14001296,22.8%,59.6%,5.4%,1.2%,0.0%,4.4%,6.7%,0.0%,36.8%,Labour,Labour,Labour hold
Huddersfield,E14001297,22.1%,56.4%,6.0%,1.5%,0.0%,8.0%,6.0%,0.0%,34.3%,Labour,Labour,Labour hold
Huntingdon,E14001298,38.7%,32.3%,15.1%,0.9%,0.0%,8.6%,4.4%,0.0%,6.3%,Conservative,Conservative,Conservative hold
Hyndburn,E14001299,31.3%,47.4%,4.0%,0.9%,0.0%,9.4%,7.0%,0.0%,16.0%,Labour,Conservative,Labour gain from Conservatives
Ilford North,E14001300,24.5%,59.8%,3.6%,3.6%,0.0%,5.3%,3.1%,0.0%,35.3%,Labour,Labour,Labour hold
Ilford South,E14001301,16.0%,65.4%,3.6%,6.7%,0.0%,4.1%,4.1%,0.0%,49.4%,Labour,Labour,Labour hold
Inverclyde and Renfrewshire West,S14000093,12.3%,36.3%,7.4%,1.6%,0.0%,3.9%,1.5%,37.1%,0.8%,Scottish National Party (SNP),Scottish National Party (SNP),SNP hold
"Inverness, Skye and West Ross-shire",S14000094,15.2%,24.4%,15.3%,1.9%,0.0%,5.5%,3.2%,34.5%,10.1%,Scottish National Party (SNP),Scottish National Party (SNP),SNP hold
Ipswich,E14001302,33.2%,48.3%,5.7%,0.7%,0.0%,8.2%,3.9%,0.0%,15.0%,Labour,Conservative,Labour gain from Conservatives
Isle of Wight East,E14001303,37.9%,37.7%,4.5%,1.5%,0.0%,8.6%,9.8%,0.0%,0.2%,Conservative,Conservative,Conservative hold
Isle of Wight West,E14001304,34.9%,35.7%,4.3%,1.5%,0.0%,8.1%,15.6%,0.0%,0.9%,Labour,Conservative,Labour gain from Conservatives
Islington North,E14001305,9.8%,64.5%,8.8%,1.7%,0.0%,3.1%,12.1%,0.0%,52.4%,Labour,Labour,Labour hold
Islington South and Finsbury,E14001306,14.8%,63.4%,10.0%,1.4%,0.0%,4.2%,6.2%,0.0%,48.6%,Labour,Labour,Labour hold
Jarrow and Gateshead East,E14001307,17.5%,58.6%,6.0%,3.1%,0.0%,11.6%,3.2%,0.0%,41.1%,Labour,Labour,Labour hold
Keighley and Ilkley,E14001308,31.7%,49.0%,5.8%,1.7%,0.0%,7.4%,4.4%,0.0%,17.3%,Labour,Conservative,Labour gain from Conservatives
Kenilworth and Southam,E14001309,37.5%,24.5%,22.3%,0.6%,0.0%,6.7%,8.3%,0.0%,13.0%,Conservative,Conservative,Conservative hold
Kensington and Bayswater,E14001310,27.1%,51.1%,11.6%,1.3%,0.0%,5.6%,3.3%,0.0%,24.0%,Labour,Labour,Labour hold
Kettering,E14001311,35.8%,40.5%,5.9%,2.3%,0.0%,11.0%,4.5%,0.0%,4.7%,Labour,Conservative,Labour gain from Conservatives
Kilmarnock and Loudoun,S14000040,15.5%,31.8%,6.8%,2.0%,0.0%,4.3%,1.3%,38.2%,6.4%,Scottish National Party (SNP),Scottish National Party (SNP),SNP hold
Kingston and Surbiton,E14001312,20.9%,17.4%,52.6%,0.6%,0.0%,6.4%,2.1%,0.0%,31.7%,Liberal Democrat,Liberal Democrat,Liberal Democrat hold
Kingston upon Hull East,E14001313,24.4%,49.3%,5.6%,0.8%,0.0%,15.3%,4.5%,0.0%,24.9%,Labour,Labour,Labour hold
Kingston upon Hull North and Cottingham,E14001314,24.2%,52.3%,6.8%,0.7%,0.0%,11.3%,4.6%,0.0%,28.1%,Labour,Labour,Labour hold
Kingston upon Hull West and Haltemprice,E14001315,27.9%,42.0%,10.8%,0.7%,0.0%,15.3%,3.2%,0.0%,14.1%,Labour,Conservative,Labour gain from Conservatives
Kingswinford and South Staffordshire,E14001316,44.6%,31.7%,8.0%,0.8%,0.0%,8.7%,6.2%,0.0%,12.8%,Conservative,Conservative,Conservative hold
Knowsley,E14001317,8.5%,73.7%,4.2%,1.4%,0.0%,6.4%,5.8%,0.0%,65.3%,Labour,Labour,Labour hold
Lancaster and Wyre,E14001318,29.0%,43.2%,6.5%,1.1%,0.0%,8.1%,12.1%,0.0%,14.2%,Labour,Conservative,Labour gain from Conservatives
Leeds Central and Headingley,E14001319,13.9%,67.4%,6.6%,1.3%,0.0%,6.0%,4.9%,0.0%,53.4%,Labour,Labour,Labour hold
Leeds East,E14001320,26.8%,56.0%,3.7%,1.3%,0.0%,9.0%,3.2%,0.0%,29.2%,Labour,Labour,Labour hold
Leeds North East,E14001321,18.7%,62.8%,6.5%,1.9%,0.0%,5.2%,4.8%,0.0%,44.2%,Labour,Labour,Labour hold
Leeds North West,E14001322,27.8%,50.1%,10.5%,1.2%,0.0%,7.5%,2.8%,0.0%,22.3%,Labour,Conservative,Labour gain from Conservatives
Leeds South,E14001323,18.0%,61.1%,3.7%,1.4%,0.0%,7.7%,8.1%,0.0%,43.1%,Labour,Labour,Labour hold
Leeds South West and Morley,E14001324,31.8%,49.4%,3.1%,1.6%,0.0%,8.5%,5.5%,0.0%,17.6%,Labour,Conservative,Labour gain from Conservatives
Leeds West and Pudsey,E14001325,26.6%,58.2%,3.5%,1.8%,0.0%,7.5%,2.5%,0.0%,31.6%,Labour,Labour,Labour hold
Leicester East,E14001326,25.5%,54.7%,5.0%,3.5%,0.0%,6.9%,4.4%,0.0%,29.3%,Labour,Labour,Labour hold
Leicester South,E14001327,15.9%,62.8%,3.9%,3.5%,0.0%,5.3%,8.6%,0.0%,46.9%,Labour,Labour,Labour hold
Leicester West,E14001328,24.2%,54.7%,6.0%,1.2%,0.0%,9.4%,4.4%,0.0%,30.5%,Labour,Labour,Labour hold
Leigh and Atherton,E14001329,27.2%,54.9%,4.0%,1.6%,0.0%,10.5%,1.8%,0.0%,27.6%,Labour,Conservative,Labour gain from Conservatives
Lewes,E14001330,31.2%,15.0%,40.7%,0.6%,0.0%,6.7%,5.8%,0.0%,9.6%,Liberal Democrat,Conservative,Liberal Democrat gain from Conservatives
Lewisham East,E14001331,16.2%,66.8%,6.1%,1.6%,0.0%,4.6%,4.8%,0.0%,50.6%,Labour,Labour,Labour hold
Lewisham North,E14001332,11.7%,70.7%,6.4%,1.5%,0.0%,3.1%,6.7%,0.0%,59.0%,Labour,Labour,Labour hold
Lewisham West and East Dulwich,E14001333,13.1%,68.2%,6.3%,1.4%,0.0%,3.4%,7.6%,0.0%,55.1%,Labour,Labour,Labour hold
Leyton and Wanstead,E14001334,16.0%,65.9%,6.5%,2.2%,0.0%,3.9%,5.4%,0.0%,49.9%,Labour,Labour,Labour hold
Lichfield,E14001335,42.6%,33.6%,11.9%,0.8%,0.0%,6.9%,4.2%,0.0%,8.9%,Conservative,Conservative,Conservative hold
Lincoln,E14001336,29.8%,51.1%,4.5%,1.4%,0.0%,10.4%,2.8%,0.0%,21.3%,Labour,Conservative,Labour gain from Conservatives
Liverpool Garston,E14001337,10.6%,67.2%,10.7%,0.8%,0.0%,6.4%,4.3%,0.0%,56.5%,Labour,Labour,Labour hold
Liverpool Riverside,E14001338,7.8%,78.9%,3.4%,1.2%,0.0%,3.9%,4.7%,0.0%,71.1%,Labour,Labour,Labour hold
Liverpool Walton,E14001339,9.2%,78.2%,3.0%,1.7%,0.0%,4.0%,3.9%,0.0%,69.0%,Labour,Labour,Labour hold
Liverpool Wavertree,E14001340,8.8%,67.0%,8.2%,1.3%,0.0%,5.2%,9.5%,0.0%,57.5%,Labour,Labour,Labour hold
Liverpool West Derby,E14001341,9.3%,75.3%,3.2%,2.7%,0.0%,5.4%,4.1%,0.0%,66.1%,Labour,Labour,Labour hold
Livingston,S14000095,14.3%,33.9%,8.0%,1.8%,0.0%,4.6%,2.5%,34.9%,1.0%,Scottish National Party (SNP),Scottish National Party (SNP),SNP hold
Llanelli,W07000098,21.6%,43.9%,2.4%,0.4%,19.3%,9.6%,2.6%,0.0%,22.2%,Labour,Labour,Labour hold
Lothian East,S14000096,16.8%,36.9%,8.7%,3.2%,0.0%,4.8%,2.3%,27.5%,9.4%,Labour,Scottish National Party (SNP),Labour gain from SNP
Loughborough,E14001342,32.6%,49.8%,4.7%,1.5%,0.0%,8.3%,3.1%,0.0%,17.2%,Labour,Conservative,Labour gain from Conservatives
Louth and Horncastle,E14001343,44.6%,29.9%,8.0%,1.4%,0.0%,13.0%,3.2%,0.0%,14.8%,Conservative,Conservative,Conservative hold
Lowestoft,E14001344,37.9%,38.5%,6.6%,0.9%,0.0%,8.9%,7.2%,0.0%,0.6%,Labour,Conservative,Labour gain from Conservatives
Luton North,E14001345,23.6%,55.3%,7.7%,1.5%,0.0%,7.1%,4.8%,0.0%,31.7%,Labour,Labour,Labour hold
Luton South and South Bedfordshire,E14001346,25.2%,53.9%,4.7%,3.1%,0.0%,8.0%,5.1%,0.0%,28.8%,Labour,Labour,Labour hold
Macclesfield,E14001347,36.5%,43.8%,7.8%,0.7%,0.0%,6.5%,4.8%,0.0%,7.3%,Labour,Conservative,Labour gain from Conservatives
Maidenhead,E14001348,38.9%,24.6%,23.6%,0.5%,0.0%,6.0%,6.5%,0.0%,14.3%,Conservative,Conservative,Conservative hold
Maidstone and Malling,E14001349,35.2%,28.6%,18.3%,0.6%,0.0%,9.0%,8.3%,0.0%,6.5%,Conservative,Conservative,Conservative hold
Makerfield,E14001350,23.1%,55.4%,4.2%,1.1%,0.0%,13.2%,3.0%,0.0%,32.3%,Labour,Labour,Labour hold
Maldon,E14001351,45.9%,26.4%,13.2%,0.5%,0.0%,10.1%,4.0%,0.0%,19.5%,Conservative,Conservative,Conservative hold
Manchester Central,E14001352,15.7%,66.9%,5.7%,1.2%,0.0%,6.0%,4.5%,0.0%,51.2%,Labour,Labour,Labour hold
Manchester Rusholme,E14001353,8.5%,70.8%,2.9%,1.8%,0.0%,4.1%,11.9%,0.0%,58.8%,Labour,Labour,Labour hold
Manchester Withington,E14001354,11.1%,67.2%,10.3%,1.4%,0.0%,3.9%,6.2%,0.0%,56.1%,Labour,Labour,Labour hold
Mansfield,E14001355,37.6%,44.0%,3.8%,1.6%,0.0%,11.6%,1.5%,0.0%,6.4%,Labour,Conservative,Labour gain from Conservatives
Melksham and Devizes,E14001356,43.4%,25.4%,21.7%,0.5%,0.0%,5.7%,3.2%,0.0%,18.0%,Conservative,Conservative,Conservative hold
Melton and Syston,E14001357,36.6%,35.1%,8.2%,1.3%,0.0%,11.3%,7.5%,0.0%,1.4%,Conservative,Conservative,Conservative hold
Meriden and Solihull East,E14001358,38.1%,34.1%,14.1%,0.8%,0.0%,7.5%,5.4%,0.0%,4.0%,Conservative,Conservative,Conservative hold
Merthyr Tydfil and Aberdare,W07000099,16.5%,50.5%,3.5%,1.3%,10.7%,13.5%,4.0%,0.0%,34.1%,Labour,Labour,Labour hold
Mid and South Pembrokeshire,W07000100,29.4%,45.8%,2.2%,1.3%,8.7%,10.9%,1.7%,0.0%,16.4%,Labour,Conservative,Labour gain from Conservatives
Mid Bedfordshire,E14001359,39.7%,30.6%,11.5%,1.2%,0.0%,7.7%,9.3%,0.0%,9.1%,Conservative,Conservative,Conservative hold
Mid Buckinghamshire,E14001360,41.8%,24.4%,16.9%,0.5%,0.0%,7.7%,8.6%,0.0%,17.4%,Conservative,Conservative,Conservative hold
Mid Cheshire,E14001361,31.7%,50.7%,6.4%,0.7%,0.0%,6.9%,3.6%,0.0%,19.0%,Labour,Conservative,Labour gain from Conservatives
Mid Derbyshire,E14001362,36.0%,39.6%,7.9%,1.2%,0.0%,10.5%,4.9%,0.0%,3.7%,Labour,Conservative,Labour gain from Conservatives
Mid Dorset and North Poole,E14001363,37.1%,14.9%,36.7%,0.3%,0.0%,8.7%,2.3%,0.0%,0.4%,Conservative,Conservative,Conservative hold
Mid Dunbartonshire,S14000097,10.6%,20.0%,30.3%,5.6%,0.0%,5.3%,4.5%,23.7%,6.6%,Liberal Democrat,Scottish National Party (SNP),Liberal Democrat gain from SNP
Mid Leicestershire,E14001364,37.4%,37.1%,7.0%,1.2%,0.0%,10.4%,7.0%,0.0%,0.3%,Conservative,Conservative,Conservative hold
Mid Norfolk,E14001365,43.3%,32.6%,9.4%,1.0%,0.0%,8.5%,5.2%,0.0%,10.7%,Conservative,Conservative,Conservative hold
Mid Sussex,E14001366,30.2%,23.7%,27.8%,0.6%,0.0%,8.9%,8.9%,0.0%,2.3%,Conservative,Conservative,Conservative hold
Middlesbrough and Thornaby East,E14001367,19.1%,58.4%,5.2%,3.4%,0.0%,9.4%,4.4%,0.0%,39.2%,Labour,Labour,Labour hold
Middlesbrough South and East Cleveland,E14001368,37.1%,44.5%,5.9%,0.7%,0.0%,8.3%,3.4%,0.0%,7.4%,Labour,Conservative,Labour gain from Conservatives
Midlothian,S14000045,14.1%,37.5%,8.3%,1.8%,0.0%,4.3%,1.9%,32.2%,5.3%,Labour,Scottish National Party (SNP),Labour gain from SNP
Milton Keynes Central,E14001369,30.2%,45.8%,12.1%,0.7%,0.0%,7.2%,4.0%,0.0%,15.6%,Labour,Conservative,Labour gain from Conservatives
Milton Keynes North,E14001370,34.0%,45.9%,8.4%,0.5%,0.0%,6.8%,4.4%,0.0%,11.9%,Labour,Conservative,Labour gain from Conservatives
Mitcham and Morden,E14001371,19.2%,62.6%,7.4%,1.8%,0.0%,5.2%,3.8%,0.0%,43.5%,Labour,Labour,Labour hold
Monmouthshire,W07000101,33.2%,39.5%,4.8%,2.3%,5.8%,9.7%,4.8%,0.0%,6.3%,Labour,Conservative,Labour gain from Conservatives
Montgomeryshire and Glyndwr,W07000102,33.0%,35.3%,4.3%,1.3%,9.1%,12.5%,4.5%,0.0%,2.3%,Labour,Conservative,Labour gain from Conservatives
"Moray West, Nairn and Strathspey",S14000098,25.8%,17.6%,12.5%,2.1%,0.0%,4.4%,5.4%,32.1%,6.3%,Scottish National Party (SNP),Scottish National Party (SNP),SNP hold
Morecambe and Lunesdale,E14001372,35.0%,33.8%,15.9%,0.6%,0.0%,8.5%,6.2%,0.0%,1.2%,Conservative,Conservative,Conservative hold
"Motherwell, Wishaw and Carluke",S14000099,13.4%,37.7%,5.2%,2.5%,0.0%,4.4%,1.2%,35.6%,2.1%,Labour,Scottish National Party (SNP),Labour gain from SNP
Na h-Eileanan an Iar,S14000027,16.1%,30.2%,11.4%,1.4%,0.0%,3.0%,2.9%,35.1%,4.9%,Scottish National Party (SNP),Scottish National Party (SNP),SNP hold
Neath and Swansea East,W07000103,20.3%,47.6%,4.1%,0.9%,9.8%,10.5%,6.8%,0.0%,27.4%,Labour,Labour,Labour hold
New Forest East,E14001373,38.6%,25.0%,16.8%,0.7%,0.0%,10.5%,8.4%,0.0%,13.6%,Conservative,Conservative,Conservative hold
New Forest West,E14001374,40.5%,22.9%,15.0%,0.5%,0.0%,9.0%,12.0%,0.0%,17.6%,Conservative,Conservative,Conservative hold
Newark,E14001375,40.1%,36.7%,8.2%,0.8%,0.0%,10.8%,3.4%,0.0%,3.4%,Conservative,Conservative,Conservative hold
Newbury,E14001376,35.6%,15.8%,35.0%,0.4%,0.0%,6.9%,6.3%,0.0%,0.6%,Conservative,Conservative,Conservative hold
Newcastle upon Tyne Central and West,E14001377,18.9%,63.1%,3.8%,1.4%,0.0%,9.0%,3.8%,0.0%,44.1%,Labour,Labour,Labour hold
Newcastle upon Tyne East and Wallsend,E14001378,16.7%,63.6%,7.1%,0.9%,0.0%,7.7%,4.1%,0.0%,46.9%,Labour,Labour,Labour hold
Newcastle upon Tyne North,E14001379,20.8%,51.6%,13.3%,0.6%,0.0%,10.0%,3.7%,0.0%,30.8%,Labour,Labour,Labour hold
Newcastle-under-Lyme,E14001380,36.9%,44.3%,6.4%,0.7%,0.0%,7.4%,4.3%,0.0%,7.4%,Labour,Conservative,Labour gain from Conservatives
Newport East,W07000104,21.8%,48.9%,4.0%,2.2%,5.8%,10.4%,6.9%,0.0%,27.1%,Labour,Labour,Labour hold
Newport West and Islwyn,W07000105,25.8%,46.5%,5.8%,2.5%,6.0%,10.1%,3.2%,0.0%,20.8%,Labour,Labour,Labour hold
Newton Abbot,E14001381,34.5%,27.1%,24.1%,0.6%,0.0%,10.2%,3.6%,0.0%,7.3%,Conservative,Conservative,Conservative hold
Newton Aycliffe and Spennymoor,E14001382,32.3%,46.6%,5.6%,0.9%,0.0%,10.8%,3.8%,0.0%,14.2%,Labour,Conservative,Labour gain from Conservatives
Normanton and Hemsworth,E14001383,24.4%,48.9%,5.5%,2.4%,0.0%,14.6%,4.2%,0.0%,24.5%,Labour,Labour,Labour hold
North Ayrshire and Arran,S14000048,19.1%,30.1%,6.4%,1.2%,0.0%,5.0%,1.5%,36.7%,6.6%,Scottish National Party (SNP),Scottish National Party (SNP),SNP hold
North Bedfordshire,E14001384,41.5%,32.2%,12.5%,1.4%,0.0%,8.1%,4.3%,0.0%,9.2%,Conservative,Conservative,Conservative hold
North Cornwall,E14001385,43.6%,20.4%,27.0%,0.6%,0.0%,6.6%,1.9%,0.0%,16.6%,Conservative,Conservative,Conservative hold
North Cotswolds,E14001386,36.3%,23.4%,21.9%,0.5%,0.0%,9.0%,8.9%,0.0%,12.9%,Conservative,Conservative,Conservative hold
North Devon,E14001387,33.3%,15.4%,32.9%,0.5%,0.0%,10.3%,7.5%,0.0%,0.4%,Conservative,Conservative,Conservative hold
North Dorset,E14001388,41.6%,23.7%,20.3%,0.5%,0.0%,9.4%,4.5%,0.0%,17.9%,Conservative,Conservative,Conservative hold
North Durham,E14001389,25.5%,52.3%,5.3%,1.5%,0.0%,11.5%,3.9%,0.0%,26.9%,Labour,Labour,Labour hold
North East Cambridgeshire,E14001390,45.8%,30.8%,8.8%,0.6%,0.0%,10.2%,3.8%,0.0%,14.9%,Conservative,Conservative,Conservative hold
North East Derbyshire,E14001391,34.2%,43.0%,5.7%,0.9%,0.0%,11.4%,4.7%,0.0%,8.8%,Labour,Conservative,Labour gain from Conservatives
North East Fife,S14000100,10.4%,10.7%,43.8%,1.8%,0.0%,3.1%,3.3%,27.0%,16.8%,Liberal Democrat,Scottish National Party (SNP),Liberal Democrat gain from SNP
North East Hampshire,E14001392,41.4%,25.3%,19.7%,1.0%,0.0%,8.5%,4.1%,0.0%,16.0%,Conservative,Conservative,Conservative hold
North East Hertfordshire,E14001393,35.8%,30.6%,15.6%,0.5%,0.0%,8.1%,9.5%,0.0%,5.2%,Conservative,Conservative,Conservative hold
North East Somerset and Hanham,E14001394,34.6%,33.1%,16.2%,0.7%,0.0%,8.9%,6.5%,0.0%,1.5%,Conservative,Conservative,Conservative hold
North Herefordshire,E14001395,44.2%,24.2%,12.5%,0.5%,0.0%,5.7%,13.0%,0.0%,20.0%,Conservative,Conservative,Conservative hold
North Norfolk,E14001396,40.7%,14.6%,33.6%,0.4%,0.0%,9.1%,1.6%,0.0%,7.1%,Conservative,Conservative,Conservative hold
North Northumberland,E14001397,38.3%,30.4%,13.5%,0.6%,0.0%,8.3%,9.0%,0.0%,7.9%,Conservative,Conservative,Conservative hold
North Shropshire,E14001398,41.8%,29.6%,10.9%,1.1%,0.0%,6.3%,10.4%,0.0%,12.2%,Conservative,Conservative,Conservative hold
North Somerset,E14001399,34.4%,34.4%,15.2%,0.7%,0.0%,7.5%,7.7%,0.0%,0.1%,Conservative,Conservative,Conservative hold
North Warwickshire and Bedworth,E14001400,43.9%,37.5%,6.8%,0.6%,0.0%,6.5%,4.7%,0.0%,6.4%,Conservative,Conservative,Conservative hold
North West Cambridgeshire,E14001401,36.5%,32.7%,11.4%,0.6%,0.0%,8.3%,10.6%,0.0%,3.8%,Conservative,Conservative,Conservative hold
North West Essex,E14001402,41.6%,26.9%,17.3%,0.5%,0.0%,7.9%,5.7%,0.0%,14.7%,Conservative,Conservative,Conservative hold
North West Hampshire,E14001403,38.2%,29.6%,18.1%,0.5%,0.0%,8.5%,5.2%,0.0%,8.6%,Conservative,Conservative,Conservative hold
North West Leicestershire,E14001404,37.4%,39.2%,7.1%,1.1%,0.0%,11.3%,4.0%,0.0%,1.8%,Labour,Conservative,Labour gain from Conservatives
North West Norfolk,E14001405,42.6%,31.2%,8.8%,0.6%,0.0%,8.6%,8.2%,0.0%,11.5%,Conservative,Conservative,Conservative hold
Northampton North,E14001406,30.5%,52.1%,4.8%,1.1%,0.0%,8.7%,2.9%,0.0%,21.6%,Labour,Conservative,Labour gain from Conservatives
Northampton South,E14001407,35.2%,44.5%,6.3%,1.1%,0.0%,9.7%,3.3%,0.0%,9.3%,Labour,Conservative,Labour gain from Conservatives
Norwich North,E14001408,33.0%,45.7%,6.3%,1.1%,0.0%,7.1%,6.9%,0.0%,12.7%,Labour,Conservative,Labour gain from Conservatives
Norwich South,E14001409,19.5%,49.9%,10.6%,1.1%,0.0%,6.6%,12.5%,0.0%,30.4%,Labour,Labour,Labour hold
Nottingham East,E14001410,16.1%,65.9%,4.0%,3.1%,0.0%,6.7%,4.2%,0.0%,49.8%,Labour,Labour,Labour hold
Nottingham North and Kimberley,E14001411,25.3%,55.7%,3.1%,2.1%,0.0%,11.1%,2.8%,0.0%,30.4%,Labour,Labour,Labour hold
Nottingham South,E14001412,21.1%,60.8%,4.0%,1.6%,0.0%,9.2%,3.4%,0.0%,39.6%,Labour,Labour,Labour hold
Nuneaton,E14001413,38.6%,38.9%,5.9%,0.8%,0.0%,6.1%,9.8%,0.0%,0.3%,Labour,Conservative,Labour gain from Conservatives
Old Bexley and Sidcup,E14001414,37.8%,42.9%,6.1%,1.3%,0.0%,9.1%,2.8%,0.0%,5.1%,Labour,Conservative,Labour gain from Conservatives
Oldham East and Saddleworth,E14001415,25.4%,52.8%,6.4%,1.5%,0.0%,11.1%,2.7%,0.0%,27.4%,Labour,Labour,Labour hold
"Oldham West, Chadderton and Royton",E14001416,20.7%,61.2%,3.5%,2.6%,0.0%,8.9%,3.1%,0.0%,40.5%,Labour,Labour,Labour hold
Orkney and Shetland,S14000051,10.0%,14.5%,39.9%,2.0%,0.0%,3.8%,6.8%,23.0%,16.8%,Liberal Democrat,Liberal Democrat,Liberal Democrat hold
Orpington,E14001417,38.2%,39.5%,9.3%,1.0%,0.0%,8.7%,3.3%,0.0%,1.3%,Labour,Conservative,Labour gain from Conservatives
Ossett and Denby Dale,E14001418,35.7%,44.7%,4.9%,1.9%,0.0%,10.3%,2.4%,0.0%,9.0%,Labour,Conservative,Labour gain from Conservatives
Oxford East,E14001419,16.7%,53.7%,11.8%,1.3%,0.0%,4.6%,11.8%,0.0%,37.0%,Labour,Labour,Labour hold
Oxford West and Abingdon,E14001420,23.6%,14.6%,51.6%,0.3%,0.0%,5.4%,4.5%,0.0%,28.0%,Liberal Democrat,Liberal Democrat,Liberal Democrat hold
Paisley and Renfrewshire North,S14000101,12.7%,35.6%,7.3%,1.8%,0.0%,4.5%,1.5%,36.7%,1.1%,Scottish National Party (SNP),Scottish National Party (SNP),SNP hold
Paisley and Renfrewshire South,S14000102,11.7%,36.4%,7.0%,1.6%,0.0%,4.3%,1.3%,37.6%,1.2%,Scottish National Party (SNP),Scottish National Party (SNP),SNP hold
Peckham,E14001421,10.8%,71.7%,6.3%,1.2%,0.0%,3.6%,6.4%,0.0%,60.9%,Labour,Labour,Labour hold
Pendle and Clitheroe,E14001422,35.0%,39.3%,9.6%,0.7%,0.0%,8.5%,6.9%,0.0%,4.4%,Labour,Conservative,Labour gain from Conservatives
Penistone and Stocksbridge,E14001423,29.9%,39.8%,13.5%,0.6%,0.0%,14.1%,2.0%,0.0%,9.9%,Labour,Conservative,Labour gain from Conservatives
Penrith and Solway,E14001424,37.0%,35.1%,9.7%,0.9%,0.0%,8.6%,8.7%,0.0%,1.9%,Conservative,Conservative,Conservative hold
Perth and Kinross-shire,S14000103,23.7%,22.8%,12.0%,2.4%,0.0%,6.0%,2.1%,31.0%,7.4%,Scottish National Party (SNP),Scottish National Party (SNP),SNP hold
Peterborough,E14001425,30.5%,49.4%,6.3%,1.2%,0.0%,9.0%,3.7%,0.0%,18.9%,Labour,Conservative,Labour gain from Conservatives
Plymouth Moor View,E14001426,38.3%,44.2%,5.3%,0.7%,0.0%,8.1%,3.4%,0.0%,5.9%,Labour,Conservative,Labour gain from Conservatives
Plymouth Sutton and Devonport,E14001427,27.2%,54.8%,4.6%,0.8%,0.0%,8.2%,4.4%,0.0%,27.6%,Labour,Labour,Labour hold
"Pontefract, Castleford and Knottingley",E14001428,25.0%,47.1%,7.9%,1.4%,0.0%,15.9%,2.7%,0.0%,22.1%,Labour,Labour,Labour hold
Pontypridd,W07000106,21.0%,48.5%,3.9%,0.8%,11.3%,11.6%,2.8%,0.0%,27.5%,Labour,Labour,Labour hold
Poole,E14001429,36.4%,32.1%,17.0%,0.7%,0.0%,9.9%,3.8%,0.0%,4.3%,Conservative,Conservative,Conservative hold
Poplar and Limehouse,E14001430,14.6%,64.9%,8.4%,2.5%,0.0%,3.7%,5.8%,0.0%,50.3%,Labour,Labour,Labour hold
Portsmouth North,E14001431,37.4%,39.0%,9.9%,0.7%,0.0%,9.4%,3.6%,0.0%,1.7%,Labour,Conservative,Labour gain from Conservatives
Portsmouth South,E14001432,24.3%,50.0%,14.1%,0.5%,0.0%,8.2%,2.9%,0.0%,25.7%,Labour,Labour,Labour hold
Preston,E14001433,21.3%,58.0%,7.7%,0.8%,0.0%,7.0%,5.1%,0.0%,36.7%,Labour,Labour,Labour hold
Putney,E14001434,26.2%,56.2%,8.3%,1.3%,0.0%,4.4%,3.7%,0.0%,30.0%,Labour,Labour,Labour hold
Queen's Park and Maida Vale,E14001435,15.9%,65.1%,8.2%,1.4%,0.0%,4.0%,5.4%,0.0%,49.3%,Labour,Labour,Labour hold
Rawmarsh and Conisbrough,E14001436,25.6%,50.6%,4.3%,1.6%,0.0%,15.5%,2.4%,0.0%,25.0%,Labour,Labour,Labour hold
Rayleigh and Wickford,E14001437,42.5%,28.5%,10.5%,0.6%,0.0%,11.5%,6.5%,0.0%,13.9%,Conservative,Conservative,Conservative hold
Reading Central,E14001438,25.1%,53.2%,5.9%,1.6%,0.0%,4.8%,9.4%,0.0%,28.2%,Labour,Labour,Labour hold
Reading West and Mid Berkshire,E14001439,35.4%,29.3%,18.1%,0.5%,0.0%,8.3%,8.5%,0.0%,6.1%,Conservative,Conservative,Conservative hold
Redcar,E14001440,31.1%,45.6%,7.1%,1.1%,0.0%,12.0%,3.1%,0.0%,14.5%,Labour,Conservative,Labour gain from Conservatives
Redditch,E14001441,43.3%,37.7%,7.5%,0.6%,0.0%,6.2%,4.6%,0.0%,5.6%,Conservative,Conservative,Conservative hold
Reigate,E14001442,33.5%,30.6%,17.4%,1.4%,0.0%,8.6%,8.5%,0.0%,2.8%,Conservative,Conservative,Conservative hold
Rhondda and Ogmore,W07000107,12.6%,53.3%,2.2%,0.9%,14.5%,11.7%,4.7%,0.0%,38.8%,Labour,Labour,Labour hold
Ribble Valley,E14001443,40.1%,38.0%,9.2%,0.9%,0.0%,7.7%,4.2%,0.0%,2.1%,Conservative,Conservative,Conservative hold
Richmond and Northallerton,E14001444,42.2%,26.1%,12.7%,1.4%,0.0%,8.4%,9.1%,0.0%,16.1%,Conservative,Conservative,Conservative hold
Richmond Park,E14001445,25.8%,13.5%,51.8%,0.5%,0.0%,5.8%,2.6%,0.0%,26.0%,Liberal Democrat,Liberal Democrat,Liberal Democrat hold
Rochdale,E14001446,21.4%,57.5%,6.6%,1.4%,0.0%,9.8%,3.4%,0.0%,36.1%,Labour,Labour,Labour hold
Rochester and Strood,E14001447,38.2%,41.3%,7.0%,1.5%,0.0%,8.1%,3.9%,0.0%,3.1%,Labour,Conservative,Labour gain from Conservatives
Romford,E14001448,37.4%,44.5%,5.2%,1.1%,0.0%,9.2%,2.7%,0.0%,7.1%,Labour,Conservative,Labour gain from Conservatives
Romsey and Southampton North,E14001449,41.8%,22.6%,26.8%,0.6%,0.0%,6.3%,2.0%,0.0%,15.0%,Conservative,Conservative,Conservative hold
Rossendale and Darwen,E14001450,36.5%,44.6%,4.4%,0.7%,0.0%,7.2%,6.5%,0.0%,8.1%,Labour,Conservative,Labour gain from Conservatives
Rother Valley,E14001451,31.5%,43.9%,6.1%,1.4%,0.0%,13.6%,3.6%,0.0%,12.4%,Labour,Conservative,Labour gain from Conservatives
Rotherham,E14001452,23.6%,50.0%,6.4%,1.7%,0.0%,15.8%,2.5%,0.0%,26.4%,Labour,Labour,Labour hold
Rugby,E14001453,37.8%,40.1%,10.8%,0.5%,0.0%,6.0%,4.8%,0.0%,2.2%,Labour,Conservative,Labour gain from Conservatives
"Ruislip, Northwood and Pinner",E14001454,35.8%,42.3%,9.3%,2.4%,0.0%,7.0%,3.3%,0.0%,6.5%,Labour,Conservative,Labour gain from Conservatives
Runcorn and Helsby,E14001455,26.0%,50.4%,6.3%,0.7%,0.0%,7.8%,8.9%,0.0%,24.4%,Labour,Labour,Labour hold
Runnymede and Weybridge,E14001456,36.7%,35.1%,15.7%,2.1%,0.0%,6.1%,4.4%,0.0%,1.6%,Conservative,Conservative,Conservative hold
Rushcliffe,E14001457,31.6%,45.1%,9.5%,2.0%,0.0%,8.0%,3.8%,0.0%,13.5%,Labour,Conservative,Labour gain from Conservatives
Rutherglen,S14000104,11.1%,38.9%,8.0%,3.0%,0.0%,4.2%,1.6%,33.2%,5.7%,Labour,Scottish National Party (SNP),Labour gain from SNP
Rutland and Stamford,E14001458,38.3%,26.1%,15.3%,1.2%,0.0%,12.6%,6.5%,0.0%,12.2%,Conservative,Conservative,Conservative hold
Salford,E14001459,17.1%,62.8%,5.5%,1.0%,0.0%,9.1%,4.5%,0.0%,45.7%,Labour,Labour,Labour hold
Salisbury,E14001460,37.9%,29.8%,18.2%,0.7%,0.0%,7.7%,5.6%,0.0%,8.1%,Conservative,Conservative,Conservative hold
Scarborough and Whitby,E14001461,37.9%,44.4%,6.1%,1.5%,0.0%,7.8%,2.3%,0.0%,6.5%,Labour,Conservative,Labour gain from Conservatives
Scunthorpe,E14001462,36.8%,45.0%,4.3%,0.7%,0.0%,9.8%,3.4%,0.0%,8.2%,Labour,Conservative,Labour gain from Conservatives
Sefton Central,E14001463,25.7%,57.6%,5.4%,1.2%,0.0%,6.6%,3.4%,0.0%,31.9%,Labour,Labour,Labour hold
Selby,E14001464,38.9%,41.7%,6.3%,1.3%,0.0%,7.6%,4.2%,0.0%,2.9%,Labour,Conservative,Labour gain from Conservatives
Sevenoaks,E14001465,38.6%,25.5%,18.3%,0.9%,0.0%,9.3%,7.4%,0.0%,13.1%,Conservative,Conservative,Conservative hold
Sheffield Brightside and Hillsborough,E14001466,18.2%,57.9%,4.9%,1.8%,0.0%,9.9%,7.3%,0.0%,39.7%,Labour,Labour,Labour hold
Sheffield Central,E14001467,8.1%,51.3%,6.5%,3.1%,0.0%,4.7%,26.4%,0.0%,24.9%,Labour,Labour,Labour hold
Sheffield Hallam,E14001468,17.0%,37.0%,33.2%,0.5%,0.0%,8.1%,4.2%,0.0%,3.8%,Labour,Labour,Labour hold
Sheffield Heeley,E14001469,18.3%,54.1%,9.2%,0.8%,0.0%,10.0%,7.6%,0.0%,35.7%,Labour,Labour,Labour hold
Sheffield South East,E14001470,24.0%,53.2%,6.3%,1.3%,0.0%,12.8%,2.4%,0.0%,29.1%,Labour,Labour,Labour hold
Sherwood Forest,E14001471,37.5%,43.1%,4.8%,1.4%,0.0%,10.4%,2.8%,0.0%,5.6%,Labour,Conservative,Labour gain from Conservatives
Shipley,E14001472,31.6%,50.0%,5.2%,1.8%,0.0%,7.2%,4.2%,0.0%,18.4%,Labour,Conservative,Labour gain from Conservatives
Shrewsbury,E14001473,32.3%,37.7%,13.6%,0.7%,0.0%,5.9%,10.0%,0.0%,5.4%,Labour,Conservative,Labour gain from Conservatives
Sittingbourne and Sheppey,E14001474,42.4%,36.2%,7.0%,1.5%,0.0%,9.4%,3.4%,0.0%,6.2%,Conservative,Conservative,Conservative hold
Skipton and Ripon,E14001475,38.4%,28.0%,16.5%,0.9%,0.0%,8.6%,7.6%,0.0%,10.3%,Conservative,Conservative,Conservative hold
Sleaford and North Hykeham,E14001476,41.3%,34.2%,7.7%,2.1%,0.0%,11.8%,2.9%,0.0%,7.1%,Conservative,Conservative,Conservative hold
Slough,E14001477,21.3%,58.4%,7.4%,1.5%,0.0%,5.1%,6.2%,0.0%,37.1%,Labour,Labour,Labour hold
Smethwick,E14001478,21.1%,61.2%,4.8%,1.8%,0.0%,6.7%,4.5%,0.0%,40.1%,Labour,Labour,Labour hold
Solihull West and Shirley,E14001479,35.4%,32.6%,16.8%,1.0%,0.0%,7.8%,6.3%,0.0%,2.8%,Conservative,Conservative,Conservative hold
South Basildon and East Thurrock,E14001480,40.6%,39.2%,5.8%,2.3%,0.0%,10.1%,2.0%,0.0%,1.5%,Conservative,Conservative,Conservative hold
South Cambridgeshire,E14001481,31.2%,19.7%,41.4%,0.3%,0.0%,5.3%,2.1%,0.0%,10.3%,Liberal Democrat,Conservative,Liberal Democrat gain from Conservatives
South Cotswolds,E14001482,40.2%,18.2%,31.2%,0.3%,0.0%,6.4%,3.6%,0.0%,9.0%,Conservative,Conservative,Conservative hold
South Derbyshire,E14001483,38.2%,41.2%,5.9%,1.0%,0.0%,10.3%,3.4%,0.0%,3.0%,Labour,Conservative,Labour gain from Conservatives
South Devon,E14001484,34.2%,22.8%,28.1%,0.6%,0.0%,9.3%,5.0%,0.0%,6.1%,Conservative,Conservative,Conservative hold
South Dorset,E14001485,35.2%,32.5%,15.1%,0.6%,0.0%,10.4%,6.2%,0.0%,2.7%,Conservative,Conservative,Conservative hold
South East Cornwall,E14001486,40.3%,29.7%,16.5%,0.7%,0.0%,8.6%,4.2%,0.0%,10.6%,Conservative,Conservative,Conservative hold
South Holland and The Deepings,E14001487,48.0%,29.1%,8.1%,0.8%,0.0%,10.0%,4.1%,0.0%,19.0%,Conservative,Conservative,Conservative hold
South Leicestershire,E14001488,39.6%,33.4%,10.4%,0.7%,0.0%,12.4%,3.6%,0.0%,6.2%,Conservative,Conservative,Conservative hold
South Norfolk,E14001489,38.6%,32.3%,16.4%,0.4%,0.0%,7.5%,4.8%,0.0%,6.4%,Conservative,Conservative,Conservative hold
South Northamptonshire,E14001490,40.5%,34.6%,9.4%,1.2%,0.0%,10.3%,4.0%,0.0%,5.9%,Conservative,Conservative,Conservative hold
South Ribble,E14001491,35.3%,45.2%,8.0%,0.6%,0.0%,7.2%,3.7%,0.0%,10.0%,Labour,Conservative,Labour gain from Conservatives
South Shields,E14001492,17.8%,51.9%,4.7%,4.9%,0.0%,14.5%,6.1%,0.0%,34.1%,Labour,Labour,Labour hold
South Shropshire,E14001493,43.4%,22.7%,21.2%,0.4%,0.0%,7.4%,4.9%,0.0%,20.7%,Conservative,Conservative,Conservative hold
South Suffolk,E14001494,37.3%,25.6%,16.0%,0.6%,0.0%,9.2%,11.3%,0.0%,11.6%,Conservative,Conservative,Conservative hold
South West Devon,E14001495,38.5%,30.1%,13.9%,0.5%,0.0%,9.4%,7.6%,0.0%,8.4%,Conservative,Conservative,Conservative hold
South West Hertfordshire,E14001496,30.8%,33.2%,15.6%,4.0%,0.0%,12.2%,4.1%,0.0%,2.4%,Labour,Conservative,Labour gain from Conservatives
South West Norfolk,E14001497,44.1%,29.0%,9.3%,0.9%,0.0%,9.1%,7.5%,0.0%,15.2%,Conservative,Conservative,Conservative hold
South West Wiltshire,E14001498,36.9%,32.3%,17.0%,0.5%,0.0%,9.0%,4.4%,0.0%,4.6%,Conservative,Conservative,Conservative hold
Southampton Itchen,E14001499,33.3%,50.6%,5.0%,1.0%,0.0%,6.6%,3.6%,0.0%,17.3%,Labour,Conservative,Labour gain from Conservatives
Southampton Test,E14001500,25.0%,52.0%,5.6%,1.1%,0.0%,6.4%,9.9%,0.0%,26.9%,Labour,Labour,Labour hold
Southend East and Rochford,E14001501,39.1%,42.5%,6.4%,1.4%,0.0%,8.1%,2.6%,0.0%,3.4%,Labour,Conservative,Labour gain from Conservatives
Southend West and Leigh,E14001502,37.2%,38.3%,10.5%,1.0%,0.0%,8.6%,4.4%,0.0%,1.0%,Labour,Conservative,Labour gain from Conservatives
Southgate and Wood Green,E14001503,21.4%,62.4%,6.0%,1.5%,0.0%,4.6%,4.2%,0.0%,41.0%,Labour,Labour,Labour hold
Southport,E14001504,33.7%,42.8%,12.6%,0.5%,0.0%,7.6%,2.8%,0.0%,9.1%,Labour,Conservative,Labour gain from Conservatives
Spelthorne,E14001505,33.2%,36.9%,12.8%,0.9%,0.0%,9.7%,6.5%,0.0%,3.7%,Labour,Conservative,Labour gain from Conservatives
Spen Valley,E14001506,28.8%,48.8%,6.2%,3.1%,0.0%,10.8%,2.3%,0.0%,19.9%,Labour,Conservative,Labour gain from Conservatives
St Albans,E14001507,24.9%,11.3%,53.3%,0.3%,0.0%,5.3%,4.8%,0.0%,28.3%,Liberal Democrat,Liberal Democrat,Liberal Democrat hold
St Austell and Newquay,E14001508,37.8%,39.5%,8.9%,1.5%,0.0%,8.3%,4.0%,0.0%,1.7%,Labour,Conservative,Labour gain from Conservatives
St Helens North,E14001509,19.2%,57.5%,5.0%,1.2%,0.0%,11.0%,6.2%,0.0%,38.3%,Labour,Labour,Labour hold
St Helens South and Whiston,E14001510,15.0%,59.2%,6.7%,1.2%,0.0%,10.7%,7.2%,0.0%,44.2%,Labour,Labour,Labour hold
St Ives,E14001511,37.5%,17.9%,35.5%,0.7%,0.0%,5.2%,3.2%,0.0%,2.0%,Conservative,Conservative,Conservative hold
St Neots and Mid Cambridgeshire,E14001512,32.1%,25.6%,26.4%,0.6%,0.0%,8.1%,7.2%,0.0%,5.8%,Conservative,Conservative,Conservative hold
Stafford,E14001513,38.3%,39.1%,7.9%,0.7%,0.0%,5.7%,8.3%,0.0%,0.8%,Labour,Conservative,Labour gain from Conservatives
Staffordshire Moorlands,E14001514,42.7%,33.6%,8.3%,0.6%,0.0%,6.4%,8.5%,0.0%,9.1%,Conservative,Conservative,Conservative hold
Stalybridge and Hyde,E14001515,25.0%,55.4%,4.0%,1.4%,0.0%,10.8%,3.5%,0.0%,30.4%,Labour,Labour,Labour hold
Stevenage,E14001516,34.1%,44.4%,9.3%,0.6%,0.0%,7.5%,4.1%,0.0%,10.3%,Labour,Conservative,Labour gain from Conservatives
Stirling and Strathallan,S14000105,20.5%,22.5%,9.1%,2.7%,0.0%,5.5%,5.3%,34.3%,11.8%,Scottish National Party (SNP),Scottish National Party (SNP),SNP hold
Stockport,E14001517,19.2%,59.4%,6.3%,1.4%,0.0%,7.6%,6.1%,0.0%,40.2%,Labour,Labour,Labour hold
Stockton North,E14001518,26.5%,53.7%,4.5%,1.5%,0.0%,11.0%,2.8%,0.0%,27.1%,Labour,Labour,Labour hold
Stockton West,E14001519,38.3%,44.3%,4.8%,0.8%,0.0%,9.3%,2.5%,0.0%,6.0%,Labour,Conservative,Labour gain from Conservatives
Stoke-on-Trent Central,E14001520,31.7%,50.1%,5.3%,0.8%,0.0%,7.5%,4.5%,0.0%,18.4%,Labour,Conservative,Labour gain from Conservatives
Stoke-on-Trent North,E14001521,36.3%,44.5%,5.6%,1.0%,0.0%,9.0%,3.8%,0.0%,8.2%,Labour,Conservative,Labour gain from Conservatives
Stoke-on-Trent South,E14001522,41.6%,39.5%,8.2%,0.6%,0.0%,6.4%,3.6%,0.0%,2.2%,Conservative,Conservative,Conservative hold
"Stone, Great Wyrley and Penkridge",E14001523,45.2%,33.9%,8.9%,0.6%,0.0%,7.0%,4.5%,0.0%,11.3%,Conservative,Conservative,Conservative hold
Stourbridge,E14001524,38.4%,44.6%,5.7%,1.5%,0.0%,7.2%,2.6%,0.0%,6.2%,Labour,Conservative,Labour gain from Conservatives
Stratford and Bow,E14001525,11.5%,67.4%,6.4%,2.5%,0.0%,3.7%,8.6%,0.0%,55.9%,Labour,Labour,Labour hold
Stratford-on-Avon,E14001526,41.2%,16.9%,31.1%,0.3%,0.0%,5.0%,5.5%,0.0%,10.1%,Conservative,Conservative,Conservative hold
Streatham and Croydon North,E14001527,14.1%,58.3%,11.6%,1.2%,0.0%,4.1%,10.7%,0.0%,44.2%,Labour,Labour,Labour hold
Stretford and Urmston,E14001528,19.8%,64.9%,4.3%,1.5%,0.0%,5.9%,3.6%,0.0%,45.2%,Labour,Labour,Labour hold
Stroud,E14001529,28.7%,45.2%,5.3%,1.5%,0.0%,7.3%,12.0%,0.0%,16.5%,Labour,Conservative,Labour gain from Conservatives
Suffolk Coastal,E14001530,33.1%,26.9%,20.8%,0.9%,0.0%,10.3%,8.0%,0.0%,6.2%,Conservative,Conservative,Conservative hold
Sunderland Central,E14001531,23.2%,52.2%,6.8%,1.1%,0.0%,13.6%,3.0%,0.0%,28.9%,Labour,Labour,Labour hold
Surrey Heath,E14001532,34.0%,20.1%,31.2%,0.6%,0.0%,10.3%,4.0%,0.0%,2.8%,Conservative,Conservative,Conservative hold
Sussex Weald,E14001533,36.9%,22.0%,22.1%,0.5%,0.0%,10.3%,8.1%,0.0%,14.8%,Conservative,Conservative,Conservative hold
Sutton and Cheam,E14001534,33.0%,32.6%,24.9%,0.8%,0.0%,6.5%,2.2%,0.0%,0.3%,Conservative,Conservative,Conservative hold
Sutton Coldfield,E14001535,40.0%,40.0%,8.9%,1.1%,0.0%,6.1%,3.9%,0.0%,0.0%,Labour,Conservative,Labour gain from Conservatives
Swansea West,W07000108,19.3%,50.7%,6.6%,3.1%,7.1%,9.9%,3.4%,0.0%,31.3%,Labour,Labour,Labour hold
Swindon North,E14001536,38.2%,42.7%,6.9%,0.8%,0.0%,7.3%,4.2%,0.0%,4.5%,Labour,Conservative,Labour gain from Conservatives
Swindon South,E14001537,34.6%,49.0%,6.1%,1.0%,0.0%,6.1%,3.2%,0.0%,14.4%,Labour,Conservative,Labour gain from Conservatives
Tamworth,E14001538,43.6%,36.0%,8.2%,1.2%,0.0%,7.2%,3.8%,0.0%,7.6%,Conservative,Conservative,Conservative hold
Tatton,E14001539,38.1%,34.5%,14.6%,0.6%,0.0%,8.1%,4.1%,0.0%,3.6%,Conservative,Conservative,Conservative hold
Taunton and Wellington,E14001540,35.0%,16.3%,39.3%,0.8%,0.0%,7.1%,1.5%,0.0%,4.3%,Liberal Democrat,Conservative,Liberal Democrat gain from Conservatives
Telford,E14001541,39.0%,44.3%,7.0%,0.6%,0.0%,6.2%,3.0%,0.0%,5.3%,Labour,Conservative,Labour gain from Conservatives
Tewkesbury,E14001542,33.5%,24.3%,25.5%,0.5%,0.0%,10.1%,6.1%,0.0%,7.9%,Conservative,Conservative,Conservative hold
The Wrekin,E14001543,42.8%,34.0%,11.4%,0.5%,0.0%,6.7%,4.6%,0.0%,8.8%,Conservative,Conservative,Conservative hold
Thirsk and Malton,E14001544,41.9%,25.9%,13.1%,0.9%,0.0%,8.4%,9.8%,0.0%,16.0%,Conservative,Conservative,Conservative hold
Thornbury and Yate,E14001545,38.2%,16.1%,36.5%,0.3%,0.0%,7.5%,1.5%,0.0%,1.6%,Conservative,Conservative,Conservative hold
Thurrock,E14001546,34.4%,48.9%,4.0%,1.6%,0.0%,8.8%,2.2%,0.0%,14.5%,Labour,Conservative,Labour gain from Conservatives
Tipton and Wednesbury,E14001547,31.2%,50.5%,4.5%,1.2%,0.0%,9.3%,3.3%,0.0%,19.3%,Labour,Conservative,Labour gain from Conservatives
Tiverton and Minehead,E14001548,35.7%,18.3%,26.3%,0.5%,0.0%,10.7%,8.5%,0.0%,9.4%,Conservative,Conservative,Conservative hold
Tonbridge,E14001549,37.5%,24.8%,15.6%,0.7%,0.0%,9.3%,12.1%,0.0%,12.8%,Conservative,Conservative,Conservative hold
Tooting,E14001550,21.5%,61.0%,7.3%,1.5%,0.0%,3.8%,4.9%,0.0%,39.6%,Labour,Labour,Labour hold
Torbay,E14001551,39.8%,25.7%,23.7%,0.6%,0.0%,7.9%,2.3%,0.0%,14.2%,Conservative,Conservative,Conservative hold
Torfaen,W07000109,23.0%,47.3%,5.1%,2.2%,6.2%,12.1%,4.1%,0.0%,24.3%,Labour,Labour,Labour hold
Torridge and Tavistock,E14001552,39.0%,25.7%,17.4%,0.7%,0.0%,9.1%,8.2%,0.0%,13.3%,Conservative,Conservative,Conservative hold
Tottenham,E14001553,10.4%,74.3%,4.3%,1.5%,0.0%,3.1%,6.5%,0.0%,63.9%,Labour,Labour,Labour hold
Truro and Falmouth,E14001554,32.9%,42.9%,9.0%,0.9%,0.0%,6.1%,8.3%,0.0%,10.0%,Labour,Conservative,Labour gain from Conservatives
Tunbridge Wells,E14001555,40.7%,26.5%,24.7%,0.7%,0.0%,5.6%,1.8%,0.0%,14.2%,Conservative,Conservative,Conservative hold
Twickenham,E14001556,20.7%,12.3%,58.0%,0.4%,0.0%,6.1%,2.5%,0.0%,37.3%,Liberal Democrat,Liberal Democrat,Liberal Democrat hold
Tynemouth,E14001557,27.2%,57.1%,4.2%,1.1%,0.0%,7.6%,2.7%,0.0%,30.0%,Labour,Labour,Labour hold
Uxbridge and South Ruislip,E14001558,31.9%,51.5%,4.9%,2.0%,0.0%,6.8%,3.0%,0.0%,19.5%,Labour,Conservative,Labour gain from Conservatives
Vale of Glamorgan,W07000110,30.1%,51.2%,3.0%,0.8%,3.4%,7.8%,3.6%,0.0%,21.1%,Labour,Conservative,Labour gain from Conservatives
Vauxhall and Camberwell Green,E14001559,13.6%,65.7%,9.7%,1.3%,0.0%,3.7%,6.1%,0.0%,52.0%,Labour,Labour,Labour hold
Wakefield and Rothwell,E14001560,27.4%,52.1%,8.1%,1.0%,0.0%,9.4%,2.1%,0.0%,24.7%,Labour,Conservative,Labour gain from Conservatives
Wallasey,E14001561,18.9%,67.1%,3.3%,1.2%,0.0%,6.3%,3.2%,0.0%,48.2%,Labour,Labour,Labour hold
Walsall and Bloxwich,E14001562,30.7%,54.7%,3.8%,1.7%,0.0%,6.1%,3.0%,0.0%,24.0%,Labour,Conservative,Labour gain from Conservatives
Walthamstow,E14001563,11.0%,73.3%,4.6%,2.2%,0.0%,3.1%,5.8%,0.0%,62.3%,Labour,Labour,Labour hold
Warrington North,E14001564,28.8%,51.6%,5.7%,0.7%,0.0%,8.7%,4.4%,0.0%,22.8%,Labour,Labour,Labour hold
Warrington South,E14001565,29.7%,50.7%,8.3%,0.6%,0.0%,8.0%,2.5%,0.0%,21.0%,Labour,Labour,Labour hold
Warwick and Leamington,E14001566,26.4%,43.1%,13.1%,1.0%,0.0%,5.3%,11.0%,0.0%,16.7%,Labour,Labour,Labour hold
Washington and Gateshead South,E14001567,22.8%,53.7%,4.9%,1.5%,0.0%,14.2%,3.0%,0.0%,30.9%,Labour,Labour,Labour hold
Watford,E14001568,23.1%,45.8%,19.6%,0.7%,0.0%,8.9%,2.0%,0.0%,22.7%,Labour,Conservative,Labour gain from Conservatives
Waveney Valley,E14001569,35.5%,22.8%,14.3%,1.0%,0.0%,9.2%,17.2%,0.0%,12.7%,Conservative,Conservative,Conservative hold
Weald of Kent,E14001570,47.7%,23.8%,10.2%,0.5%,0.0%,8.3%,9.4%,0.0%,23.9%,Conservative,Conservative,Conservative hold
Wellingborough and Rushden,E14001571,37.3%,42.4%,5.5%,1.0%,0.0%,10.7%,3.1%,0.0%,5.1%,Labour,Conservative,Labour gain from Conservatives
Wells and Mendip Hills,E14001572,32.6%,15.5%,36.9%,0.5%,0.0%,10.2%,4.3%,0.0%,4.3%,Liberal Democrat,Conservative,Liberal Democrat gain from Conservatives
Welwyn Hatfield,E14001573,33.6%,40.8%,13.0%,0.5%,0.0%,7.9%,4.1%,0.0%,7.2%,Labour,Conservative,Labour gain from Conservatives
West Aberdeenshire and Kincardine,S14000058,24.6%,15.2%,23.0%,3.1%,0.0%,4.5%,4.8%,24.7%,0.1%,Scottish National Party (SNP),Conservative,SNP gain from Conservatives
West Bromwich,E14001574,29.6%,53.2%,4.4%,2.0%,0.0%,7.5%,3.4%,0.0%,23.6%,Labour,Conservative,Labour gain from Conservatives
West Dorset,E14001575,36.9%,14.3%,35.9%,0.3%,0.0%,6.7%,5.9%,0.0%,1.0%,Conservative,Conservative,Conservative hold
West Dunbartonshire,S14000106,10.4%,37.2%,5.2%,2.2%,0.0%,3.7%,1.4%,39.9%,2.7%,Scottish National Party (SNP),Scottish National Party (SNP),SNP hold
West Ham and Beckton,E14001576,12.9%,70.8%,5.0%,2.2%,0.0%,4.4%,4.6%,0.0%,58.0%,Labour,Labour,Labour hold
West Lancashire,E14001577,26.2%,57.4%,4.4%,0.9%,0.0%,7.4%,3.8%,0.0%,31.2%,Labour,Labour,Labour hold
West Suffolk,E14001578,41.7%,34.8%,9.6%,0.6%,0.0%,8.3%,5.1%,0.0%,6.9%,Conservative,Conservative,Conservative hold
West Worcestershire,E14001579,39.7%,23.6%,20.9%,0.5%,0.0%,6.6%,8.8%,0.0%,16.1%,Conservative,Conservative,Conservative hold
Westmorland and Lonsdale,E14001580,32.6%,9.7%,48.0%,0.3%,0.0%,7.5%,1.8%,0.0%,15.4%,Liberal Democrat,Conservative,Liberal Democrat gain from Conservatives
Weston-super-Mare,E14001581,36.4%,38.7%,11.9%,0.5%,0.0%,8.6%,3.8%,0.0%,2.3%,Labour,Conservative,Labour gain from Conservatives
Wetherby and Easingwold,E14001582,46.1%,29.2%,8.8%,1.0%,0.0%,7.9%,7.0%,0.0%,16.8%,Conservative,Conservative,Conservative hold
Whitehaven and Workington,E14001583,32.9%,51.1%,4.5%,0.8%,0.0%,7.4%,3.3%,0.0%,18.1%,Labour,Conservative,Labour gain from Conservatives
Widnes and Halewood,E14001584,16.6%,63.2%,3.2%,1.0%,0.0%,7.4%,8.7%,0.0%,46.6%,Labour,Labour,Labour hold
Wigan,E14001585,22.3%,55.9%,4.6%,1.1%,0.0%,12.7%,3.5%,0.0%,33.5%,Labour,Labour,Labour hold
Wimbledon,E14001586,24.0%,29.9%,35.3%,0.7%,0.0%,7.8%,2.3%,0.0%,5.3%,Liberal Democrat,Conservative,Liberal Democrat gain from Conservatives
Winchester,E14001587,36.4%,11.2%,42.0%,0.4%,0.0%,6.3%,3.8%,0.0%,5.6%,Liberal Democrat,Conservative,Liberal Democrat gain from Conservatives
Windsor,E14001588,36.8%,33.3%,16.2%,1.0%,0.0%,8.0%,4.6%,0.0%,3.5%,Conservative,Conservative,Conservative hold
Wirral West,E14001589,30.2%,55.0%,3.9%,1.2%,0.0%,6.9%,2.8%,0.0%,24.8%,Labour,Labour,Labour hold
Witham,E14001590,41.8%,29.2%,11.4%,0.6%,0.0%,8.9%,8.0%,0.0%,12.6%,Conservative,Conservative,Conservative hold
Witney,E14001591,35.4%,23.7%,27.2%,0.5%,0.0%,9.1%,4.0%,0.0%,8.2%,Conservative,Conservative,Conservative hold
Woking,E14001592,31.1%,30.4%,28.6%,0.7%,0.0%,6.9%,2.2%,0.0%,0.7%,Conservative,Conservative,Conservative hold
Wokingham,E14001593,39.9%,21.8%,29.5%,0.4%,0.0%,5.6%,2.7%,0.0%,10.4%,Conservative,Conservative,Conservative hold
Wolverhampton North East,E14001594,34.1%,49.0%,4.7%,1.0%,0.0%,8.2%,3.0%,0.0%,15.0%,Labour,Conservative,Labour gain from Conservatives
Wolverhampton South East,E14001595,26.0%,56.3%,4.6%,1.3%,0.0%,8.3%,3.5%,0.0%,30.4%,Labour,Labour,Labour hold
Wolverhampton West,E14001596,31.2%,54.6%,4.1%,1.7%,0.0%,6.1%,2.4%,0.0%,23.4%,Labour,Conservative,Labour gain from Conservatives
Worcester,E14001597,30.3%,41.5%,11.4%,1.3%,0.0%,6.2%,9.3%,0.0%,11.1%,Labour,Conservative,Labour gain from Conservatives
Worsley and Eccles,E14001598,25.0%,57.1%,4.1%,1.1%,0.0%,9.8%,2.9%,0.0%,32.1%,Labour,Labour,Labour hold
Worthing West,E14001599,36.9%,38.0%,8.8%,1.0%,0.0%,7.4%,8.1%,0.0%,1.1%,Labour,Conservative,Labour gain from Conservatives
Wrexham,W07000111,29.8%,47.5%,3.7%,0.6%,7.7%,8.6%,2.2%,0.0%,17.7%,Labour,Conservative,Labour gain from Conservatives
Wycombe,E14001600,30.5%,48.9%,8.1%,1.9%,0.0%,5.6%,5.0%,0.0%,18.4%,Labour,Conservative,Labour gain from Conservatives
Wyre Forest,E14001601,42.6%,31.0%,9.8%,0.5%,0.0%,6.7%,9.2%,0.0%,11.6%,Conservative,Conservative,Conservative hold
Wythenshawe and Sale East,E14001602,20.4%,58.7%,5.4%,1.4%,0.0%,8.2%,6.0%,0.0%,38.3%,Labour,Labour,Labour hold
Yeovil,E14001603,37.9%,16.7%,34.2%,0.5%,0.0%,8.1%,2.6%,0.0%,3.7%,Conservative,Conservative,Conservative hold
Ynys Mon,W07000112,24.1%,34.5%,1.7%,0.3%,29.7%,7.9%,1.9%,0.0%,4.8%,Labour,Conservative,Labour gain from Conservatives
York Central,E14001604,21.8%,58.6%,6.8%,1.2%,0.0%,5.3%,6.4%,0.0%,36.8%,Labour,Labour,Labour hold
York Outer,E14001605,31.1%,33.8%,22.9%,0.5%,0.0%,9.2%,2.4%,0.0%,2.7%,Labour,Conservative,Labour gain from Conservatives