area,region,const,ConShare,LabShare,LibDemShare,GreenShare,ReformShare,PlaidShare,SNPShare,OthersShare,WinnerGE2024,SecondGE2024,YouGovCall,Winner margin,2019 v 2024 status,Win19 (nominal),constituency_type
Aldridge-Brownhills,West Midlands,E14001064,39%,32%,5%,4%,19%,0%,0%,0%,Conservatives,Labour,Lean Conservatives,7%,Conservative hold,Con,Borough
Arundel and South Downs,South East,E14001067,41%,20%,15%,7%,17%,0%,0%,0%,Conservatives,Labour,Likely Conservatives,21%,Conservative hold,Con,County
Beaconsfield,South East,E14001082,38%,27%,11%,5%,19%,0%,0%,0%,Conservatives,Labour,Likely Conservatives,11%,Conservative hold,Con,County
Boston and Skegness,East Midlands,E14001114,37%,26%,5%,2%,29%,0%,0%,0%,Conservatives,Reform,Lean Conservatives,8%,Conservative hold,Con,County
Braintree,East of England,E14001121,34%,31%,7%,4%,22%,0%,0%,1%,Conservatives,Labour,Tossup,3%,Conservative hold,Con,County
Brentwood and Ongar,East of England,E14001125,35%,24%,14%,4%,22%,0%,0%,0%,Conservatives,Labour,Likely Conservatives,11%,Conservative hold,Con,County
Bridgwater,South West,E14001126,30%,28%,14%,5%,23%,0%,0%,1%,Conservatives,Labour,Tossup,2%,Conservative hold,Con,County
Bridlington and The Wolds,Yorkshire and The Humber,E14001127,37%,29%,8%,5%,21%,0%,0%,1%,Conservatives,Labour,Lean Conservatives,8%,Conservative hold,Con,County
Brigg and Immingham,Yorkshire and The Humber,E14001128,36%,33%,4%,5%,23%,0%,0%,0%,Conservatives,Labour,Tossup,3%,Conservative hold,Con,County
Bromley and Biggin Hill,London,E14001137,33%,32%,15%,7%,13%,0%,0%,0%,Conservatives,Labour,Tossup,1%,Conservative hold,Con,Borough
Bromsgrove,West Midlands,E14001138,34%,30%,11%,4%,20%,0%,0%,1%,Conservatives,Labour,Tossup,4%,Conservative hold,Con,Borough
Castle Point,East of England,E14001154,40%,26%,5%,3%,27%,0%,0%,0%,Conservatives,Reform,Likely Conservatives,13%,Conservative hold,Con,Borough
Central Suffolk and North Ipswich,East of England,E14001156,33%,33%,7%,6%,20%,0%,0%,0%,Conservatives,Labour,Tossup,1%,Conservative hold,Con,County
Chester South and Eddisbury,North West,E14001164,38%,34%,10%,4%,14%,0%,0%,0%,Conservatives,Labour,Tossup,4%,Conservative hold,Con,County
Christchurch,South West,E14001171,35%,14%,24%,4%,23%,0%,0%,1%,Conservatives,Lib Dems,Likely Conservatives,11%,Conservative hold,Con,County
Daventry,East Midlands,E14001192,35%,29%,7%,5%,23%,0%,0%,0%,Conservatives,Labour,Lean Conservatives,6%,Conservative hold,Con,County
Droitwich and Evesham,West Midlands,E14001203,37%,30%,7%,5%,21%,0%,0%,0%,Conservatives,Labour,Lean Conservatives,7%,Conservative hold,Con,Borough
East Grinstead and Uckfield,South East,E14001212,34%,20%,29%,7%,0%,0%,0%,11%,Conservatives,Lib Dems,Lean Conservatives,5%,Conservative hold,Con,County
East Surrey,South East,E14001215,36%,18%,24%,4%,17%,0%,0%,0%,Conservatives,Lib Dems,Likely Conservatives,12%,Conservative hold,Con,County
East Wiltshire,South West,E14001217,34%,31%,8%,6%,19%,0%,0%,1%,Conservatives,Labour,Tossup,4%,Conservative hold,Con,County
Epping Forest,East of England,E14001226,37%,34%,10%,7%,0%,0%,0%,11%,Conservatives,Labour,Tossup,3%,Conservative hold,Con,County
Epsom and Ewell,South East,E14001227,35%,20%,26%,5%,15%,0%,0%,0%,Conservatives,Lib Dems,Lean Conservatives,9%,Conservative hold,Con,Borough
Exmouth and Exeter East,South West,E14001232,30%,25%,14%,4%,20%,0%,0%,6%,Conservatives,Labour,Tossup,5%,Conservative hold,Con,County
Fareham and Waterlooville,South East,E14001233,33%,22%,21%,5%,19%,0%,0%,0%,Conservatives,Labour,Likely Conservatives,11%,Conservative hold,Con,County
Farnham and Bordon,South East,E14001234,38%,12%,33%,3%,13%,0%,0%,0%,Conservatives,Lib Dems,Tossup,4%,Conservative hold,Con,County
Finchley and Golders Green,London,E14001238,36%,35%,13%,6%,9%,0%,0%,1%,Conservatives,Labour,Tossup,1%,Conservative hold,Con,Borough
Fylde,North West,E14001242,36%,31%,6%,6%,20%,0%,0%,1%,Conservatives,Labour,Tossup,5%,Conservative hold,Con,County
Gainsborough,East Midlands,E14001243,40%,29%,7%,4%,20%,0%,0%,0%,Conservatives,Labour,Likely Conservatives,11%,Conservative hold,Con,County
Goole and Pocklington,Yorkshire and The Humber,E14001250,36%,32%,5%,5%,21%,0%,0%,1%,Conservatives,Labour,Tossup,4%,Conservative hold,Con,County
Gosport,South East,E14001252,36%,28%,11%,5%,19%,0%,0%,1%,Conservatives,Labour,Lean Conservatives,8%,Conservative hold,Con,Borough
Grantham and Bourne,East Midlands,E14001253,33%,27%,10%,6%,24%,0%,0%,0%,Conservatives,Labour,Lean Conservatives,5%,Conservative hold,Con,County
Hamble Valley,South East,E14001263,38%,17%,27%,4%,14%,0%,0%,1%,Conservatives,Lib Dems,Likely Conservatives,12%,Conservative hold,Con,County
Havant,South East,E14001275,29%,27%,9%,6%,29%,0%,0%,0%,Conservatives,Reform,Tossup,0%,Conservative hold,Con,Borough
Hereford and South Herefordshire,West Midlands,E14001281,33%,30%,11%,7%,19%,0%,0%,1%,Conservatives,Labour,Tossup,3%,Conservative hold,Con,Borough
Herne Bay and Sandwich,South East,E14001282,38%,30%,7%,8%,17%,0%,0%,0%,Conservatives,Labour,Lean Conservatives,8%,Conservative hold,Con,County
Hertsmere,East of England,E14001284,43%,33%,6%,5%,13%,0%,0%,0%,Conservatives,Labour,Lean Conservatives,10%,Conservative hold,Con,County
Hinckley and Bosworth,East Midlands,E14001288,37%,17%,26%,4%,15%,0%,0%,0%,Conservatives,Lib Dems,Likely Conservatives,11%,Conservative hold,Con,County
Hornchurch and Upminster,London,E14001292,35%,35%,5%,5%,20%,0%,0%,1%,Conservatives,Labour,Tossup,0%,Conservative hold,Con,Borough
Horsham,South East,E14001294,35%,14%,32%,5%,14%,0%,0%,0%,Conservatives,Lib Dems,Tossup,3%,Conservative hold,Con,County
Kenilworth and Southam,West Midlands,E14001309,39%,30%,9%,7%,14%,0%,0%,0%,Conservatives,Labour,Lean Conservatives,9%,Conservative hold,Con,Borough
Kingswinford and South Staffordshire,West Midlands,E14001316,38%,28%,3%,5%,25%,0%,0%,0%,Conservatives,Labour,Likely Conservatives,10%,Conservative hold,Con,Borough
Maidstone and Malling,South East,E14001349,32%,19%,20%,7%,20%,0%,0%,1%,Conservatives,Reform,Likely Conservatives,12%,Conservative hold,Con,County
Maldon,East of England,E14001351,37%,23%,8%,4%,28%,0%,0%,0%,Conservatives,Reform,Lean Conservatives,9%,Conservative hold,Con,County
Melksham and Devizes,South West,E14001356,35%,12%,34%,5%,14%,0%,0%,0%,Conservatives,Lib Dems,Tossup,0%,Conservative hold,Con,County
Meriden and Solihull East,West Midlands,E14001358,36%,32%,9%,5%,19%,0%,0%,0%,Conservatives,Labour,Tossup,3%,Conservative hold,Con,Borough
Mid Buckinghamshire,South East,E14001360,39%,17%,23%,5%,16%,0%,0%,0%,Conservatives,Lib Dems,Likely Conservatives,16%,Conservative hold,Con,County
Mid Norfolk,East of England,E14001365,37%,31%,7%,4%,22%,0%,0%,0%,Conservatives,Labour,Lean Conservatives,6%,Conservative hold,Con,County
New Forest East,South East,E14001373,34%,22%,15%,5%,23%,0%,0%,0%,Conservatives,Reform,Likely Conservatives,10%,Conservative hold,Con,County
New Forest West,South East,E14001374,41%,20%,16%,7%,15%,0%,0%,1%,Conservatives,Labour,Likely Conservatives,22%,Conservative hold,Con,County
Newton Abbot,South West,E14001381,29%,16%,25%,6%,23%,0%,0%,1%,Conservatives,Lib Dems,Tossup,4%,Conservative hold,Con,County
North Bedfordshire,East of England,E14001384,37%,28%,13%,4%,18%,0%,0%,0%,Conservatives,Labour,Lean Conservatives,10%,Conservative hold,Con,County
North Cotswolds,South West,E14001386,38%,16%,24%,8%,13%,0%,0%,1%,Conservatives,Lib Dems,Likely Conservatives,15%,Conservative hold,Con,County
North Dorset,South West,E14001388,35%,13%,27%,6%,19%,0%,0%,0%,Conservatives,Lib Dems,Lean Conservatives,9%,Conservative hold,Con,County
North East Cambridgeshire,East of England,E14001390,35%,27%,9%,4%,24%,0%,0%,1%,Conservatives,Labour,Lean Conservatives,9%,Conservative hold,Con,County
North East Hampshire,South East,E14001392,36%,11%,33%,4%,16%,0%,0%,1%,Conservatives,Lib Dems,Tossup,3%,Conservative hold,Con,County
North Herefordshire,West Midlands,E14001395,34%,16%,11%,20%,19%,0%,0%,0%,Conservatives,Greens,Likely Conservatives,14%,Conservative hold,Con,Borough
North West Essex,East of England,E14001402,40%,24%,16%,6%,13%,0%,0%,1%,Conservatives,Labour,Likely Conservatives,16%,Conservative hold,Con,County
North West Hampshire,South East,E14001403,34%,22%,20%,6%,18%,0%,0%,0%,Conservatives,Labour,Likely Conservatives,13%,Conservative hold,Con,County
North West Norfolk,East of England,E14001405,33%,28%,12%,5%,23%,0%,0%,0%,Conservatives,Labour,Tossup,5%,Conservative hold,Con,County
Orpington,London,E14001417,37%,27%,14%,4%,17%,0%,0%,0%,Conservatives,Labour,Lean Conservatives,10%,Conservative hold,Con,Borough
Poole,South West,E14001429,32%,29%,12%,6%,21%,0%,0%,1%,Conservatives,Labour,Tossup,3%,Conservative hold,Con,Borough
Rayleigh and Wickford,East of England,E14001437,40%,26%,8%,5%,21%,0%,0%,0%,Conservatives,Labour,Likely Conservatives,15%,Conservative hold,Con,County
Reigate,South East,E14001442,38%,24%,13%,9%,16%,0%,0%,0%,Conservatives,Labour,Likely Conservatives,14%,Conservative hold,Con,County
Richmond and Northallerton,Yorkshire and The Humber,E14001444,41%,26%,10%,5%,17%,0%,0%,1%,Conservatives,Labour,Likely Conservatives,15%,Conservative hold,Con,County
Romford,London,E14001448,35%,33%,5%,5%,20%,0%,0%,1%,Conservatives,Labour,Tossup,2%,Conservative hold,Con,Borough
"Ruislip, Northwood and Pinner",London,E14001454,35%,34%,11%,5%,15%,0%,0%,0%,Conservatives,Labour,Tossup,2%,Conservative hold,Con,Borough
Runnymede and Weybridge,South East,E14001456,33%,17%,29%,7%,14%,0%,0%,0%,Conservatives,Lib Dems,Tossup,4%,Conservative hold,Con,County
Rutland and Stamford,East Midlands,E14001458,40%,19%,18%,4%,18%,0%,0%,1%,Conservatives,Labour,Likely Conservatives,21%,Conservative hold,Con,County
Salisbury,South West,E14001460,32%,20%,22%,6%,19%,0%,0%,1%,Conservatives,Lib Dems,Lean Conservatives,9%,Conservative hold,Con,County
Sevenoaks,South East,E14001465,37%,14%,25%,6%,17%,0%,0%,1%,Conservatives,Lib Dems,Likely Conservatives,12%,Conservative hold,Con,County
Skipton and Ripon,Yorkshire and The Humber,E14001475,35%,31%,11%,5%,18%,0%,0%,1%,Conservatives,Labour,Tossup,4%,Conservative hold,Con,County
Sleaford and North Hykeham,East Midlands,E14001476,37%,31%,7%,5%,20%,0%,0%,1%,Conservatives,Labour,Lean Conservatives,7%,Conservative hold,Con,County
Solihull West and Shirley,West Midlands,E14001479,35%,29%,19%,4%,13%,0%,0%,0%,Conservatives,Labour,Lean Conservatives,6%,Conservative hold,Con,Borough
South Dorset,South West,E14001485,31%,28%,12%,8%,20%,0%,0%,1%,Conservatives,Labour,Tossup,3%,Conservative hold,Con,County
South East Cornwall,South West,E14001486,34%,28%,13%,5%,20%,0%,0%,0%,Conservatives,Labour,Lean Conservatives,6%,Conservative hold,Con,County
South Holland and The Deepings,East Midlands,E14001487,32%,29%,5%,3%,31%,0%,0%,0%,Conservatives,Reform,Tossup,1%,Conservative hold,Con,County
South Leicestershire,East Midlands,E14001488,40%,28%,11%,5%,17%,0%,0%,0%,Conservatives,Labour,Likely Conservatives,12%,Conservative hold,Con,County
South Northamptonshire,East Midlands,E14001490,33%,31%,9%,6%,21%,0%,0%,1%,Conservatives,Labour,Tossup,3%,Conservative hold,Con,County
South Shropshire,West Midlands,E14001493,31%,17%,30%,4%,18%,0%,0%,0%,Conservatives,Lib Dems,Tossup,1%,Conservative hold,Con,Borough
South Suffolk,East of England,E14001494,36%,27%,8%,8%,21%,0%,0%,0%,Conservatives,Labour,Lean Conservatives,9%,Conservative hold,Con,County
South West Devon,South West,E14001495,37%,28%,11%,7%,16%,0%,0%,1%,Conservatives,Labour,Lean Conservatives,9%,Conservative hold,Con,County
South West Hertfordshire,East of England,E14001496,34%,28%,16%,5%,17%,0%,0%,1%,Conservatives,Labour,Lean Conservatives,6%,Conservative hold,Con,County
South West Norfolk,East of England,E14001497,33%,29%,6%,5%,25%,0%,0%,1%,Conservatives,Labour,Tossup,5%,Conservative hold,Con,County
South West Wiltshire,South West,E14001498,30%,30%,11%,9%,20%,0%,0%,0%,Conservatives,Labour,Tossup,1%,Conservative hold,Con,County
Suffolk Coastal,East of England,E14001530,32%,31%,9%,7%,20%,0%,0%,0%,Conservatives,Labour,Tossup,1%,Conservative hold,Con,County
Sussex Weald,South East,E14001533,36%,17%,25%,4%,17%,0%,0%,0%,Conservatives,Lib Dems,Likely Conservatives,11%,Conservative hold,Con,County
Sutton Coldfield,West Midlands,E14001535,40%,35%,5%,6%,14%,0%,0%,0%,Conservatives,Labour,Tossup,5%,Conservative hold,Con,Borough
Tamworth,West Midlands,E14001538,32%,32%,5%,4%,26%,0%,0%,1%,Conservatives,Labour,Tossup,1%,Conservative hold,Con,Borough
Tatton,North West,E14001539,36%,35%,12%,5%,11%,0%,0%,0%,Conservatives,Labour,Tossup,1%,Conservative hold,Con,County
Tewkesbury,South West,E14001542,32%,15%,30%,6%,17%,0%,0%,1%,Conservatives,Lib Dems,Tossup,2%,Conservative hold,Con,County
The Wrekin,West Midlands,E14001543,34%,32%,9%,5%,20%,0%,0%,0%,Conservatives,Labour,Tossup,2%,Conservative hold,Con,Borough
Thirsk and Malton,Yorkshire and The Humber,E14001544,37%,31%,8%,6%,18%,0%,0%,1%,Conservatives,Labour,Lean Conservatives,5%,Conservative hold,Con,County
Tonbridge,South East,E14001549,40%,27%,9%,8%,16%,0%,0%,1%,Conservatives,Labour,Likely Conservatives,13%,Conservative hold,Con,County
Torridge and Tavistock,South West,E14001552,30%,17%,24%,5%,23%,0%,0%,1%,Conservatives,Lib Dems,Lean Conservatives,6%,Conservative hold,Con,County
Waveney Valley,East of England,E14001569,31%,21%,5%,21%,23%,0%,0%,0%,Conservatives,Reform,Lean Conservatives,8%,Conservative hold,Con,County
Weald of Kent,South East,E14001570,43%,24%,6%,7%,21%,0%,0%,0%,Conservatives,Labour,Likely Conservatives,19%,Conservative hold,Con,County
West Suffolk,East of England,E14001578,33%,31%,6%,6%,23%,0%,0%,0%,Conservatives,Labour,Tossup,2%,Conservative hold,Con,County
West Worcestershire,West Midlands,E14001579,35%,16%,26%,7%,17%,0%,0%,1%,Conservatives,Lib Dems,Lean Conservatives,9%,Conservative hold,Con,Borough
Wetherby and Easingwold,Yorkshire and The Humber,E14001582,45%,27%,6%,6%,16%,0%,0%,1%,Conservatives,Labour,Likely Conservatives,19%,Conservative hold,Con,County
Windsor,South East,E14001588,36%,31%,14%,6%,11%,0%,0%,1%,Conservatives,Labour,Lean Conservatives,5%,Conservative hold,Con,County
Witham,East of England,E14001590,36%,28%,8%,8%,20%,0%,0%,1%,Conservatives,Labour,Lean Conservatives,7%,Conservative hold,Con,County
Wyre Forest,West Midlands,E14001601,33%,33%,6%,5%,22%,0%,0%,0%,Conservatives,Labour,Tossup,0%,Conservative hold,Con,Borough
"Berwickshire, Roxburgh and Selkirk",Scotland,S14000008,42%,11%,5%,3%,9%,0%,31%,1%,Conservatives,SNP,Likely Conservatives,11%,Conservative hold,Con,County
Aberdeenshire North and Moray East,Scotland,S14000062,39%,10%,3%,0%,12%,0%,36%,0%,Conservatives,SNP,Tossup,3%,Conservative hold,Con,County
Dumfries and Galloway,Scotland,S14000073,32%,16%,4%,3%,12%,0%,32%,1%,Conservatives,SNP,Tossup,0%,Conservative hold,Con,County
"Dumfriesshire, Clydesdale and Tweeddale",Scotland,S14000074,37%,14%,4%,4%,10%,0%,30%,1%,Conservatives,SNP,Lean Conservatives,7%,Conservative hold,Con,County
Gordon and Buchan,Scotland,S14000091,37%,12%,6%,0%,11%,0%,33%,0%,Conservatives,SNP,Tossup,4%,Conservative hold,Con,County
Montgomeryshire and Glyndwr,Wales,W07000102,28%,25%,15%,4%,21%,8%,0%,0%,Conservatives,Labour,Tossup,3%,Conservative hold,Con,County
Brighton Pavilion,South East,E14001130,6%,28%,4%,57%,4%,0%,0%,1%,Green,Labour,Safe Green,29%,Green hold,Green,Borough
Aldershot,South East,E14001063,31%,37%,10%,6%,15%,0%,0%,1%,Labour,Conservatives,Lean Labour,6%,Labour gain from Conservatives,Con,Borough
Altrincham and Sale West,North West,E14001065,32%,43%,7%,8%,9%,0%,0%,1%,Labour,Conservatives,Likely Labour,10%,Labour gain from Conservatives,Con,Borough
Amber Valley,East Midlands,E14001066,28%,35%,5%,5%,27%,0%,0%,0%,Labour,Conservatives,Lean Labour,8%,Labour gain from Conservatives,Con,County
Ashford,South East,E14001069,30%,37%,8%,7%,18%,0%,0%,0%,Labour,Conservatives,Lean Labour,7%,Labour gain from Conservatives,Con,County
Aylesbury,South East,E14001071,29%,31%,21%,7%,11%,0%,0%,1%,Labour,Conservatives,Tossup,2%,Labour gain from Conservatives,Con,County
Banbury,South East,E14001072,28%,41%,10%,5%,16%,0%,0%,1%,Labour,Conservatives,Likely Labour,13%,Labour gain from Conservatives,Con,County
Barrow and Furness,North West,E14001076,27%,52%,3%,4%,14%,0%,0%,0%,Labour,Conservatives,Safe Labour,25%,Labour gain from Conservatives,Con,County
Basingstoke,South East,E14001078,27%,43%,7%,8%,15%,0%,0%,0%,Labour,Conservatives,Likely Labour,15%,Labour gain from Conservatives,Con,Borough
Bassetlaw,East Midlands,E14001079,27%,46%,5%,4%,18%,0%,0%,0%,Labour,Conservatives,Likely Labour,19%,Labour gain from Conservatives,Con,County
Beverley and Holderness,Yorkshire and The Humber,E14001087,32%,33%,8%,4%,22%,0%,0%,1%,Labour,Conservatives,Tossup,1%,Labour gain from Conservatives,Con,County
Bexhill and Battle,South East,E14001088,31%,34%,9%,5%,16%,0%,0%,5%,Labour,Conservatives,Tossup,3%,Labour gain from Conservatives,Con,County
Bexleyheath and Crayford,London,E14001089,29%,36%,5%,5%,25%,0%,0%,0%,Labour,Conservatives,Lean Labour,7%,Labour gain from Conservatives,Con,Borough
Birmingham Northfield,West Midlands,E14001097,23%,49%,5%,8%,15%,0%,0%,1%,Labour,Conservatives,Safe Labour,25%,Labour gain from Conservatives,Con,Borough
Bishop Auckland,North East,E14001101,27%,48%,3%,4%,17%,0%,0%,0%,Labour,Conservatives,Likely Labour,21%,Labour gain from Conservatives,Con,County
Blackpool North and Fleetwood,North West,E14001104,26%,36%,5%,5%,28%,0%,0%,0%,Labour,Reform,Lean Labour,9%,Labour gain from Conservatives,Con,Borough
Blackpool South,North West,E14001105,19%,47%,3%,6%,25%,0%,0%,1%,Labour,Reform,Likely Labour,22%,Labour gain from Conservatives,Con,Borough
Bognor Regis and Littlehampton,South East,E14001108,28%,31%,7%,5%,27%,0%,0%,1%,Labour,Conservatives,Tossup,3%,Labour gain from Conservatives,Con,Borough
Bolsover,East Midlands,E14001109,21%,46%,4%,6%,24%,0%,0%,0%,Labour,Reform,Likely Labour,22%,Labour gain from Conservatives,Con,County
Bolton North East,North West,E14001110,21%,49%,3%,6%,20%,0%,0%,1%,Labour,Conservatives,Safe Labour,28%,Labour gain from Conservatives,Con,Borough
Bolton West,North West,E14001112,29%,40%,7%,5%,19%,0%,0%,1%,Labour,Conservatives,Likely Labour,10%,Labour gain from Conservatives,Con,County
Bournemouth East,South West,E14001115,28%,43%,7%,6%,15%,0%,0%,1%,Labour,Conservatives,Likely Labour,15%,Labour gain from Conservatives,Con,Borough
Bournemouth West,South West,E14001116,28%,39%,8%,9%,17%,0%,0%,0%,Labour,Conservatives,Likely Labour,12%,Labour gain from Conservatives,Con,Borough
Bracknell,South East,E14001117,27%,37%,10%,7%,18%,0%,0%,1%,Labour,Conservatives,Lean Labour,10%,Labour gain from Conservatives,Con,Borough
Broadland and Fakenham,East of England,E14001136,33%,41%,8%,4%,15%,0%,0%,0%,Labour,Conservatives,Lean Labour,9%,Labour gain from Conservatives,Con,County
Broxbourne,East of England,E14001139,32%,33%,7%,5%,22%,0%,0%,1%,Labour,Conservatives,Tossup,2%,Labour gain from Conservatives,Con,County
Broxtowe,East Midlands,E14001140,22%,44%,5%,5%,24%,0%,0%,0%,Labour,Reform,Likely Labour,20%,Labour gain from Conservatives,Con,County
Buckingham and Bletchley,South East,E14001141,27%,36%,12%,5%,20%,0%,0%,0%,Labour,Conservatives,Lean Labour,8%,Labour gain from Conservatives,Con,County
Burnley,North West,E14001142,20%,49%,5%,7%,19%,0%,0%,0%,Labour,Conservatives,Safe Labour,29%,Labour gain from Conservatives,Con,County
Burton and Uttoxeter,West Midlands,E14001143,29%,37%,6%,5%,22%,0%,0%,1%,Labour,Conservatives,Lean Labour,8%,Labour gain from Conservatives,Con,Borough
Bury North,North West,E14001144,25%,56%,2%,4%,13%,0%,0%,0%,Labour,Conservatives,Safe Labour,31%,Labour gain from Conservatives,Con,Borough
Bury South,North West,E14001145,23%,45%,8%,6%,17%,0%,0%,0%,Labour,Conservatives,Likely Labour,22%,Labour gain from Conservatives,Con,Borough
Bury St Edmunds and Stowmarket,East of England,E14001146,32%,32%,3%,12%,19%,0%,0%,1%,Labour,Conservatives,Tossup,0%,Labour gain from Conservatives,Con,County
Calder Valley,Yorkshire and The Humber,E14001147,27%,47%,5%,5%,17%,0%,0%,0%,Labour,Conservatives,Likely Labour,20%,Labour gain from Conservatives,Con,County
Camborne and Redruth,South West,E14001148,28%,45%,6%,5%,16%,0%,0%,0%,Labour,Conservatives,Likely Labour,16%,Labour gain from Conservatives,Con,County
Cannock Chase,West Midlands,E14001150,26%,38%,3%,7%,25%,0%,0%,0%,Labour,Conservatives,Likely Labour,12%,Labour gain from Conservatives,Con,Borough
Carlisle,North West,E14001152,29%,43%,4%,6%,17%,0%,0%,0%,Labour,Conservatives,Likely Labour,14%,Labour gain from Conservatives,Con,County
Central Devon,South West,E14001155,30%,33%,11%,6%,19%,0%,0%,1%,Labour,Conservatives,Tossup,3%,Labour gain from Conservatives,Con,County
Chatham and Aylesford,South East,E14001157,32%,33%,5%,6%,23%,0%,0%,1%,Labour,Conservatives,Tossup,1%,Labour gain from Conservatives,Con,County
Chelsea and Fulham,London,E14001160,31%,45%,10%,5%,9%,0%,0%,0%,Labour,Conservatives,Likely Labour,14%,Labour gain from Conservatives,Con,Borough
Chingford and Woodford Green,London,E14001167,27%,35%,5%,5%,8%,0%,0%,19%,Labour,Conservatives,Lean Labour,8%,Labour gain from Conservatives,Con,Borough
Chipping Barnet,London,E14001169,33%,46%,5%,6%,10%,0%,0%,0%,Labour,Conservatives,Likely Labour,14%,Labour gain from Conservatives,Con,Borough
Cities of London and Westminster,London,E14001172,28%,41%,14%,7%,8%,0%,0%,3%,Labour,Conservatives,Likely Labour,12%,Labour gain from Conservatives,Con,Borough
Colchester,East of England,E14001176,26%,40%,10%,6%,16%,0%,0%,1%,Labour,Conservatives,Likely Labour,14%,Labour gain from Conservatives,Con,Borough
Colne Valley,Yorkshire and The Humber,E14001177,29%,50%,5%,4%,11%,0%,0%,1%,Labour,Conservatives,Likely Labour,21%,Labour gain from Conservatives,Con,County
Congleton,North West,E14001178,33%,39%,6%,4%,18%,0%,0%,1%,Labour,Conservatives,Lean Labour,6%,Labour gain from Conservatives,Con,County
Corby and East Northamptonshire,East Midlands,E14001179,23%,40%,7%,4%,25%,0%,0%,0%,Labour,Reform,Likely Labour,15%,Labour gain from Conservatives,Con,County
Crawley,South East,E14001184,27%,39%,7%,8%,18%,0%,0%,1%,Labour,Conservatives,Likely Labour,12%,Labour gain from Conservatives,Con,Borough
Crewe and Nantwich,North West,E14001185,24%,47%,4%,6%,18%,0%,0%,0%,Labour,Conservatives,Likely Labour,23%,Labour gain from Conservatives,Con,County
Croydon South,London,E14001187,37%,39%,8%,5%,10%,0%,0%,1%,Labour,Conservatives,Tossup,2%,Labour gain from Conservatives,Con,Borough
Darlington,North East,E14001190,27%,49%,4%,7%,13%,0%,0%,0%,Labour,Conservatives,Likely Labour,22%,Labour gain from Conservatives,Con,County
Dartford,South East,E14001191,28%,35%,6%,7%,24%,0%,0%,0%,Labour,Conservatives,Lean Labour,6%,Labour gain from Conservatives,Con,County
Derby North,East Midlands,E14001193,24%,47%,4%,8%,17%,0%,0%,0%,Labour,Conservatives,Likely Labour,23%,Labour gain from Conservatives,Con,Borough
Derbyshire Dales,East Midlands,E14001195,35%,36%,7%,6%,15%,0%,0%,0%,Labour,Conservatives,Tossup,1%,Labour gain from Conservatives,Con,County
Doncaster East and the Isle of Axholme,Yorkshire and The Humber,E14001199,23%,42%,3%,5%,26%,0%,0%,0%,Labour,Reform,Likely Labour,16%,Labour gain from Conservatives,Con,County
Dover and Deal,South East,E14001202,24%,43%,5%,5%,22%,0%,0%,0%,Labour,Conservatives,Likely Labour,19%,Labour gain from Conservatives,Con,County
Dudley,West Midlands,E14001204,30%,35%,5%,6%,23%,0%,0%,1%,Labour,Conservatives,Lean Labour,5%,Labour gain from Conservatives,Con,Borough
Dunstable and Leighton Buzzard,East of England,E14001206,30%,34%,11%,6%,19%,0%,0%,0%,Labour,Conservatives,Tossup,4%,Labour gain from Conservatives,Con,County
Earley and Woodley,South East,E14001210,34%,43%,16%,7%,0%,0%,0%,0%,Labour,Conservatives,Lean Labour,9%,Labour gain from Conservatives,Con,Borough
East Thanet,South East,E14001216,24%,43%,3%,8%,20%,0%,0%,1%,Labour,Conservatives,Likely Labour,19%,Labour gain from Conservatives,Con,Borough
East Worthing and Shoreham,South East,E14001218,25%,50%,4%,5%,15%,0%,0%,1%,Labour,Conservatives,Safe Labour,26%,Labour gain from Conservatives,Con,County
Eltham and Chislehurst,London,E14001223,23%,47%,5%,9%,15%,0%,0%,1%,Labour,Conservatives,Likely Labour,23%,Labour gain from Conservatives,Con,Borough
Erewash,East Midlands,E14001228,26%,38%,4%,6%,25%,0%,0%,1%,Labour,Conservatives,Likely Labour,12%,Labour gain from Conservatives,Con,County
Faversham and Mid Kent,South East,E14001235,31%,33%,7%,6%,22%,0%,0%,1%,Labour,Conservatives,Tossup,2%,Labour gain from Conservatives,Con,County
Filton and Bradley Stoke,South West,E14001237,27%,49%,4%,7%,14%,0%,0%,0%,Labour,Conservatives,Likely Labour,22%,Labour gain from Conservatives,Con,Borough
Folkestone and Hythe,South East,E14001239,23%,32%,8%,8%,28%,0%,0%,1%,Labour,Reform,Tossup,4%,Labour gain from Conservatives,Con,County
Forest of Dean,South West,E14001240,30%,36%,4%,10%,20%,0%,0%,0%,Labour,Conservatives,Lean Labour,6%,Labour gain from Conservatives,Con,County
Gedling,East Midlands,E14001245,21%,54%,6%,5%,15%,0%,0%,0%,Labour,Conservatives,Safe Labour,32%,Labour gain from Conservatives,Con,County
Gillingham and Rainham,South East,E14001246,30%,38%,6%,5%,21%,0%,0%,0%,Labour,Conservatives,Lean Labour,8%,Labour gain from Conservatives,Con,Borough
Gloucester,South West,E14001248,25%,39%,8%,6%,21%,0%,0%,1%,Labour,Conservatives,Likely Labour,13%,Labour gain from Conservatives,Con,Borough
Gravesham,South East,E14001254,31%,37%,4%,7%,22%,0%,0%,0%,Labour,Conservatives,Lean Labour,5%,Labour gain from Conservatives,Con,County
Great Grimsby and Cleethorpes,Yorkshire and The Humber,E14001255,22%,43%,5%,5%,25%,0%,0%,0%,Labour,Reform,Likely Labour,17%,Labour gain from Conservatives,Con,Borough
Halesowen,West Midlands,E14001261,30%,42%,6%,5%,17%,0%,0%,0%,Labour,Conservatives,Likely Labour,13%,Labour gain from Conservatives,Con,Borough
"Harborough, Oadby and Wigston",East Midlands,E14001266,35%,35%,8%,7%,14%,0%,0%,1%,Labour,Conservatives,Tossup,0%,Labour gain from Conservatives,Con,County
Harlow,East of England,E14001267,31%,38%,4%,4%,23%,0%,0%,1%,Labour,Conservatives,Lean Labour,7%,Labour gain from Conservatives,Con,County
Harrow East,London,E14001270,40%,41%,5%,5%,9%,0%,0%,1%,Labour,Conservatives,Tossup,2%,Labour gain from Conservatives,Con,Borough
Harwich and North Essex,East of England,E14001273,34%,35%,6%,7%,17%,0%,0%,0%,Labour,Conservatives,Tossup,1%,Labour gain from Conservatives,Con,County
Hastings and Rye,South East,E14001274,26%,41%,4%,12%,17%,0%,0%,0%,Labour,Conservatives,Likely Labour,15%,Labour gain from Conservatives,Con,County
Hemel Hempstead,East of England,E14001278,28%,40%,10%,5%,17%,0%,0%,0%,Labour,Conservatives,Likely Labour,13%,Labour gain from Conservatives,Con,County
Hendon,London,E14001279,27%,45%,6%,7%,11%,0%,0%,5%,Labour,Conservatives,Likely Labour,19%,Labour gain from Conservatives,Con,Borough
Hertford and Stortford,East of England,E14001283,30%,39%,6%,7%,18%,0%,0%,0%,Labour,Conservatives,Lean Labour,9%,Labour gain from Conservatives,Con,County
Hexham,North East,E14001285,34%,49%,6%,6%,0%,0%,0%,5%,Labour,Conservatives,Likely Labour,16%,Labour gain from Conservatives,Con,County
High Peak,East Midlands,E14001287,23%,55%,4%,6%,13%,0%,0%,0%,Labour,Conservatives,Safe Labour,33%,Labour gain from Conservatives,Con,County
Hitchin,East of England,E14001289,24%,37%,17%,5%,17%,0%,0%,0%,Labour,Conservatives,Likely Labour,13%,Labour gain from Conservatives,Con,County
Huntingdon,East of England,E14001298,32%,36%,7%,5%,18%,0%,0%,1%,Labour,Conservatives,Tossup,4%,Labour gain from Conservatives,Con,County
Hyndburn,North West,E14001299,25%,53%,3%,6%,13%,0%,0%,0%,Labour,Conservatives,Safe Labour,28%,Labour gain from Conservatives,Con,County
Ipswich,East of England,E14001302,24%,48%,5%,6%,17%,0%,0%,0%,Labour,Conservatives,Likely Labour,24%,Labour gain from Conservatives,Con,Borough
Isle of Wight East,South East,E14001303,26%,28%,8%,14%,23%,0%,0%,1%,Labour,Conservatives,Tossup,2%,Labour gain from Conservatives,Con,County
Isle of Wight West,South East,E14001304,27%,37%,5%,14%,16%,0%,0%,1%,Labour,Conservatives,Likely Labour,10%,Labour gain from Conservatives,Con,County
Keighley and Ilkley,Yorkshire and The Humber,E14001308,33%,43%,4%,7%,14%,0%,0%,1%,Labour,Conservatives,Likely Labour,10%,Labour gain from Conservatives,Con,County
Kettering,East Midlands,E14001311,34%,38%,5%,8%,16%,0%,0%,0%,Labour,Conservatives,Tossup,4%,Labour gain from Conservatives,Con,County
Kingston upon Hull West and Haltemprice,Yorkshire and The Humber,E14001315,18%,50%,8%,5%,20%,0%,0%,0%,Labour,Reform,Safe Labour,30%,Labour gain from Conservatives,Con,Borough
Lancaster and Wyre,North West,E14001318,22%,51%,3%,8%,17%,0%,0%,0%,Labour,Conservatives,Safe Labour,29%,Labour gain from Conservatives,Con,County
Leeds North West,Yorkshire and The Humber,E14001322,23%,48%,10%,7%,11%,0%,0%,1%,Labour,Conservatives,Safe Labour,25%,Labour gain from Conservatives,Con,County
Leeds South West and Morley,Yorkshire and The Humber,E14001324,25%,47%,3%,6%,19%,0%,0%,0%,Labour,Conservatives,Likely Labour,22%,Labour gain from Conservatives,Con,Borough
Leigh and Atherton,North West,E14001329,16%,55%,4%,4%,21%,0%,0%,0%,Labour,Reform,Safe Labour,34%,Labour gain from Conservatives,Con,Borough
Lichfield,West Midlands,E14001335,36%,36%,5%,4%,18%,0%,0%,1%,Labour,Conservatives,Tossup,0%,Labour gain from Conservatives,Con,Borough
Lincoln,East Midlands,E14001336,22%,50%,5%,6%,16%,0%,0%,1%,Labour,Conservatives,Safe Labour,28%,Labour gain from Conservatives,Con,Borough
Loughborough,East Midlands,E14001342,26%,48%,5%,8%,13%,0%,0%,0%,Labour,Conservatives,Likely Labour,21%,Labour gain from Conservatives,Con,County
Lowestoft,East of England,E14001344,27%,39%,4%,7%,23%,0%,0%,0%,Labour,Conservatives,Likely Labour,12%,Labour gain from Conservatives,Con,County
Macclesfield,North West,E14001347,28%,46%,6%,6%,13%,0%,0%,1%,Labour,Conservatives,Likely Labour,18%,Labour gain from Conservatives,Con,County
Mansfield,East Midlands,E14001355,32%,42%,3%,3%,19%,0%,0%,1%,Labour,Conservatives,Likely Labour,10%,Labour gain from Conservatives,Con,County
Melton and Syston,East Midlands,E14001357,31%,33%,6%,6%,22%,0%,0%,0%,Labour,Conservatives,Tossup,2%,Labour gain from Conservatives,Con,County
Mid Bedfordshire,East of England,E14001359,32%,33%,7%,7%,19%,0%,0%,1%,Labour,Conservatives,Tossup,1%,Labour gain from Conservatives,Con,County
Mid Cheshire,North West,E14001361,21%,50%,4%,7%,17%,0%,0%,1%,Labour,Conservatives,Safe Labour,29%,Labour gain from Conservatives,Con,County
Mid Derbyshire,East Midlands,E14001362,33%,43%,6%,5%,13%,0%,0%,1%,Labour,Conservatives,Likely Labour,10%,Labour gain from Conservatives,Con,County
Mid Leicestershire,East Midlands,E14001364,34%,40%,4%,5%,17%,0%,0%,0%,Labour,Conservatives,Lean Labour,5%,Labour gain from Conservatives,Con,County
Middlesbrough South and East Cleveland,North East,E14001368,37%,53%,5%,6%,0%,0%,0%,0%,Labour,Conservatives,Likely Labour,16%,Labour gain from Conservatives,Con,County
Milton Keynes Central,South East,E14001369,24%,50%,8%,6%,12%,0%,0%,0%,Labour,Conservatives,Safe Labour,25%,Labour gain from Conservatives,Con,Borough
Milton Keynes North,South East,E14001370,26%,39%,7%,8%,20%,0%,0%,0%,Labour,Conservatives,Likely Labour,13%,Labour gain from Conservatives,Con,County
Morecambe and Lunesdale,North West,E14001372,31%,41%,8%,5%,15%,0%,0%,0%,Labour,Conservatives,Lean Labour,10%,Labour gain from Conservatives,Con,County
Newark,East Midlands,E14001375,33%,35%,6%,4%,21%,0%,0%,0%,Labour,Conservatives,Tossup,2%,Labour gain from Conservatives,Con,County
Newcastle-under-Lyme,West Midlands,E14001380,25%,41%,6%,7%,21%,0%,0%,0%,Labour,Conservatives,Likely Labour,16%,Labour gain from Conservatives,Con,Borough
Newton Aycliffe and Spennymoor,North East,E14001382,20%,50%,4%,5%,21%,0%,0%,1%,Labour,Reform,Safe Labour,30%,Labour gain from Conservatives,Con,County
North East Derbyshire,East Midlands,E14001391,33%,38%,6%,5%,18%,0%,0%,1%,Labour,Conservatives,Lean Labour,5%,Labour gain from Conservatives,Con,County
North East Hertfordshire,East of England,E14001393,31%,41%,8%,6%,15%,0%,0%,0%,Labour,Conservatives,Lean Labour,10%,Labour gain from Conservatives,Con,County
North East Somerset and Hanham,South West,E14001394,35%,41%,8%,4%,11%,0%,0%,1%,Labour,Conservatives,Lean Labour,6%,Labour gain from Conservatives,Con,County
North Northumberland,North East,E14001397,32%,38%,9%,5%,15%,0%,0%,0%,Labour,Conservatives,Lean Labour,5%,Labour gain from Conservatives,Con,County
North Somerset,South West,E14001399,30%,40%,9%,5%,16%,0%,0%,0%,Labour,Conservatives,Lean Labour,9%,Labour gain from Conservatives,Con,County
North Warwickshire and Bedworth,West Midlands,E14001400,29%,40%,3%,4%,24%,0%,0%,0%,Labour,Conservatives,Likely Labour,11%,Labour gain from Conservatives,Con,Borough
North West Cambridgeshire,East of England,E14001401,31%,34%,8%,6%,20%,0%,0%,0%,Labour,Conservatives,Tossup,3%,Labour gain from Conservatives,Con,County
North West Leicestershire,East Midlands,E14001404,34%,34%,5%,8%,18%,0%,0%,1%,Labour,Conservatives,Tossup,0%,Labour gain from Conservatives,Con,County
Northampton North,East Midlands,E14001406,22%,50%,4%,6%,17%,0%,0%,0%,Labour,Conservatives,Safe Labour,28%,Labour gain from Conservatives,Con,Borough
Northampton South,East Midlands,E14001407,30%,42%,5%,6%,17%,0%,0%,0%,Labour,Conservatives,Likely Labour,12%,Labour gain from Conservatives,Con,Borough
Norwich North,East of England,E14001408,24%,51%,4%,5%,15%,0%,0%,0%,Labour,Conservatives,Safe Labour,27%,Labour gain from Conservatives,Con,Borough
Nuneaton,West Midlands,E14001413,30%,43%,4%,7%,17%,0%,0%,0%,Labour,Conservatives,Likely Labour,13%,Labour gain from Conservatives,Con,Borough
Old Bexley and Sidcup,London,E14001414,33%,35%,5%,6%,21%,0%,0%,0%,Labour,Conservatives,Tossup,2%,Labour gain from Conservatives,Con,Borough
Ossett and Denby Dale,Yorkshire and The Humber,E14001418,28%,43%,4%,5%,19%,0%,0%,1%,Labour,Conservatives,Likely Labour,15%,Labour gain from Conservatives,Con,County
Pendle and Clitheroe,North West,E14001422,30%,41%,8%,5%,17%,0%,0%,0%,Labour,Conservatives,Likely Labour,11%,Labour gain from Conservatives,Con,County
Penistone and Stocksbridge,Yorkshire and The Humber,E14001423,25%,41%,9%,4%,21%,0%,0%,0%,Labour,Conservatives,Likely Labour,16%,Labour gain from Conservatives,Con,County
Penrith and Solway,North West,E14001424,32%,36%,8%,7%,16%,0%,0%,1%,Labour,Conservatives,Tossup,4%,Labour gain from Conservatives,Con,County
Peterborough,East of England,E14001425,24%,44%,7%,8%,16%,0%,0%,0%,Labour,Conservatives,Likely Labour,20%,Labour gain from Conservatives,Con,County
Plymouth Moor View,South West,E14001426,32%,41%,5%,5%,17%,0%,0%,0%,Labour,Conservatives,Lean Labour,9%,Labour gain from Conservatives,Con,Borough
Portsmouth North,South East,E14001431,34%,37%,8%,5%,17%,0%,0%,0%,Labour,Conservatives,Tossup,3%,Labour gain from Conservatives,Con,Borough
Reading West and Mid Berkshire,South East,E14001439,31%,38%,7%,6%,17%,0%,0%,1%,Labour,Conservatives,Lean Labour,7%,Labour gain from Conservatives,Con,County
Redcar,North East,E14001440,25%,39%,6%,6%,23%,0%,0%,1%,Labour,Conservatives,Likely Labour,15%,Labour gain from Conservatives,Con,Borough
Redditch,West Midlands,E14001441,30%,41%,4%,4%,20%,0%,0%,0%,Labour,Conservatives,Likely Labour,11%,Labour gain from Conservatives,Con,Borough
Ribble Valley,North West,E14001443,33%,39%,6%,5%,16%,0%,0%,1%,Labour,Conservatives,Lean Labour,5%,Labour gain from Conservatives,Con,County
Rochester and Strood,South East,E14001447,28%,36%,9%,5%,21%,0%,0%,1%,Labour,Conservatives,Lean Labour,7%,Labour gain from Conservatives,Con,County
Rossendale and Darwen,North West,E14001450,26%,42%,4%,6%,22%,0%,0%,0%,Labour,Conservatives,Likely Labour,16%,Labour gain from Conservatives,Con,County
Rother Valley,Yorkshire and The Humber,E14001451,26%,45%,4%,6%,20%,0%,0%,0%,Labour,Conservatives,Likely Labour,19%,Labour gain from Conservatives,Con,County
Rugby,West Midlands,E14001453,35%,35%,8%,6%,15%,0%,0%,1%,Labour,Conservatives,Tossup,1%,Labour gain from Conservatives,Con,Borough
Rushcliffe,East Midlands,E14001457,27%,45%,9%,5%,13%,0%,0%,0%,Labour,Conservatives,Likely Labour,18%,Labour gain from Conservatives,Con,County
Scarborough and Whitby,Yorkshire and The Humber,E14001461,29%,43%,4%,4%,20%,0%,0%,1%,Labour,Conservatives,Likely Labour,14%,Labour gain from Conservatives,Con,County
Scunthorpe,Yorkshire and The Humber,E14001462,25%,45%,3%,4%,23%,0%,0%,1%,Labour,Conservatives,Likely Labour,20%,Labour gain from Conservatives,Con,County
Selby,Yorkshire and The Humber,E14001464,27%,49%,3%,3%,18%,0%,0%,0%,Labour,Conservatives,Likely Labour,23%,Labour gain from Conservatives,Con,County
Sherwood Forest,East Midlands,E14001471,26%,37%,5%,5%,27%,0%,0%,0%,Labour,Reform,Likely Labour,10%,Labour gain from Conservatives,Con,County
Shipley,Yorkshire and The Humber,E14001472,30%,47%,5%,5%,12%,0%,0%,1%,Labour,Conservatives,Likely Labour,17%,Labour gain from Conservatives,Con,County
Shrewsbury,West Midlands,E14001473,24%,47%,9%,5%,14%,0%,0%,0%,Labour,Conservatives,Likely Labour,23%,Labour gain from Conservatives,Con,Borough
Sittingbourne and Sheppey,South East,E14001474,32%,35%,5%,4%,23%,0%,0%,1%,Labour,Conservatives,Tossup,3%,Labour gain from Conservatives,Con,County
South Basildon and East Thurrock,East of England,E14001480,30%,32%,4%,4%,28%,0%,0%,1%,Labour,Conservatives,Tossup,1%,Labour gain from Conservatives,Con,County
South Derbyshire,East Midlands,E14001483,29%,34%,5%,7%,25%,0%,0%,0%,Labour,Conservatives,Tossup,5%,Labour gain from Conservatives,Con,County
South Norfolk,East of England,E14001489,31%,37%,8%,6%,16%,0%,0%,1%,Labour,Conservatives,Lean Labour,6%,Labour gain from Conservatives,Con,County
South Ribble,North West,E14001491,26%,46%,4%,6%,18%,0%,0%,0%,Labour,Conservatives,Likely Labour,20%,Labour gain from Conservatives,Con,County
Southampton Itchen,South East,E14001499,22%,49%,4%,6%,18%,0%,0%,1%,Labour,Conservatives,Safe Labour,27%,Labour gain from Conservatives,Con,Borough
Southend East and Rochford,East of England,E14001501,32%,41%,5%,4%,18%,0%,0%,0%,Labour,Conservatives,Lean Labour,8%,Labour gain from Conservatives,Con,County
Southend West and Leigh,East of England,E14001502,28%,36%,6%,3%,24%,0%,0%,3%,Labour,Conservatives,Lean Labour,9%,Labour gain from Conservatives,Con,Borough
Southport,North West,E14001504,29%,41%,7%,6%,17%,0%,0%,0%,Labour,Conservatives,Likely Labour,12%,Labour gain from Conservatives,Con,County
Spelthorne,South East,E14001505,29%,30%,15%,6%,20%,0%,0%,0%,Labour,Conservatives,Tossup,1%,Labour gain from Conservatives,Con,Borough
Spen Valley,Yorkshire and The Humber,E14001506,22%,44%,7%,4%,22%,0%,0%,1%,Labour,Reform,Likely Labour,21%,Labour gain from Conservatives,Con,Borough
St Austell and Newquay,South West,E14001508,27%,34%,7%,5%,26%,0%,0%,1%,Labour,Conservatives,Lean Labour,7%,Labour gain from Conservatives,Con,County
Stafford,West Midlands,E14001513,30%,37%,4%,7%,21%,0%,0%,0%,Labour,Conservatives,Lean Labour,7%,Labour gain from Conservatives,Con,Borough
Staffordshire Moorlands,West Midlands,E14001514,29%,38%,4%,4%,25%,0%,0%,0%,Labour,Conservatives,Lean Labour,9%,Labour gain from Conservatives,Con,Borough
Stevenage,East of England,E14001516,27%,43%,5%,7%,18%,0%,0%,1%,Labour,Conservatives,Likely Labour,16%,Labour gain from Conservatives,Con,County
Stockton West,North East,E14001519,33%,39%,4%,4%,20%,0%,0%,0%,Labour,Conservatives,Lean Labour,6%,Labour gain from Conservatives,Con,County
Stoke-on-Trent Central,West Midlands,E14001520,17%,41%,4%,7%,26%,0%,0%,3%,Labour,Reform,Likely Labour,15%,Labour gain from Conservatives,Con,Borough
Stoke-on-Trent North,West Midlands,E14001521,23%,44%,4%,4%,24%,0%,0%,1%,Labour,Reform,Likely Labour,20%,Labour gain from Conservatives,Con,Borough
Stoke-on-Trent South,West Midlands,E14001522,33%,44%,3%,4%,16%,0%,0%,0%,Labour,Conservatives,Likely Labour,11%,Labour gain from Conservatives,Con,Borough
"Stone, Great Wyrley and Penkridge",West Midlands,E14001523,38%,41%,8%,5%,0%,0%,0%,7%,Labour,Conservatives,Tossup,3%,Labour gain from Conservatives,Con,Borough
Stourbridge,West Midlands,E14001524,32%,41%,5%,4%,17%,0%,0%,1%,Labour,Conservatives,Lean Labour,9%,Labour gain from Conservatives,Con,Borough
Stroud,South West,E14001529,24%,51%,4%,9%,12%,0%,0%,0%,Labour,Conservatives,Safe Labour,27%,Labour gain from Conservatives,Con,County
Swindon North,South West,E14001536,30%,44%,5%,5%,17%,0%,0%,0%,Labour,Conservatives,Likely Labour,15%,Labour gain from Conservatives,Con,County
Swindon South,South West,E14001537,28%,52%,4%,4%,11%,0%,0%,0%,Labour,Conservatives,Likely Labour,24%,Labour gain from Conservatives,Con,Borough
Telford,West Midlands,E14001541,26%,44%,5%,4%,22%,0%,0%,0%,Labour,Conservatives,Likely Labour,18%,Labour gain from Conservatives,Con,Borough
Thurrock,East of England,E14001546,27%,47%,4%,4%,19%,0%,0%,0%,Labour,Conservatives,Likely Labour,20%,Labour gain from Conservatives,Con,Borough
Tipton and Wednesbury,West Midlands,E14001547,20%,37%,4%,6%,27%,0%,0%,7%,Labour,Reform,Likely Labour,11%,Labour gain from Conservatives,Con,Borough
Truro and Falmouth,South West,E14001554,25%,48%,8%,6%,13%,0%,0%,0%,Labour,Conservatives,Likely Labour,23%,Labour gain from Conservatives,Con,County
Uxbridge and South Ruislip,London,E14001558,34%,44%,5%,7%,10%,0%,0%,1%,Labour,Conservatives,Likely Labour,10%,Labour gain from Conservatives,Con,Borough
Wakefield and Rothwell,Yorkshire and The Humber,E14001560,19%,45%,7%,6%,21%,0%,0%,2%,Labour,Reform,Likely Labour,25%,Labour gain from Conservatives,Con,Borough
Walsall and Bloxwich,West Midlands,E14001562,22%,42%,5%,7%,23%,0%,0%,1%,Labour,Reform,Likely Labour,19%,Labour gain from Conservatives,Con,Borough
Watford,East of England,E14001568,21%,48%,12%,5%,14%,0%,0%,0%,Labour,Conservatives,Safe Labour,27%,Labour gain from Conservatives,Con,Borough
Wellingborough and Rushden,East Midlands,E14001571,26%,40%,5%,5%,24%,0%,0%,0%,Labour,Conservatives,Likely Labour,13%,Labour gain from Conservatives,Con,County
Welwyn Hatfield,East of England,E14001573,27%,46%,7%,5%,15%,0%,0%,0%,Labour,Conservatives,Likely Labour,19%,Labour gain from Conservatives,Con,County
West Bromwich,West Midlands,E14001574,22%,43%,4%,8%,22%,0%,0%,0%,Labour,Conservatives,Likely Labour,21%,Labour gain from Conservatives,Con,Borough
Weston-super-Mare,South West,E14001581,30%,40%,7%,6%,17%,0%,0%,0%,Labour,Conservatives,Likely Labour,10%,Labour gain from Conservatives,Con,County
Whitehaven and Workington,North West,E14001583,21%,49%,4%,6%,20%,0%,0%,0%,Labour,Conservatives,Safe Labour,28%,Labour gain from Conservatives,Con,County
Wolverhampton North East,West Midlands,E14001594,24%,44%,4%,5%,24%,0%,0%,0%,Labour,Conservatives,Likely Labour,20%,Labour gain from Conservatives,Con,Borough
Wolverhampton West,West Midlands,E14001596,28%,46%,5%,5%,15%,0%,0%,0%,Labour,Conservatives,Likely Labour,18%,Labour gain from Conservatives,Con,Borough
Worcester,West Midlands,E14001597,22%,44%,7%,6%,21%,0%,0%,1%,Labour,Conservatives,Likely Labour,22%,Labour gain from Conservatives,Con,Borough
Worthing West,South East,E14001599,30%,41%,5%,6%,18%,0%,0%,0%,Labour,Conservatives,Likely Labour,11%,Labour gain from Conservatives,Con,County
Wycombe,South East,E14001600,22%,42%,9%,7%,13%,0%,0%,5%,Labour,Conservatives,Likely Labour,20%,Labour gain from Conservatives,Con,County
York Outer,Yorkshire and The Humber,E14001605,33%,39%,9%,7%,12%,0%,0%,1%,Labour,Conservatives,Lean Labour,6%,Labour gain from Conservatives,Con,County
Bangor Aberconwy,Wales,W07000083,23%,36%,3%,5%,16%,17%,0%,0%,Labour,Conservatives,Likely Labour,12%,Labour gain from Conservatives,Con,County
Bridgend,Wales,W07000086,23%,37%,6%,6%,17%,9%,0%,3%,Labour,Conservatives,Likely Labour,14%,Labour gain from Conservatives,Con,County
Clwyd East,Wales,W07000094,29%,42%,4%,4%,12%,8%,0%,1%,Labour,Conservatives,Likely Labour,12%,Labour gain from Conservatives,Con,County
Clwyd North,Wales,W07000095,24%,40%,5%,3%,19%,10%,0%,0%,Labour,Conservatives,Likely Labour,16%,Labour gain from Conservatives,Con,County
Mid and South Pembrokeshire,Wales,W07000100,29%,33%,6%,4%,19%,8%,0%,1%,Labour,Conservatives,Tossup,5%,Labour gain from Conservatives,Con,County
Monmouthshire,Wales,W07000101,32%,39%,6%,4%,13%,5%,0%,1%,Labour,Conservatives,Lean Labour,7%,Labour gain from Conservatives,Con,County
Vale of Glamorgan,Wales,W07000110,26%,44%,4%,7%,14%,5%,0%,0%,Labour,Conservatives,Likely Labour,18%,Labour gain from Conservatives,Con,County
Wrexham,Wales,W07000111,25%,38%,6%,5%,15%,10%,0%,1%,Labour,Conservatives,Likely Labour,13%,Labour gain from Conservatives,Con,County
Central Ayrshire,Scotland,S14000010,12%,34%,3%,2%,8%,0%,33%,7%,Labour,SNP,Tossup,2%,Labour gain from SNP,SNP,County
Na h-Eileanan an Iar,Scotland,S14000027,3%,42%,4%,0%,8%,0%,32%,10%,Labour,SNP,Lean Labour,9%,Labour gain from SNP,SNP,County
Midlothian,Scotland,S14000045,8%,52%,4%,0%,8%,0%,26%,0%,Labour,SNP,Safe Labour,26%,Labour gain from SNP,SNP,County
Airdrie and Shotts,Scotland,S14000063,6%,50%,3%,0%,9%,0%,32%,0%,Labour,SNP,Likely Labour,18%,Labour gain from SNP,SNP,County
Alloa and Grangemouth,Scotland,S14000064,8%,37%,3%,4%,8%,0%,34%,5%,Labour,SNP,Tossup,3%,Labour gain from SNP,SNP,County
Bathgate and Linlithgow,Scotland,S14000068,7%,38%,5%,4%,9%,0%,31%,5%,Labour,SNP,Lean Labour,7%,Labour gain from SNP,SNP,County
Coatbridge and Bellshill,Scotland,S14000070,4%,53%,3%,3%,8%,0%,29%,0%,Labour,SNP,Likely Labour,24%,Labour gain from SNP,SNP,Borough
Cowdenbeath and Kirkcaldy,Scotland,S14000071,8%,43%,5%,8%,8%,0%,26%,2%,Labour,SNP,Likely Labour,17%,Labour gain from SNP,SNP,County
Cumbernauld and Kirkintilloch,Scotland,S14000072,7%,39%,3%,4%,9%,0%,38%,0%,Labour,SNP,Tossup,1%,Labour gain from SNP,SNP,County
Dunfermline and Dollar,Scotland,S14000076,6%,39%,6%,5%,9%,0%,31%,4%,Labour,SNP,Lean Labour,8%,Labour gain from SNP,SNP,County
East Kilbride and Strathaven,Scotland,S14000077,9%,42%,4%,2%,9%,0%,34%,0%,Labour,SNP,Lean Labour,8%,Labour gain from SNP,SNP,County
Glasgow East,Scotland,S14000084,6%,44%,3%,5%,8%,0%,35%,1%,Labour,SNP,Lean Labour,9%,Labour gain from SNP,SNP,Borough
Glasgow North,Scotland,S14000085,3%,41%,3%,11%,6%,0%,30%,5%,Labour,SNP,Likely Labour,11%,Labour gain from SNP,SNP,Borough
Glasgow North East,Scotland,S14000086,6%,39%,3%,10%,7%,0%,34%,2%,Labour,SNP,Lean Labour,5%,Labour gain from SNP,SNP,Borough
Glasgow South,Scotland,S14000087,6%,43%,3%,6%,6%,0%,37%,1%,Labour,SNP,Lean Labour,6%,Labour gain from SNP,SNP,Borough
Glasgow South West,Scotland,S14000088,6%,47%,3%,4%,6%,0%,33%,1%,Labour,SNP,Likely Labour,14%,Labour gain from SNP,SNP,Borough
Glasgow West,Scotland,S14000089,9%,43%,3%,5%,5%,0%,33%,1%,Labour,SNP,Lean Labour,10%,Labour gain from SNP,SNP,Borough
Glenrothes and Mid Fife,Scotland,S14000090,9%,46%,4%,0%,8%,0%,33%,0%,Labour,SNP,Likely Labour,12%,Labour gain from SNP,SNP,County
Hamilton and Clyde Valley,Scotland,S14000092,9%,49%,3%,0%,9%,0%,28%,1%,Labour,SNP,Likely Labour,21%,Labour gain from SNP,SNP,County
Inverclyde and Renfrewshire West,Scotland,S14000093,6%,40%,4%,2%,9%,0%,37%,1%,Labour,SNP,Tossup,3%,Labour gain from SNP,SNP,County
Livingston,Scotland,S14000095,5%,40%,4%,3%,9%,0%,32%,8%,Labour,SNP,Lean Labour,8%,Labour gain from SNP,SNP,County
Lothian East,Scotland,S14000096,5%,48%,4%,4%,8%,0%,26%,4%,Labour,SNP,Likely Labour,23%,Labour gain from SNP,SNP,County
"Motherwell, Wishaw and Carluke",Scotland,S14000099,9%,43%,3%,2%,8%,0%,35%,0%,Labour,SNP,Lean Labour,8%,Labour gain from SNP,SNP,County
Paisley and Renfrewshire North,Scotland,S14000101,8%,43%,4%,3%,8%,0%,34%,0%,Labour,SNP,Lean Labour,8%,Labour gain from SNP,SNP,Borough
Paisley and Renfrewshire South,Scotland,S14000102,7%,44%,4%,1%,8%,0%,34%,1%,Labour,SNP,Likely Labour,10%,Labour gain from SNP,SNP,County
Rutherglen,Scotland,S14000104,6%,45%,5%,0%,10%,0%,34%,1%,Labour,SNP,Likely Labour,12%,Labour gain from SNP,SNP,Borough
West Dunbartonshire,Scotland,S14000106,5%,47%,3%,3%,8%,0%,33%,0%,Labour,SNP,Likely Labour,14%,Labour gain from SNP,SNP,County
Ashton-under-Lyne,North West,E14001070,9%,49%,5%,8%,24%,0%,0%,4%,Labour,Reform,Safe Labour,26%,Labour hold,Lab,Borough
Barking,London,E14001073,6%,54%,5%,10%,16%,0%,0%,9%,Labour,Reform,Safe Labour,38%,Labour hold,Lab,Borough
Barnsley North,Yorkshire and The Humber,E14001074,7%,37%,7%,10%,34%,0%,0%,4%,Labour,Reform,Tossup,3%,Labour hold,Lab,County
Barnsley South,Yorkshire and The Humber,E14001075,6%,53%,5%,6%,29%,0%,0%,0%,Labour,Reform,Likely Labour,24%,Labour hold,Lab,County
Battersea,London,E14001081,18%,54%,11%,8%,8%,0%,0%,1%,Labour,Conservatives,Safe Labour,36%,Labour hold,Lab,Borough
Beckenham and Penge,London,E14001083,18%,44%,14%,8%,15%,0%,0%,0%,Labour,Conservatives,Safe Labour,26%,Labour hold,Lab,Borough
Bedford,East of England,E14001084,18%,49%,9%,7%,17%,0%,0%,0%,Labour,Conservatives,Safe Labour,31%,Labour hold,Lab,Borough
Bermondsey and Old Southwark,London,E14001085,6%,49%,27%,8%,8%,0%,0%,2%,Labour,Lib Dems,Likely Labour,21%,Labour hold,Lab,Borough
Bethnal Green and Stepney,London,E14001086,4%,50%,7%,19%,7%,0%,0%,14%,Labour,Greens,Safe Labour,32%,Labour hold,Lab,Borough
Birkenhead,North West,E14001091,9%,53%,8%,13%,16%,0%,0%,1%,Labour,Reform,Safe Labour,37%,Labour hold,Lab,Borough
Birmingham Edgbaston,West Midlands,E14001092,16%,55%,6%,8%,15%,0%,0%,0%,Labour,Conservatives,Safe Labour,38%,Labour hold,Lab,Borough
Birmingham Erdington,West Midlands,E14001093,14%,52%,5%,5%,23%,0%,0%,1%,Labour,Reform,Safe Labour,29%,Labour hold,Lab,Borough
Birmingham Hall Green and Moseley,West Midlands,E14001094,6%,45%,11%,13%,8%,0%,0%,17%,Labour,Other,Safe Labour,28%,Labour hold,Lab,Borough
Birmingham Hodge Hill and Solihull North,West Midlands,E14001095,9%,50%,6%,11%,17%,0%,0%,8%,Labour,Reform,Safe Labour,33%,Labour hold,Lab,Borough
Birmingham Ladywood,West Midlands,E14001096,6%,54%,5%,14%,6%,0%,0%,15%,Labour,Other,Safe Labour,39%,Labour hold,Lab,Borough
Birmingham Perry Barr,West Midlands,E14001098,7%,55%,6%,11%,10%,0%,0%,10%,Labour,Greens,Safe Labour,44%,Labour hold,Lab,Borough
Birmingham Selly Oak,West Midlands,E14001099,11%,51%,8%,13%,14%,0%,0%,2%,Labour,Reform,Safe Labour,37%,Labour hold,Lab,Borough
Birmingham Yardley,West Midlands,E14001100,9%,47%,14%,8%,18%,0%,0%,5%,Labour,Reform,Safe Labour,29%,Labour hold,Lab,Borough
Blackburn,North West,E14001102,12%,47%,4%,10%,14%,0%,0%,14%,Labour,Other,Safe Labour,33%,Labour hold,Lab,Borough
Blackley and Middleton South,North West,E14001103,6%,57%,6%,8%,24%,0%,0%,0%,Labour,Reform,Safe Labour,33%,Labour hold,Lab,Borough
Blaydon and Consett,North East,E14001106,12%,53%,7%,7%,21%,0%,0%,0%,Labour,Reform,Safe Labour,32%,Labour hold,Lab,County
Blyth and Ashington,North East,E14001107,8%,64%,5%,5%,18%,0%,0%,0%,Labour,Reform,Safe Labour,46%,Labour hold,Lab,County
Bolton South and Walkden,North West,E14001111,9%,58%,6%,7%,20%,0%,0%,1%,Labour,Reform,Safe Labour,38%,Labour hold,Lab,Borough
Bootle,North West,E14001113,5%,67%,4%,12%,12%,0%,0%,1%,Labour,Reform,Safe Labour,55%,Labour hold,Lab,Borough
Bradford East,Yorkshire and The Humber,E14001118,6%,59%,7%,8%,16%,0%,0%,4%,Labour,Reform,Safe Labour,43%,Labour hold,Lab,Borough
Bradford South,Yorkshire and The Humber,E14001119,14%,48%,5%,9%,23%,0%,0%,1%,Labour,Reform,Safe Labour,25%,Labour hold,Lab,Borough
Bradford West,Yorkshire and The Humber,E14001120,9%,50%,4%,11%,8%,0%,0%,18%,Labour,Other,Safe Labour,32%,Labour hold,Lab,Borough
Brent East,London,E14001122,8%,68%,5%,10%,8%,0%,0%,0%,Labour,Greens,Safe Labour,58%,Labour hold,Lab,Borough
Brent West,London,E14001123,21%,46%,13%,10%,9%,0%,0%,1%,Labour,Conservatives,Likely Labour,25%,Labour hold,Lab,Borough
Brentford and Isleworth,London,E14001124,16%,47%,10%,12%,11%,0%,0%,4%,Labour,Conservatives,Safe Labour,32%,Labour hold,Lab,Borough
Brighton Kemptown and Peacehaven,South East,E14001129,19%,57%,10%,13%,0%,0%,0%,2%,Labour,Conservatives,Safe Labour,38%,Labour hold,Lab,Borough
Bristol Central,South West,E14001131,6%,37%,2%,50%,3%,0%,0%,3%,Green,Labour,Likely Green,12%,Green gain from Labour,Lab,Borough
Bristol East,South West,E14001132,6%,54%,6%,26%,0%,0%,0%,7%,Labour,Greens,Safe Labour,28%,Labour hold,Lab,Borough
Bristol North East,South West,E14001133,14%,54%,4%,11%,16%,0%,0%,0%,Labour,Reform,Safe Labour,37%,Labour hold,Lab,Borough
Bristol North West,South West,E14001134,18%,53%,6%,13%,10%,0%,0%,0%,Labour,Conservatives,Safe Labour,36%,Labour hold,Lab,Borough
Bristol South,South West,E14001135,11%,56%,5%,13%,14%,0%,0%,0%,Labour,Reform,Safe Labour,42%,Labour hold,Lab,Borough
Cambridge,East of England,E14001149,5%,53%,25%,12%,0%,0%,0%,6%,Labour,Lib Dems,Safe Labour,28%,Labour hold,Lab,Borough
Canterbury,South East,E14001151,22%,44%,7%,11%,16%,0%,0%,0%,Labour,Conservatives,Likely Labour,23%,Labour hold,Lab,County
Chester North and Neston,North West,E14001163,19%,58%,4%,7%,13%,0%,0%,0%,Labour,Conservatives,Safe Labour,40%,Labour hold,Lab,County
Chesterfield,East Midlands,E14001165,15%,50%,7%,8%,20%,0%,0%,0%,Labour,Reform,Safe Labour,30%,Labour hold,Lab,Borough
City of Durham,North East,E14001173,13%,53%,9%,10%,16%,0%,0%,0%,Labour,Reform,Safe Labour,38%,Labour hold,Lab,County
Clapham and Brixton Hill,London,E14001175,6%,61%,13%,13%,6%,0%,0%,0%,Labour,Lib Dems,Safe Labour,48%,Labour hold,Lab,Borough
Coventry East,West Midlands,E14001180,12%,52%,8%,6%,21%,0%,0%,1%,Labour,Reform,Safe Labour,31%,Labour hold,Lab,Borough
Coventry North West,West Midlands,E14001181,18%,46%,5%,9%,23%,0%,0%,0%,Labour,Reform,Likely Labour,23%,Labour hold,Lab,Borough
Coventry South,West Midlands,E14001182,22%,51%,6%,8%,14%,0%,0%,0%,Labour,Conservatives,Safe Labour,30%,Labour hold,Lab,Borough
Cramlington and Killingworth,North East,E14001183,15%,49%,8%,6%,20%,0%,0%,2%,Labour,Reform,Safe Labour,29%,Labour hold,Lab,County
Croydon East,London,E14001186,21%,47%,9%,8%,16%,0%,0%,0%,Labour,Conservatives,Safe Labour,26%,Labour hold,Lab,Borough
Croydon West,London,E14001188,7%,60%,9%,11%,12%,0%,0%,1%,Labour,Reform,Safe Labour,48%,Labour hold,Lab,Borough
Dagenham and Rainham,London,E14001189,14%,44%,6%,6%,27%,0%,0%,3%,Labour,Reform,Likely Labour,17%,Labour hold,Lab,Borough
Derby South,East Midlands,E14001194,13%,46%,6%,8%,24%,0%,0%,3%,Labour,Reform,Likely Labour,22%,Labour hold,Lab,Borough
Dewsbury and Batley,Yorkshire and The Humber,E14001196,9%,36%,8%,11%,21%,0%,0%,15%,Labour,Reform,Likely Labour,15%,Labour hold,Lab,Borough
Doncaster Central,Yorkshire and The Humber,E14001198,12%,46%,5%,6%,27%,0%,0%,3%,Labour,Reform,Likely Labour,19%,Labour hold,Lab,County
Doncaster North,Yorkshire and The Humber,E14001200,11%,65%,6%,5%,0%,0%,0%,13%,Labour,Other,Safe Labour,52%,Labour hold,Lab,County
Dulwich and West Norwood,London,E14001205,6%,62%,3%,23%,4%,0%,0%,1%,Labour,Greens,Safe Labour,39%,Labour hold,Lab,Borough
Ealing Central and Acton,London,E14001207,11%,57%,15%,10%,8%,0%,0%,0%,Labour,Lib Dems,Safe Labour,41%,Labour hold,Lab,Borough
Ealing North,London,E14001208,14%,54%,7%,12%,12%,0%,0%,1%,Labour,Conservatives,Safe Labour,39%,Labour hold,Lab,Borough
Ealing Southall,London,E14001209,12%,48%,8%,16%,9%,0%,0%,7%,Labour,Greens,Safe Labour,32%,Labour hold,Lab,Borough
Easington,North East,E14001211,6%,55%,5%,7%,24%,0%,0%,3%,Labour,Reform,Safe Labour,31%,Labour hold,Lab,County
East Ham,London,E14001213,9%,61%,4%,11%,9%,0%,0%,7%,Labour,Greens,Safe Labour,50%,Labour hold,Lab,Borough
Edmonton and Winchmore Hill,London,E14001221,14%,58%,6%,8%,13%,0%,0%,0%,Labour,Conservatives,Safe Labour,44%,Labour hold,Lab,Borough
Ellesmere Port and Bromborough,North West,E14001222,7%,63%,7%,8%,15%,0%,0%,1%,Labour,Reform,Safe Labour,48%,Labour hold,Lab,Borough
Enfield North,London,E14001225,17%,54%,5%,8%,15%,0%,0%,1%,Labour,Conservatives,Safe Labour,38%,Labour hold,Lab,Borough
Erith and Thamesmead,London,E14001229,9%,61%,6%,8%,14%,0%,0%,1%,Labour,Reform,Safe Labour,47%,Labour hold,Lab,Borough
Exeter,South West,E14001231,9%,55%,6%,15%,15%,0%,0%,0%,Labour,Greens,Safe Labour,40%,Labour hold,Lab,Borough
Feltham and Heston,London,E14001236,16%,52%,7%,9%,16%,0%,0%,1%,Labour,Reform,Safe Labour,36%,Labour hold,Lab,Borough
Gateshead Central and Whickham,North East,E14001244,9%,37%,14%,11%,23%,0%,0%,6%,Labour,Reform,Likely Labour,14%,Labour hold,Lab,Borough
Gorton and Denton,North West,E14001251,8%,53%,7%,12%,13%,0%,0%,7%,Labour,Reform,Safe Labour,41%,Labour hold,Lab,Borough
Greenwich and Woolwich,London,E14001257,9%,61%,9%,12%,8%,0%,0%,1%,Labour,Greens,Safe Labour,49%,Labour hold,Lab,Borough
Hackney North and Stoke Newington,London,E14001259,6%,66%,5%,18%,5%,0%,0%,1%,Labour,Greens,Safe Labour,47%,Labour hold,Lab,Borough
Hackney South and Shoreditch,London,E14001260,3%,72%,5%,15%,4%,0%,0%,1%,Labour,Greens,Safe Labour,57%,Labour hold,Lab,Borough
Halifax,Yorkshire and The Humber,E14001262,19%,44%,7%,10%,19%,0%,0%,1%,Labour,Conservatives,Likely Labour,24%,Labour hold,Lab,Borough
Hammersmith and Chiswick,London,E14001264,15%,56%,7%,12%,9%,0%,0%,1%,Labour,Conservatives,Safe Labour,41%,Labour hold,Lab,Borough
Hampstead and Highgate,London,E14001265,11%,53%,16%,13%,6%,0%,0%,2%,Labour,Lib Dems,Safe Labour,37%,Labour hold,Lab,Borough
Harrow West,London,E14001271,19%,51%,10%,9%,10%,0%,0%,1%,Labour,Conservatives,Safe Labour,32%,Labour hold,Lab,Borough
Hartlepool,North East,E14001272,7%,46%,5%,6%,27%,0%,0%,8%,Labour,Reform,Likely Labour,19%,Labour hold,Lab,County
Hayes and Harlington,London,E14001276,17%,52%,6%,9%,15%,0%,0%,2%,Labour,Conservatives,Safe Labour,35%,Labour hold,Lab,Borough
Heywood and Middleton North,North West,E14001286,11%,46%,6%,0%,29%,0%,0%,8%,Labour,Reform,Likely Labour,17%,Labour hold,Lab,County
Holborn and St Pancras,London,E14001290,8%,59%,6%,7%,5%,0%,0%,15%,Labour,Other,Safe Labour,44%,Labour hold,Lab,Borough
Hornsey and Friern Barnet,London,E14001293,3%,58%,15%,19%,3%,0%,0%,2%,Labour,Greens,Safe Labour,39%,Labour hold,Lab,Borough
Houghton and Sunderland South,North East,E14001295,8%,55%,6%,6%,24%,0%,0%,0%,Labour,Reform,Safe Labour,31%,Labour hold,Lab,County
Hove and Portslade,South East,E14001296,11%,67%,5%,8%,8%,0%,0%,2%,Labour,Conservatives,Safe Labour,56%,Labour hold,Lab,Borough
Huddersfield,Yorkshire and The Humber,E14001297,15%,55%,5%,11%,14%,0%,0%,0%,Labour,Conservatives,Safe Labour,39%,Labour hold,Lab,Borough
Ilford North,London,E14001300,20%,56%,5%,7%,11%,0%,0%,1%,Labour,Conservatives,Safe Labour,36%,Labour hold,Lab,Borough
Ilford South,London,E14001301,9%,49%,7%,12%,12%,0%,0%,10%,Labour,Reform,Safe Labour,37%,Labour hold,Lab,Borough
Islington North,London,E14001305,4%,41%,7%,8%,3%,0%,0%,36%,Labour,Other,Lean Labour,5%,Labour hold,Lab,Borough
Islington South and Finsbury,London,E14001306,4%,59%,11%,17%,6%,0%,0%,3%,Labour,Greens,Safe Labour,43%,Labour hold,Lab,Borough
Jarrow and Gateshead East,North East,E14001307,6%,51%,7%,9%,23%,0%,0%,5%,Labour,Reform,Safe Labour,28%,Labour hold,Lab,Borough
Kensington and Bayswater,London,E14001310,23%,45%,12%,8%,9%,0%,0%,2%,Labour,Conservatives,Likely Labour,22%,Labour hold,Lab,Borough
Kingston upon Hull East,Yorkshire and The Humber,E14001313,7%,50%,10%,6%,27%,0%,0%,0%,Labour,Reform,Likely Labour,23%,Labour hold,Lab,Borough
Kingston upon Hull North and Cottingham,Yorkshire and The Humber,E14001314,9%,50%,12%,7%,20%,0%,0%,2%,Labour,Reform,Safe Labour,30%,Labour hold,Lab,Borough
Knowsley,North West,E14001317,3%,70%,3%,12%,11%,0%,0%,0%,Labour,Greens,Safe Labour,58%,Labour hold,Lab,Borough
Leeds Central and Headingley,Yorkshire and The Humber,E14001319,6%,65%,7%,12%,9%,0%,0%,0%,Labour,Greens,Safe Labour,52%,Labour hold,Lab,Borough
Leeds East,Yorkshire and The Humber,E14001320,13%,49%,4%,6%,23%,0%,0%,5%,Labour,Reform,Safe Labour,26%,Labour hold,Lab,County
Leeds North East,Yorkshire and The Humber,E14001321,11%,61%,7%,11%,9%,0%,0%,1%,Labour,Conservatives,Safe Labour,50%,Labour hold,Lab,Borough
Leeds South,Yorkshire and The Humber,E14001323,8%,65%,7%,11%,0%,0%,0%,9%,Labour,Greens,Safe Labour,55%,Labour hold,Lab,Borough
Leeds West and Pudsey,Yorkshire and The Humber,E14001325,15%,52%,4%,7%,22%,0%,0%,1%,Labour,Reform,Safe Labour,29%,Labour hold,Lab,Borough
Leicester East,East Midlands,E14001326,23%,37%,9%,8%,11%,0%,0%,12%,Labour,Conservatives,Likely Labour,14%,Labour hold,Lab,Borough
Leicester South,East Midlands,E14001327,6%,59%,4%,11%,7%,0%,0%,14%,Labour,Other,Safe Labour,44%,Labour hold,Lab,Borough
Leicester West,East Midlands,E14001328,14%,45%,8%,14%,18%,0%,0%,2%,Labour,Reform,Safe Labour,27%,Labour hold,Lab,Borough
Lewisham East,London,E14001331,7%,62%,8%,14%,9%,0%,0%,0%,Labour,Greens,Safe Labour,48%,Labour hold,Lab,Borough
Lewisham North,London,E14001332,5%,66%,4%,20%,5%,0%,0%,1%,Labour,Greens,Safe Labour,46%,Labour hold,Lab,Borough
Lewisham West and East Dulwich,London,E14001333,8%,62%,4%,13%,5%,0%,0%,8%,Labour,Greens,Safe Labour,49%,Labour hold,Lab,Borough
Leyton and Wanstead,London,E14001334,6%,67%,7%,12%,7%,0%,0%,1%,Labour,Greens,Safe Labour,55%,Labour hold,Lab,Borough
Liverpool Garston,North West,E14001337,7%,59%,6%,10%,9%,0%,0%,8%,Labour,Greens,Safe Labour,48%,Labour hold,Lab,Borough
Liverpool Riverside,North West,E14001338,5%,62%,3%,17%,7%,0%,0%,7%,Labour,Greens,Safe Labour,45%,Labour hold,Lab,Borough
Liverpool Walton,North West,E14001339,4%,74%,4%,9%,9%,0%,0%,1%,Labour,Greens,Safe Labour,65%,Labour hold,Lab,Borough
Liverpool Wavertree,North West,E14001340,4%,66%,7%,16%,7%,0%,0%,0%,Labour,Greens,Safe Labour,50%,Labour hold,Lab,Borough
Liverpool West Derby,North West,E14001341,5%,75%,4%,7%,8%,0%,0%,1%,Labour,Reform,Safe Labour,67%,Labour hold,Lab,Borough
Luton North,East of England,E14001345,13%,45%,8%,8%,21%,0%,0%,5%,Labour,Reform,Likely Labour,24%,Labour hold,Lab,Borough
Luton South and South Bedfordshire,East of England,E14001346,16%,52%,6%,7%,16%,0%,0%,4%,Labour,Reform,Safe Labour,36%,Labour hold,Lab,County
Makerfield,North West,E14001350,8%,53%,6%,5%,26%,0%,0%,2%,Labour,Reform,Safe Labour,27%,Labour hold,Lab,Borough
Manchester Central,North West,E14001352,4%,60%,6%,11%,12%,0%,0%,6%,Labour,Reform,Safe Labour,48%,Labour hold,Lab,Borough
Manchester Rusholme,North West,E14001353,7%,54%,0%,26%,7%,0%,0%,7%,Labour,Greens,Safe Labour,27%,Labour hold,Lab,Borough
Manchester Withington,North West,E14001354,4%,68%,9%,12%,5%,0%,0%,1%,Labour,Greens,Safe Labour,56%,Labour hold,Lab,Borough
Middlesbrough and Thornaby East,North East,E14001367,4%,48%,8%,9%,25%,0%,0%,7%,Labour,Reform,Likely Labour,23%,Labour hold,Lab,Borough
Mitcham and Morden,London,E14001371,9%,61%,6%,10%,13%,0%,0%,2%,Labour,Reform,Safe Labour,48%,Labour hold,Lab,Borough
Newcastle upon Tyne Central and West,North East,E14001377,6%,58%,6%,9%,18%,0%,0%,3%,Labour,Reform,Safe Labour,41%,Labour hold,Lab,Borough
Newcastle upon Tyne East and Wallsend,North East,E14001378,4%,53%,9%,12%,17%,0%,0%,6%,Labour,Reform,Safe Labour,36%,Labour hold,Lab,Borough
Newcastle upon Tyne North,North East,E14001379,12%,60%,10%,7%,11%,0%,0%,0%,Labour,Conservatives,Safe Labour,48%,Labour hold,Lab,Borough
Normanton and Hemsworth,Yorkshire and The Humber,E14001383,8%,52%,8%,5%,26%,0%,0%,0%,Labour,Reform,Safe Labour,26%,Labour hold,Lab,County
North Durham,North East,E14001389,10%,51%,8%,5%,24%,0%,0%,2%,Labour,Reform,Safe Labour,28%,Labour hold,Lab,County
Norwich South,East of England,E14001409,10%,55%,7%,13%,14%,0%,0%,1%,Labour,Reform,Safe Labour,41%,Labour hold,Lab,Borough
Nottingham East,East Midlands,E14001410,6%,64%,6%,12%,11%,0%,0%,1%,Labour,Greens,Safe Labour,51%,Labour hold,Lab,Borough
Nottingham North and Kimberley,East Midlands,E14001411,17%,51%,6%,8%,19%,0%,0%,0%,Labour,Reform,Safe Labour,32%,Labour hold,Lab,Borough
Nottingham South,East Midlands,E14001412,9%,51%,7%,12%,17%,0%,0%,4%,Labour,Reform,Safe Labour,33%,Labour hold,Lab,Borough
Oldham East and Saddleworth,North West,E14001415,15%,43%,6%,6%,22%,0%,0%,7%,Labour,Reform,Likely Labour,21%,Labour hold,Lab,County
"Oldham West, Chadderton and Royton",North West,E14001416,8%,49%,4%,6%,18%,0%,0%,15%,Labour,Reform,Safe Labour,31%,Labour hold,Lab,Borough
Oxford East,South East,E14001419,7%,57%,13%,11%,0%,0%,0%,12%,Labour,Lib Dems,Safe Labour,44%,Labour hold,Lab,Borough
Peckham,London,E14001421,3%,64%,8%,17%,7%,0%,0%,1%,Labour,Greens,Safe Labour,46%,Labour hold,Lab,Borough
Plymouth Sutton and Devonport,South West,E14001427,12%,59%,5%,8%,16%,0%,0%,0%,Labour,Reform,Safe Labour,42%,Labour hold,Lab,Borough
"Pontefract, Castleford and Knottingley",Yorkshire and The Humber,E14001428,8%,48%,8%,4%,32%,0%,0%,0%,Labour,Reform,Likely Labour,16%,Labour hold,Lab,County
Poplar and Limehouse,London,E14001430,6%,61%,10%,12%,6%,0%,0%,5%,Labour,Greens,Safe Labour,49%,Labour hold,Lab,Borough
Portsmouth South,South East,E14001432,13%,57%,8%,5%,16%,0%,0%,1%,Labour,Reform,Safe Labour,41%,Labour hold,Lab,Borough
Preston,North West,E14001433,8%,52%,8%,7%,17%,0%,0%,8%,Labour,Reform,Safe Labour,35%,Labour hold,Lab,Borough
Putney,London,E14001434,18%,53%,12%,7%,10%,0%,0%,0%,Labour,Conservatives,Safe Labour,34%,Labour hold,Lab,Borough
Queen's Park and Maida Vale,London,E14001435,6%,58%,13%,11%,9%,0%,0%,3%,Labour,Lib Dems,Safe Labour,44%,Labour hold,Lab,Borough
Rawmarsh and Conisbrough,Yorkshire and The Humber,E14001436,9%,53%,4%,5%,27%,0%,0%,1%,Labour,Reform,Safe Labour,26%,Labour hold,Lab,County
Reading Central,South East,E14001438,18%,49%,7%,13%,11%,0%,0%,0%,Labour,Conservatives,Safe Labour,31%,Labour hold,Lab,Borough
Rochdale,North West,E14001446,15%,49%,8%,7%,14%,0%,0%,7%,Labour,Conservatives,Safe Labour,34%,Labour hold,Lab,County
Rotherham,Yorkshire and The Humber,E14001452,0%,55%,11%,7%,27%,0%,0%,1%,Labour,Reform,Safe Labour,28%,Labour hold,Lab,Borough
Runcorn and Helsby,North West,E14001455,12%,55%,5%,7%,20%,0%,0%,1%,Labour,Reform,Safe Labour,35%,Labour hold,Lab,County
Salford,North West,E14001459,3%,61%,7%,11%,16%,0%,0%,2%,Labour,Reform,Safe Labour,45%,Labour hold,Lab,Borough
Sefton Central,North West,E14001463,15%,61%,5%,6%,13%,0%,0%,0%,Labour,Conservatives,Safe Labour,46%,Labour hold,Lab,County
Sheffield Brightside and Hillsborough,Yorkshire and The Humber,E14001466,11%,64%,9%,14%,0%,0%,0%,2%,Labour,Greens,Safe Labour,50%,Labour hold,Lab,Borough
Sheffield Central,Yorkshire and The Humber,E14001467,7%,58%,7%,20%,0%,0%,0%,8%,Labour,Greens,Safe Labour,39%,Labour hold,Lab,Borough
Sheffield Hallam,Yorkshire and The Humber,E14001468,11%,43%,37%,6%,0%,0%,0%,3%,Labour,Lib Dems,Lean Labour,6%,Labour hold,Lab,County
Sheffield Heeley,Yorkshire and The Humber,E14001469,10%,63%,8%,11%,0%,0%,0%,9%,Labour,Greens,Safe Labour,52%,Labour hold,Lab,Borough
Sheffield South East,Yorkshire and The Humber,E14001470,17%,56%,12%,5%,0%,0%,0%,11%,Labour,Conservatives,Safe Labour,38%,Labour hold,Lab,Borough
Slough,South East,E14001477,13%,53%,9%,10%,11%,0%,0%,4%,Labour,Conservatives,Safe Labour,40%,Labour hold,Lab,Borough
Smethwick,West Midlands,E14001478,10%,44%,7%,12%,17%,0%,0%,10%,Labour,Reform,Safe Labour,27%,Labour hold,Lab,Borough
South Shields,North East,E14001492,5%,53%,5%,9%,20%,0%,0%,8%,Labour,Reform,Safe Labour,32%,Labour hold,Lab,Borough
Southampton Test,South East,E14001500,13%,54%,7%,9%,16%,0%,0%,2%,Labour,Reform,Safe Labour,38%,Labour hold,Lab,Borough
Southgate and Wood Green,London,E14001503,13%,56%,8%,11%,11%,0%,0%,1%,Labour,Conservatives,Safe Labour,43%,Labour hold,Lab,Borough
St Helens North,North West,E14001509,6%,56%,7%,9%,21%,0%,0%,2%,Labour,Reform,Safe Labour,35%,Labour hold,Lab,County
St Helens South and Whiston,North West,E14001510,3%,54%,7%,11%,18%,0%,0%,6%,Labour,Reform,Safe Labour,36%,Labour hold,Lab,Borough
Stalybridge and Hyde,North West,E14001515,13%,58%,5%,5%,18%,0%,0%,1%,Labour,Reform,Safe Labour,39%,Labour hold,Lab,County
Stockport,North West,E14001517,10%,59%,6%,11%,13%,0%,0%,0%,Labour,Reform,Safe Labour,46%,Labour hold,Lab,Borough
Stockton North,North East,E14001518,13%,52%,7%,5%,23%,0%,0%,0%,Labour,Reform,Safe Labour,30%,Labour hold,Lab,County
Stratford and Bow,London,E14001525,4%,64%,7%,15%,7%,0%,0%,3%,Labour,Greens,Safe Labour,49%,Labour hold,Lab,Borough
Streatham and Croydon North,London,E14001527,7%,58%,13%,14%,6%,0%,0%,2%,Labour,Greens,Safe Labour,44%,Labour hold,Lab,Borough
Stretford and Urmston,North West,E14001528,8%,59%,6%,8%,14%,0%,0%,5%,Labour,Reform,Safe Labour,45%,Labour hold,Lab,Borough
Sunderland Central,North East,E14001531,14%,43%,13%,10%,19%,0%,0%,0%,Labour,Reform,Likely Labour,24%,Labour hold,Lab,Borough
Tooting,London,E14001550,12%,61%,8%,10%,8%,0%,0%,1%,Labour,Conservatives,Safe Labour,49%,Labour hold,Lab,Borough
Tottenham,London,E14001553,7%,60%,6%,14%,5%,0%,0%,7%,Labour,Greens,Safe Labour,46%,Labour hold,Lab,Borough
Tynemouth,North East,E14001557,18%,53%,5%,9%,14%,0%,0%,0%,Labour,Conservatives,Safe Labour,35%,Labour hold,Lab,Borough
Vauxhall and Camberwell Green,London,E14001559,3%,60%,9%,19%,6%,0%,0%,2%,Labour,Greens,Safe Labour,40%,Labour hold,Lab,Borough
Wallasey,North West,E14001561,7%,58%,4%,12%,15%,0%,0%,4%,Labour,Reform,Safe Labour,44%,Labour hold,Lab,Borough
Walthamstow,London,E14001563,4%,72%,3%,14%,6%,0%,0%,1%,Labour,Greens,Safe Labour,58%,Labour hold,Lab,Borough
Warrington North,North West,E14001564,13%,47%,6%,8%,24%,0%,0%,2%,Labour,Reform,Likely Labour,23%,Labour hold,Lab,County
Warrington South,North West,E14001565,20%,49%,8%,5%,18%,0%,0%,1%,Labour,Conservatives,Safe Labour,29%,Labour hold,Lab,County
Warwick and Leamington,West Midlands,E14001566,20%,53%,6%,9%,11%,0%,0%,1%,Labour,Conservatives,Safe Labour,32%,Labour hold,Lab,Borough
Washington and Gateshead South,North East,E14001567,9%,54%,5%,6%,25%,0%,0%,2%,Labour,Reform,Safe Labour,29%,Labour hold,Lab,Borough
West Ham and Beckton,London,E14001576,7%,61%,9%,11%,10%,0%,0%,1%,Labour,Greens,Safe Labour,50%,Labour hold,Lab,Borough
West Lancashire,North West,E14001577,12%,56%,5%,7%,20%,0%,0%,0%,Labour,Reform,Safe Labour,36%,Labour hold,Lab,County
Widnes and Halewood,North West,E14001584,8%,70%,3%,7%,10%,0%,0%,1%,Labour,Reform,Safe Labour,60%,Labour hold,Lab,County
Wigan,North West,E14001585,8%,50%,8%,9%,21%,0%,0%,4%,Labour,Reform,Safe Labour,29%,Labour hold,Lab,County
Wirral West,North West,E14001589,24%,49%,6%,6%,15%,0%,0%,0%,Labour,Conservatives,Likely Labour,25%,Labour hold,Lab,County
Wolverhampton South East,West Midlands,E14001595,14%,52%,6%,6%,21%,0%,0%,0%,Labour,Reform,Safe Labour,31%,Labour hold,Lab,Borough
Worsley and Eccles,North West,E14001598,12%,51%,6%,8%,23%,0%,0%,1%,Labour,Reform,Safe Labour,28%,Labour hold,Lab,County
Wythenshawe and Sale East,North West,E14001602,10%,53%,9%,10%,18%,0%,0%,1%,Labour,Reform,Safe Labour,35%,Labour hold,Lab,Borough
York Central,Yorkshire and The Humber,E14001604,8%,68%,6%,7%,10%,0%,0%,0%,Labour,Reform,Safe Labour,58%,Labour hold,Lab,Borough
Edinburgh South,Scotland,S14000080,5%,63%,5%,6%,6%,0%,15%,0%,Labour,SNP,Safe Labour,48%,Labour hold,Lab,Borough
Aberafan Maesteg,Wales,W07000081,6%,45%,5%,5%,22%,14%,0%,3%,Labour,Reform,Likely Labour,22%,Labour hold,Lab,County
Alyn and Deeside,Wales,W07000082,16%,41%,7%,5%,21%,8%,0%,2%,Labour,Reform,Likely Labour,20%,Labour hold,Lab,County
Blaenau Gwent and Rhymney,Wales,W07000084,3%,51%,5%,7%,0%,16%,0%,19%,Labour,Other,Safe Labour,33%,Labour hold,Lab,County
Caerphilly,Wales,W07000088,10%,37%,3%,6%,20%,19%,0%,5%,Labour,Reform,Likely Labour,17%,Labour hold,Lab,County
Cardiff East,Wales,W07000089,8%,51%,14%,7%,11%,7%,0%,3%,Labour,Lib Dems,Safe Labour,36%,Labour hold,Lab,Borough
Cardiff North,Wales,W07000090,18%,56%,5%,4%,12%,5%,0%,0%,Labour,Conservatives,Safe Labour,37%,Labour hold,Lab,Borough
Cardiff South and Penarth,Wales,W07000091,12%,59%,5%,7%,11%,5%,0%,1%,Labour,Conservatives,Safe Labour,47%,Labour hold,Lab,County
Cardiff West,Wales,W07000092,15%,46%,6%,9%,12%,10%,0%,1%,Labour,Conservatives,Safe Labour,31%,Labour hold,Lab,Borough
Gower,Wales,W07000097,19%,38%,8%,5%,21%,7%,0%,1%,Labour,Reform,Likely Labour,17%,Labour hold,Lab,County
Llanelli,Wales,W07000098,10%,30%,4%,6%,22%,23%,0%,5%,Labour,Plaid,Lean Labour,7%,Labour hold,Lab,County
Merthyr Tydfil and Aberdare,Wales,W07000099,4%,37%,5%,6%,20%,17%,0%,10%,Labour,Reform,Likely Labour,18%,Labour hold,Lab,County
Neath and Swansea East,Wales,W07000103,8%,48%,6%,5%,20%,13%,0%,0%,Labour,Reform,Safe Labour,28%,Labour hold,Lab,County
Newport East,Wales,W07000104,13%,37%,7%,10%,19%,9%,0%,4%,Labour,Reform,Likely Labour,18%,Labour hold,Lab,Borough
Newport West and Islwyn,Wales,W07000105,14%,39%,7%,5%,23%,9%,0%,4%,Labour,Reform,Likely Labour,16%,Labour hold,Lab,County
Pontypridd,Wales,W07000106,9%,41%,6%,5%,19%,15%,0%,5%,Labour,Reform,Likely Labour,22%,Labour hold,Lab,County
Rhondda and Ogmore,Wales,W07000107,6%,51%,4%,5%,17%,16%,0%,0%,Labour,Reform,Safe Labour,35%,Labour hold,Lab,County
Swansea West,Wales,W07000108,9%,43%,8%,5%,17%,10%,0%,7%,Labour,Reform,Safe Labour,26%,Labour hold,Lab,County
Torfaen,Wales,W07000109,10%,45%,7%,5%,21%,9%,0%,3%,Labour,Reform,Likely Labour,24%,Labour hold,Lab,County
Bicester and Woodstock,South East,E14001090,29%,16%,33%,4%,17%,0%,0%,0%,Lib Dems,Conservatives,Tossup,4%,Lib Dem gain from Conservatives,Con,County
Carshalton and Wallington,London,E14001153,18%,8%,57%,4%,11%,0%,0%,2%,Lib Dems,Conservatives,Safe Lib Dems,39%,Lib Dem gain from Conservatives,Con,Borough
Cheadle,North West,E14001158,24%,10%,52%,3%,11%,0%,0%,1%,Lib Dems,Conservatives,Safe Lib Dems,28%,Lib Dem gain from Conservatives,Con,Borough
Chelmsford,East of England,E14001159,25%,13%,44%,3%,14%,0%,0%,1%,Lib Dems,Conservatives,Likely Lib Dems,18%,Lib Dem gain from Conservatives,Con,Borough
Cheltenham,South West,E14001161,29%,7%,58%,4%,0%,0%,0%,1%,Lib Dems,Conservatives,Safe Lib Dems,29%,Lib Dem gain from Conservatives,Con,Borough
Chesham and Amersham,South East,E14001162,33%,12%,40%,5%,10%,0%,0%,1%,Lib Dems,Conservatives,Lean Lib Dems,7%,Lib Dem gain from Conservatives,Con,County
Chichester,South East,E14001166,27%,11%,39%,4%,20%,0%,0%,1%,Lib Dems,Conservatives,Likely Lib Dems,12%,Lib Dem gain from Conservatives,Con,County
Chippenham,South West,E14001168,25%,8%,47%,3%,14%,0%,0%,1%,Lib Dems,Conservatives,Likely Lib Dems,22%,Lib Dem gain from Conservatives,Con,County
Didcot and Wantage,South East,E14001197,23%,16%,43%,4%,15%,0%,0%,0%,Lib Dems,Conservatives,Likely Lib Dems,19%,Lib Dem gain from Conservatives,Con,County
Dorking and Horley,South East,E14001201,25%,10%,46%,6%,13%,0%,0%,0%,Lib Dems,Conservatives,Likely Lib Dems,21%,Lib Dem gain from Conservatives,Con,County
East Hampshire,South East,E14001214,32%,11%,32%,5%,19%,0%,0%,0%,Lib Dems,Conservatives,Tossup,0%,Lib Dem gain from Conservatives,Con,County
Eastbourne,South East,E14001219,18%,7%,54%,3%,17%,0%,0%,2%,Lib Dems,Conservatives,Safe Lib Dems,36%,Lib Dem gain from Conservatives,Con,Borough
Eastleigh,South East,E14001220,29%,14%,34%,5%,16%,0%,0%,1%,Lib Dems,Conservatives,Tossup,5%,Lib Dem gain from Conservatives,Con,Borough
Ely and East Cambridgeshire,East of England,E14001224,30%,18%,31%,3%,17%,0%,0%,1%,Lib Dems,Conservatives,Tossup,1%,Lib Dem gain from Conservatives,Con,County
Esher and Walton,South East,E14001230,23%,6%,59%,2%,10%,0%,0%,0%,Lib Dems,Conservatives,Safe Lib Dems,36%,Lib Dem gain from Conservatives,Con,Borough
Frome and East Somerset,South West,E14001241,24%,15%,38%,8%,15%,0%,0%,0%,Lib Dems,Conservatives,Likely Lib Dems,14%,Lib Dem gain from Conservatives,Con,County
Glastonbury and Somerton,South West,E14001247,26%,9%,39%,3%,23%,0%,0%,0%,Lib Dems,Conservatives,Likely Lib Dems,12%,Lib Dem gain from Conservatives,Con,County
Godalming and Ash,South East,E14001249,29%,8%,46%,3%,13%,0%,0%,0%,Lib Dems,Conservatives,Likely Lib Dems,17%,Lib Dem gain from Conservatives,Con,County
Guildford,South East,E14001258,22%,11%,50%,2%,12%,0%,0%,2%,Lib Dems,Conservatives,Safe Lib Dems,28%,Lib Dem gain from Conservatives,Con,County
Harpenden and Berkhamsted,East of England,E14001268,33%,13%,39%,3%,12%,0%,0%,0%,Lib Dems,Conservatives,Lean Lib Dems,6%,Lib Dem gain from Conservatives,Con,County
Harrogate and Knaresborough,Yorkshire and The Humber,E14001269,27%,10%,45%,2%,15%,0%,0%,1%,Lib Dems,Conservatives,Likely Lib Dems,18%,Lib Dem gain from Conservatives,Con,County
Hazel Grove,North West,E14001277,22%,14%,50%,3%,12%,0%,0%,0%,Lib Dems,Conservatives,Safe Lib Dems,28%,Lib Dem gain from Conservatives,Con,County
Henley and Thame,South East,E14001280,32%,8%,47%,3%,9%,0%,0%,1%,Lib Dems,Conservatives,Likely Lib Dems,14%,Lib Dem gain from Conservatives,Con,County
Honiton and Sidmouth,South West,E14001291,30%,13%,38%,3%,15%,0%,0%,0%,Lib Dems,Conservatives,Lean Lib Dems,8%,Lib Dem gain from Conservatives,Con,County
Lewes,South East,E14001330,22%,8%,51%,4%,15%,0%,0%,0%,Lib Dems,Conservatives,Safe Lib Dems,29%,Lib Dem gain from Conservatives,Con,County
Maidenhead,South East,E14001348,32%,15%,40%,6%,0%,0%,0%,7%,Lib Dems,Conservatives,Lean Lib Dems,8%,Lib Dem gain from Conservatives,Con,County
Mid Dorset and North Poole,South West,E14001363,39%,12%,45%,4%,0%,0%,0%,0%,Lib Dems,Conservatives,Lean Lib Dems,6%,Lib Dem gain from Conservatives,Con,County
Mid Sussex,South East,E14001366,28%,17%,36%,5%,15%,0%,0%,0%,Lib Dems,Conservatives,Lean Lib Dems,8%,Lib Dem gain from Conservatives,Con,County
Newbury,South East,E14001376,32%,10%,37%,6%,14%,0%,0%,1%,Lib Dems,Conservatives,Lean Lib Dems,5%,Lib Dem gain from Conservatives,Con,County
North Cornwall,South West,E14001385,29%,9%,45%,2%,14%,0%,0%,1%,Lib Dems,Conservatives,Likely Lib Dems,16%,Lib Dem gain from Conservatives,Con,County
North Devon,South West,E14001387,29%,9%,42%,4%,15%,0%,0%,1%,Lib Dems,Conservatives,Likely Lib Dems,13%,Lib Dem gain from Conservatives,Con,County
North Norfolk,East of England,E14001396,32%,8%,44%,2%,15%,0%,0%,0%,Lib Dems,Conservatives,Likely Lib Dems,12%,Lib Dem gain from Conservatives,Con,County
North Shropshire,West Midlands,E14001398,20%,13%,48%,3%,15%,0%,0%,1%,Lib Dems,Conservatives,Safe Lib Dems,28%,Lib Dem gain from Conservatives,Con,Borough
Romsey and Southampton North,South East,E14001449,36%,12%,38%,3%,11%,0%,0%,1%,Lib Dems,Conservatives,Tossup,2%,Lib Dem gain from Conservatives,Con,County
South Cambridgeshire,East of England,E14001481,24%,12%,46%,5%,12%,0%,0%,1%,Lib Dems,Conservatives,Likely Lib Dems,22%,Lib Dem gain from Conservatives,Con,County
South Cotswolds,South West,E14001482,27%,9%,43%,4%,16%,0%,0%,0%,Lib Dems,Conservatives,Likely Lib Dems,16%,Lib Dem gain from Conservatives,Con,County
South Devon,South West,E14001484,32%,13%,35%,3%,16%,0%,0%,1%,Lib Dems,Conservatives,Tossup,3%,Lib Dem gain from Conservatives,Con,County
St Ives,South West,E14001511,22%,9%,53%,3%,12%,0%,0%,1%,Lib Dems,Conservatives,Safe Lib Dems,31%,Lib Dem gain from Conservatives,Con,County
St Neots and Mid Cambridgeshire,East of England,E14001512,30%,17%,33%,5%,14%,0%,0%,2%,Lib Dems,Conservatives,Tossup,3%,Lib Dem gain from Conservatives,Con,County
Stratford-on-Avon,West Midlands,E14001526,33%,11%,36%,4%,15%,0%,0%,0%,Lib Dems,Conservatives,Tossup,3%,Lib Dem gain from Conservatives,Con,Borough
Surrey Heath,South East,E14001532,30%,8%,42%,4%,15%,0%,0%,1%,Lib Dems,Conservatives,Likely Lib Dems,12%,Lib Dem gain from Conservatives,Con,County
Sutton and Cheam,London,E14001534,30%,14%,39%,4%,12%,0%,0%,1%,Lib Dems,Conservatives,Lean Lib Dems,9%,Lib Dem gain from Conservatives,Con,Borough
Taunton and Wellington,South West,E14001540,23%,8%,48%,3%,17%,0%,0%,1%,Lib Dems,Conservatives,Likely Lib Dems,25%,Lib Dem gain from Conservatives,Con,County
Thornbury and Yate,South West,E14001545,31%,12%,39%,3%,15%,0%,0%,0%,Lib Dems,Conservatives,Lean Lib Dems,8%,Lib Dem gain from Conservatives,Con,County
Tiverton and Minehead,South West,E14001548,30%,12%,35%,4%,19%,0%,0%,0%,Lib Dems,Conservatives,Lean Lib Dems,5%,Lib Dem gain from Conservatives,Con,County
Torbay,South West,E14001551,26%,10%,42%,3%,18%,0%,0%,1%,Lib Dems,Conservatives,Likely Lib Dems,15%,Lib Dem gain from Conservatives,Con,Borough
Tunbridge Wells,South East,E14001555,31%,14%,40%,3%,12%,0%,0%,1%,Lib Dems,Conservatives,Lean Lib Dems,9%,Lib Dem gain from Conservatives,Con,County
Wells and Mendip Hills,South West,E14001572,26%,8%,47%,2%,13%,0%,0%,2%,Lib Dems,Conservatives,Likely Lib Dems,21%,Lib Dem gain from Conservatives,Con,County
West Dorset,South West,E14001575,33%,9%,53%,4%,0%,0%,0%,1%,Lib Dems,Conservatives,Likely Lib Dems,20%,Lib Dem gain from Conservatives,Con,County
Westmorland and Lonsdale,North West,E14001580,20%,6%,57%,2%,14%,0%,0%,1%,Lib Dems,Conservatives,Safe Lib Dems,36%,Lib Dem gain from Conservatives,Con,County
Wimbledon,London,E14001586,23%,13%,52%,4%,7%,0%,0%,1%,Lib Dems,Conservatives,Safe Lib Dems,29%,Lib Dem gain from Conservatives,Con,Borough
Winchester,South East,E14001587,29%,7%,51%,2%,10%,0%,0%,1%,Lib Dems,Conservatives,Likely Lib Dems,23%,Lib Dem gain from Conservatives,Con,County
Witney,South East,E14001591,31%,16%,38%,2%,13%,0%,0%,1%,Lib Dems,Conservatives,Lean Lib Dems,7%,Lib Dem gain from Conservatives,Con,County
Woking,South East,E14001592,25%,13%,48%,5%,8%,0%,0%,1%,Lib Dems,Conservatives,Likely Lib Dems,23%,Lib Dem gain from Conservatives,Con,Borough
Wokingham,South East,E14001593,31%,10%,46%,3%,10%,0%,0%,0%,Lib Dems,Conservatives,Likely Lib Dems,15%,Lib Dem gain from Conservatives,Con,County
Yeovil,South West,E14001603,27%,8%,48%,4%,12%,0%,0%,1%,Lib Dems,Conservatives,Likely Lib Dems,21%,Lib Dem gain from Conservatives,Con,County
"Brecon, Radnor and Cwm Tawe",Wales,W07000085,28%,18%,33%,3%,14%,4%,0%,1%,Lib Dems,Conservatives,Tossup,5%,Lib Dem gain from Conservatives,Con,County
"Caithness, Sutherland and Easter Ross",Scotland,S14000069,9%,12%,29%,8%,8%,0%,29%,4%,Lib Dems,SNP,Tossup,0%,Lib Dem gain from SNP,SNP,County
Mid Dunbartonshire,Scotland,S14000097,9%,21%,29%,5%,7%,0%,28%,1%,Lib Dems,SNP,Tossup,1%,Lib Dem gain from SNP,SNP,County
North East Fife,Scotland,S14000100,6%,10%,44%,4%,7%,0%,29%,0%,Lib Dems,SNP,Likely Lib Dems,15%,Lib Dem gain from SNP,SNP,County
Bath,South West,E14001080,14%,12%,53%,9%,9%,0%,0%,4%,Lib Dems,Conservatives,Safe Lib Dems,39%,Lib Dem hold,Lib Dem,County
Kingston and Surbiton,London,E14001312,10%,8%,57%,6%,11%,0%,0%,7%,Lib Dems,Reform,Safe Lib Dems,47%,Lib Dem hold,Lib Dem,Borough
Oxford West and Abingdon,South East,E14001420,12%,9%,61%,4%,10%,0%,0%,5%,Lib Dems,Conservatives,Safe Lib Dems,49%,Lib Dem hold,Lib Dem,County
Richmond Park,London,E14001445,17%,6%,64%,4%,7%,0%,0%,3%,Lib Dems,Conservatives,Safe Lib Dems,47%,Lib Dem hold,Lib Dem,Borough
St Albans,East of England,E14001507,14%,7%,62%,4%,9%,0%,0%,3%,Lib Dems,Conservatives,Safe Lib Dems,48%,Lib Dem hold,Lib Dem,County
Twickenham,London,E14001556,13%,8%,63%,4%,8%,0%,0%,3%,Lib Dems,Conservatives,Safe Lib Dems,49%,Lib Dem hold,Lib Dem,Borough
Orkney and Shetland,Scotland,S14000051,5%,8%,38%,16%,11%,0%,23%,0%,Lib Dems,SNP,Likely Lib Dems,14%,Lib Dem hold,Lib Dem,County
Caerfyrddin,Wales,W07000087,23%,26%,3%,4%,13%,32%,0%,0%,Plaid,Labour,Lean Plaid,6%,Plaid gain from Conservatives,Con,County
Ynys Mon,Wales,W07000112,21%,27%,3%,4%,14%,31%,0%,0%,Plaid,Labour,Tossup,4%,Plaid gain from Conservatives,Con,County
Ceredigion Preseli,Wales,W07000093,14%,14%,13%,5%,14%,36%,0%,3%,Plaid,Conservatives,Likely Plaid,22%,Plaid hold,PC,County
Dwyfor Meirionnydd,Wales,W07000096,12%,15%,4%,4%,15%,47%,0%,3%,Plaid,Labour,Safe Plaid,32%,Plaid hold,PC,County
Ashfield,East Midlands,E14001068,15%,29%,4%,4%,32%,0%,0%,16%,Reform,Labour,Tossup,3%,Reform gain from Conservatives,Con,County
Basildon and Billericay,East of England,E14001077,26%,28%,11%,5%,30%,0%,0%,1%,Reform,Labour,Tossup,1%,Reform gain from Conservatives,Con,Borough
Clacton,East of England,E14001174,25%,18%,6%,5%,45%,0%,0%,1%,Reform,Conservatives,Likely Reform,20%,Reform gain from Conservatives,Con,County
Great Yarmouth,East of England,E14001256,24%,31%,5%,3%,36%,0%,0%,0%,Reform,Labour,Tossup,5%,Reform gain from Conservatives,Con,County
Louth and Horncastle,East Midlands,E14001343,33%,24%,4%,3%,35%,0%,0%,1%,Reform,Conservatives,Tossup,2%,Reform gain from Conservatives,Con,County
West Aberdeenshire and Kincardine,Scotland,S14000058,32%,13%,6%,1%,11%,0%,36%,1%,SNP,Conservatives,Tossup,4%,SNP gain from Conservatives,Con,County
Edinburgh West,Scotland,S14000082,4%,13%,25%,6%,10%,0%,34%,8%,SNP,Lib Dems,Lean SNP,9%,SNP gain from Lib Dems,Lib Dem,Borough
"Ayr, Carrick and Cumnock",Scotland,S14000006,19%,29%,3%,2%,8%,0%,36%,2%,SNP,Labour,Lean SNP,6%,SNP hold,SNP,County
East Renfrewshire,Scotland,S14000021,11%,35%,4%,1%,7%,0%,37%,4%,SNP,Labour,Tossup,2%,SNP hold,SNP,County
Kilmarnock and Loudoun,Scotland,S14000040,10%,36%,4%,2%,10%,0%,38%,1%,SNP,Labour,Tossup,1%,SNP hold,SNP,County
North Ayrshire and Arran,Scotland,S14000048,8%,29%,3%,4%,8%,0%,40%,7%,SNP,Labour,Likely SNP,11%,SNP hold,SNP,County
Aberdeen North,Scotland,S14000060,7%,26%,6%,4%,8%,0%,39%,11%,SNP,Labour,Likely SNP,13%,SNP hold,SNP,Borough
Aberdeen South,Scotland,S14000061,19%,24%,8%,3%,7%,0%,37%,3%,SNP,Labour,Likely SNP,13%,SNP hold,SNP,Borough
Angus and Perthshire Glens,Scotland,S14000065,25%,17%,3%,0%,8%,0%,44%,3%,SNP,Conservatives,Likely SNP,19%,SNP hold,SNP,County
Arbroath and Broughty Ferry,Scotland,S14000066,8%,27%,4%,0%,9%,0%,41%,12%,SNP,Labour,Likely SNP,14%,SNP hold,SNP,County
"Argyll, Bute and South Lochaber",Scotland,S14000067,21%,21%,9%,0%,8%,0%,37%,4%,SNP,Labour,Likely SNP,16%,SNP hold,SNP,County
Dundee Central,Scotland,S14000075,6%,36%,5%,0%,7%,0%,40%,7%,SNP,Labour,Tossup,3%,SNP hold,SNP,Borough
Edinburgh East and Musselburgh,Scotland,S14000078,5%,33%,5%,8%,6%,0%,37%,6%,SNP,Labour,Tossup,3%,SNP hold,SNP,Borough
Edinburgh North and Leith,Scotland,S14000079,7%,36%,8%,5%,5%,0%,36%,3%,SNP,Labour,Tossup,0%,SNP hold,SNP,Borough
Edinburgh South West,Scotland,S14000081,6%,33%,5%,3%,6%,0%,39%,8%,SNP,Labour,Lean SNP,6%,SNP hold,SNP,Borough
Falkirk,Scotland,S14000083,6%,33%,4%,2%,10%,0%,38%,7%,SNP,Labour,Tossup,4%,SNP hold,SNP,County
"Inverness, Skye and West Ross-shire",Scotland,S14000094,5%,24%,11%,3%,8%,0%,39%,10%,SNP,Labour,Likely SNP,15%,SNP hold,SNP,County
"Moray West, Nairn and Strathspey",Scotland,S14000098,27%,20%,4%,2%,7%,0%,39%,1%,SNP,Conservatives,Likely SNP,11%,SNP hold,SNP,County
Perth and Kinross-shire,Scotland,S14000103,26%,20%,5%,0%,7%,0%,41%,1%,SNP,Conservatives,Likely SNP,15%,SNP hold,SNP,County
Stirling and Strathallan,Scotland,S14000105,16%,27%,4%,3%,7%,0%,43%,0%,SNP,Labour,Likely SNP,15%,SNP hold,SNP,County